CreditScore,Gender,Age,Tenure,Balance,NumOfProducts,HasCrCard,IsActiveMember,EstimatedSalary,Exited,Geography_Germany,Geography_Spain,AgeGroup,CLV,ChurnProbability,ChurnRishkFlag,CustomerId
619,0,42,2,0.0,1,1,1,101348.88,1,False,False,Middle,20269.776,0.3723224943791748,0,15634602
608,0,41,1,83807.86,1,0,1,112542.58,0,False,True,Middle,95062.118,0.44844125321773365,0,15647311
502,0,42,8,159660.8,3,1,0,113931.57,1,False,False,Middle,250806.05599999998,0.6596817350450088,1,15619304
699,0,39,1,0.0,2,0,0,93826.63,0,False,False,Middle,9382.663,0.5162455132262741,1,15701354
850,0,43,2,125510.82,1,1,1,79084.1,0,False,True,Middle,141327.64,0.4622335466636207,0,15737888
645,1,44,8,113755.78,2,1,0,149756.71,1,False,True,Middle,233561.148,0.56771328954811,1,15574012
822,1,50,7,0.0,2,1,1,10062.8,0,False,False,Senior,7043.959999999999,0.3041206215668229,0,15592531
376,0,29,4,115046.74,4,1,0,119346.88,1,True,False,Young,162785.49200000003,0.5870597361823493,1,15656148
501,1,44,4,142051.07,2,0,1,74940.5,0,False,False,Middle,172027.27000000002,0.37046787037764817,0,15792365
684,1,27,2,134603.88,1,1,1,71725.73,0,False,False,Young,148949.026,0.13023160480325782,0,15592389
528,1,31,6,102016.72,2,0,0,80181.12,0,False,False,Middle,150125.392,0.3143050336074404,0,15767821
497,1,24,3,0.0,2,1,0,76390.01,0,False,True,Young,22917.002999999997,0.18999860840594124,0,15737173
476,0,34,10,0.0,2,1,0,26260.98,0,False,False,Middle,26260.98,0.39709288901098194,0,15632264
549,0,25,5,0.0,2,0,0,190857.79,0,False,False,Young,95428.89500000002,0.2819338240637084,0,15691483
635,0,35,7,0.0,2,1,1,65951.65,0,False,True,Middle,46166.155,0.2407756091062902,0,15600882
616,1,45,3,143129.41,2,0,1,64327.26,0,True,False,Middle,162427.588,0.5643680923761818,1,15643966
653,1,58,1,132602.88,1,1,0,5097.67,1,True,False,Senior,133112.647,0.9045819729600997,1,15737452
549,0,24,9,0.0,2,1,1,14406.41,0,False,True,Young,12965.769,0.11582716178222512,0,15788218
587,1,45,6,0.0,1,0,0,158684.81,0,False,True,Middle,95210.886,0.5550190714872225,1,15661507
726,0,24,6,0.0,2,1,1,54724.03,0,False,False,Young,32834.418,0.1035545095768,0,15568982
732,1,41,8,0.0,2,1,1,170886.17,0,False,False,Middle,136708.93600000002,0.20726958345140853,0,15577657
636,0,32,8,0.0,2,1,0,138555.46,0,False,True,Middle,110844.368,0.39696099969155235,0,15597945
510,0,38,4,0.0,1,1,0,118913.53,1,False,True,Middle,47565.412000000004,0.5622787939116192,1,15699309
669,1,46,3,0.0,2,0,1,8487.75,0,False,False,Senior,2546.3250000000003,0.29669780722960265,0,15725737
846,0,38,5,0.0,1,1,1,187616.16,0,False,False,Middle,93808.08000000002,0.26739542508872305,0,15625047
577,1,25,3,0.0,2,0,1,124508.29,0,False,False,Young,37352.487,0.08124585129941482,0,15738191
756,1,36,2,136815.64,1,1,1,170041.95,0,True,False,Middle,170824.03000000003,0.3761641849284079,0,15736816
571,1,44,9,0.0,2,0,0,38433.35,0,False,False,Middle,34590.015,0.45323201996668105,0,15700772
574,0,43,3,141349.43,1,1,1,100187.43,0,True,False,Middle,171405.65899999999,0.6758240881809989,1,15728693
411,1,29,0,59697.17,2,1,1,53483.21,0,False,False,Young,59697.17,0.1424796875256959,0,15656300
591,0,39,3,0.0,3,1,0,140469.38,1,False,True,Middle,42140.814000000006,0.5226463589734404,1,15589475
533,1,36,7,85311.7,1,0,1,156731.91,0,False,False,Middle,195024.037,0.22613735261109663,0,15706552
553,1,41,9,110112.54,2,0,0,81898.81,0,True,False,Middle,183821.46899999998,0.6719848729917404,1,15750181
520,0,42,6,0.0,2,1,1,34410.55,0,False,True,Middle,20646.33,0.3725667693579777,0,15659428
722,0,29,9,0.0,2,1,1,142033.07,0,False,True,Young,127829.76300000002,0.16378510739480398,0,15732963
475,0,45,0,134264.04,1,1,0,27822.99,1,False,False,Middle,134264.04,0.7640125594070364,1,15794171
490,1,31,3,145260.23,1,0,1,114066.77,0,False,True,Middle,179480.261,0.2146709798172095,0,15788448
804,1,33,7,76548.6,1,0,1,98453.45,0,False,True,Middle,145466.015,0.1661860122373535,0,15729599
850,1,36,7,0.0,1,1,1,40812.9,0,False,False,Middle,28569.03,0.14033306186214559,0,15717426
582,1,41,6,70349.48,2,0,1,178074.04,0,True,False,Middle,177193.90399999998,0.4431805819242046,0,15585768
472,1,40,4,0.0,1,1,0,70154.22,0,False,True,Middle,28061.688000000002,0.4690491319940467,0,15619360
465,0,51,8,122522.32,1,0,0,181297.65,1,False,False,Senior,267560.44,0.8270412290929788,1,15738148
556,0,61,2,117419.35,1,1,1,94153.83,0,False,False,Elder,136250.116,0.7879513901332856,1,15687946
834,0,49,2,131394.56,1,0,0,194365.76,1,False,False,Senior,170267.712,0.7592985536134607,1,15755196
660,0,61,5,155931.11,1,1,1,158338.39,0,False,True,Elder,235100.305,0.806788365352294,1,15684171
776,0,32,4,109421.13,2,1,1,126517.46,0,True,False,Middle,160028.114,0.38910436288955647,0,15754849
829,0,27,9,112045.67,1,1,1,119708.21,1,True,False,Young,219783.059,0.3049285937413022,0,15602280
637,0,39,9,137843.8,1,1,1,117622.8,1,True,False,Middle,243704.32,0.576601090355462,1,15771573
550,1,38,2,103391.38,1,0,1,90878.13,0,True,False,Middle,121567.00600000001,0.4413390462233892,0,15766205
776,0,37,2,103769.22,2,1,0,194099.12,0,True,False,Middle,142589.044,0.6970204360841938,1,15771873
698,1,44,10,116363.37,2,1,0,198059.16,0,True,False,Middle,314422.53,0.7230306182332602,1,15616550
585,1,36,5,146050.97,2,0,0,86424.57,0,True,False,Middle,189263.255,0.6171230466826694,1,15768193
788,0,33,5,0.0,2,0,0,116978.19,0,False,False,Middle,58489.095,0.37420767424525586,0,15683553
655,1,41,8,125561.97,1,0,0,164040.94,1,True,False,Middle,256794.722,0.7049694034814616,1,15702298
601,1,42,1,98495.72,1,1,0,40014.76,1,True,False,Middle,102497.196,0.7196326789862822,1,15569590
619,1,43,1,125211.92,1,1,1,113410.49,0,False,False,Middle,136552.969,0.34420927062214485,0,15760861
656,1,45,5,127864.4,1,1,0,87107.57,0,False,False,Middle,171418.185,0.5877208772951688,1,15630053
725,1,19,0,75888.2,1,0,0,45613.75,0,True,False,Young,75888.2,0.2839774651118064,0,15647091
511,0,66,4,0.0,1,1,0,1643.11,1,False,True,Elder,657.244,0.9164684413807206,1,15623944
614,1,51,4,40685.92,1,1,1,46775.28,0,False,False,Senior,59396.032,0.4264123620258637,0,15804771
742,1,35,5,136857.0,1,0,0,84509.57,0,True,False,Middle,179111.785,0.5875800807162455,1,15651280
687,0,27,9,152328.88,2,0,0,126494.82,0,True,False,Young,266174.218,0.5637505425137517,1,15773469
555,1,33,1,56084.69,2,0,0,178798.13,0,False,True,Middle,73964.503,0.34965682854482527,0,15702014
684,1,56,8,78707.16,1,1,1,99398.36,0,False,True,Senior,158225.848,0.5508871072566015,1,15751208
603,1,26,4,109166.37,1,1,1,92840.67,0,True,False,Young,146302.638,0.2226201751726881,0,15592461
751,0,36,6,169831.46,2,1,1,27758.36,0,True,False,Middle,186486.476,0.49342605147654217,0,15789484
581,0,34,1,101633.04,1,1,0,110431.51,0,True,False,Middle,112676.19099999999,0.7037812162806268,1,15696061
735,1,43,10,123180.01,2,1,1,196673.28,0,True,False,Middle,319853.29000000004,0.48900537888380263,0,15641582
661,0,35,5,150725.53,2,0,1,113656.85,0,True,False,Middle,207553.95500000002,0.5001426528060584,1,15638424
675,0,21,8,98373.26,1,1,0,18203.0,0,False,False,Young,112935.66,0.2401521229843055,0,15755648
738,1,58,2,133745.44,4,1,0,28373.86,1,True,False,Senior,139420.212,0.8667175810379948,1,15703793
813,1,29,6,0.0,1,1,0,33953.87,0,False,False,Young,20372.322000000004,0.19986178318315834,0,15620344
657,0,37,0,163607.18,1,0,1,44203.55,0,False,True,Middle,163607.18,0.43182716288757056,0,15812518
604,0,25,5,157780.84,2,1,1,58426.81,0,True,False,Young,186994.245,0.31787140356303867,0,15779052
519,1,36,9,0.0,2,0,1,145562.4,0,False,False,Middle,131006.15999999999,0.17302014014908731,0,15770811
735,0,21,1,178718.19,2,1,0,22388.0,0,False,False,Young,180956.99,0.29718821055623196,0,15780961
664,1,55,8,0.0,2,1,1,139161.64,0,False,False,Senior,111329.31200000002,0.4398963352275252,0,15614049
678,0,32,9,0.0,1,1,1,148210.64,0,False,False,Middle,133389.57600000003,0.20140719549017994,0,15662085
757,1,33,5,77253.22,1,0,1,194239.63,0,False,True,Middle,174373.035,0.17962273652095684,0,15575185
416,0,41,10,122189.66,2,1,0,98301.61,0,True,False,Middle,220491.27000000002,0.7970527785589944,1,15803136
665,0,34,1,96645.54,2,0,0,171413.66,0,False,False,Middle,113786.90599999999,0.48295794108212003,0,15706021
777,0,32,2,0.0,1,1,0,136458.19,1,False,False,Middle,27291.638000000003,0.3772733214553549,0,15663706
543,0,36,3,0.0,2,0,0,26019.59,0,False,False,Middle,7805.877,0.4806270744263834,0,15641732
506,0,34,4,90307.62,1,1,1,159235.29,0,False,False,Middle,154001.736,0.3037099354576664,0,15701164
493,0,46,4,0.0,2,1,0,1907.66,0,False,False,Senior,763.0640000000001,0.6598154263043396,1,15738751
652,0,75,10,0.0,2,1,1,114675.75,0,False,True,Elder,114675.75,0.8728639399419087,1,15805254
750,1,22,3,121681.82,1,1,0,128643.35,1,False,True,Young,160274.825,0.20347201475564866,0,15762418
729,1,30,9,0.0,2,1,0,151869.35,0,False,False,Young,136682.415,0.21556729033240912,0,15625759
646,0,46,4,0.0,3,1,0,93251.42,1,False,False,Senior,37300.568,0.6151915534994935,1,15622897
635,0,28,3,81623.67,2,1,1,156791.36,0,True,False,Young,128661.078,0.325652343305348,0,15767954
647,0,44,5,0.0,3,1,1,174205.22,1,False,True,Middle,87102.61,0.38193882563914555,0,15757535
808,1,45,7,118626.55,2,1,0,147132.46,0,False,False,Middle,221619.272,0.5340670650626884,1,15731511
524,0,36,10,0.0,2,1,0,109614.57,0,False,False,Middle,109614.57000000002,0.45292247415868525,0,15809248
769,1,29,8,0.0,2,1,1,172290.61,0,False,False,Young,137832.48799999998,0.09175930307074073,0,15640635
730,1,42,4,0.0,2,0,1,85982.47,0,False,True,Middle,34392.988000000005,0.24451093960066483,0,15676966
515,1,35,10,176273.95,1,0,1,121277.78,0,False,True,Middle,297551.73000000004,0.27133192503680503,0,15699461
773,1,41,9,102827.44,1,0,1,64595.25,0,False,True,Middle,160963.165,0.2754873149616033,0,15738721
814,1,29,8,97086.4,2,1,1,197276.13,0,True,False,Young,254907.304,0.22045255885482137,0,15693683
710,1,22,8,0.0,2,0,0,99645.04,0,False,True,Young,79716.032,0.14275320660007979,0,15604348
413,1,34,9,0.0,2,0,0,6534.18,0,False,False,Middle,5880.762000000001,0.29320146183288454,0,15633059
665,0,40,6,0.0,1,1,1,161848.03,0,False,False,Middle,97108.818,0.324734610196449,0,15808582
623,0,44,6,0.0,2,0,0,167162.43,0,False,False,Middle,100297.458,0.6151533075989164,1,15743192
738,1,31,9,82674.15,1,1,0,41970.72,0,False,False,Middle,120447.798,0.26438840913311884,0,15580146
528,1,36,7,0.0,2,1,0,60536.56,0,False,True,Middle,42375.592000000004,0.34713156261410577,0,15776605
670,0,65,1,0.0,1,1,1,177655.68,1,False,True,Elder,17765.568,0.7860940877374164,1,15804919
622,0,46,4,107073.27,2,1,1,30984.59,1,False,True,Senior,119467.106,0.5150169111984169,1,15613854
582,1,32,1,88938.62,1,1,1,10054.53,0,True,False,Middle,89944.07299999999,0.32232964618988985,0,15599195
785,0,36,2,99806.85,1,0,1,36976.52,0,True,False,Middle,107202.15400000001,0.4989480244853535,0,15812878
605,1,33,5,150092.8,1,0,0,71862.79,0,False,True,Middle,186024.19499999998,0.41795843127236765,0,15602312
479,1,35,9,92833.89,1,1,0,99449.86,1,True,False,Middle,182338.76400000002,0.5834936057484453,1,15744689
685,1,30,3,90536.81,1,0,1,63082.88,0,True,False,Young,109461.674,0.26918913611177614,0,15803526
538,1,39,7,108055.1,2,1,0,27231.26,0,True,False,Middle,127116.982,0.6288845319022224,1,15665790
562,1,42,2,100238.35,1,0,0,86797.41,0,False,False,Middle,117597.83200000001,0.5499071175497223,1,15715951
675,1,36,9,106190.55,1,0,1,22994.32,0,False,True,Middle,126885.43800000001,0.21104730395678328,0,15591100
721,1,28,9,154475.54,2,0,1,101300.94,1,True,False,Young,245646.386,0.235021583623868,0,15609618
628,0,30,9,132351.29,2,1,1,74169.13,0,True,False,Young,199103.507,0.36930104904493694,0,15675522
668,0,37,6,167864.4,1,1,0,115638.29,0,True,False,Middle,237247.374,0.7613991856068225,1,15705512
506,0,41,1,0.0,2,1,0,31766.3,0,False,False,Middle,3176.63,0.5872413620401779,1,15698028
524,0,31,8,107818.63,1,1,0,199725.39,1,True,False,Middle,267598.94200000004,0.6666053229536422,1,15661670
699,1,34,4,185173.81,2,1,0,120834.48,0,True,False,Middle,233507.602,0.5822644657442361,1,15600781
828,1,34,8,129433.34,2,0,0,38131.77,0,False,False,Middle,159938.756,0.317752277061321,0,15682472
674,1,39,6,120193.42,1,0,0,100130.95,0,False,True,Middle,180271.99,0.4987242763525819,0,15580203
656,0,39,6,0.0,2,1,0,141069.88,0,False,False,Middle,84641.92800000001,0.5024919288165653,1,15690673
684,0,48,10,126384.42,1,1,1,198129.36,0,True,False,Senior,324513.77999999997,0.7374603579987107,1,15760085
625,0,28,3,0.0,1,0,0,183646.41,0,False,False,Young,55093.923,0.3376692451816579,0,15779659
432,1,42,9,152603.45,1,1,0,110265.24,1,False,False,Middle,251842.16600000003,0.577895748239805,1,15627360
549,0,52,1,0.0,1,0,1,8636.05,1,False,False,Senior,863.605,0.5971687487253908,1,15671137
625,1,56,0,148507.24,1,1,0,46824.08,1,True,False,Senior,148507.24,0.8968772533016203,1,15782688
828,0,41,7,0.0,2,1,0,171378.77,0,False,False,Middle,119965.139,0.5139706667908298,1,15575492
770,1,24,9,101827.07,1,1,0,167256.35,0,False,False,Young,252357.78500000003,0.19869475220514846,0,15591607
758,0,34,3,0.0,2,1,1,124226.16,0,False,False,Middle,37267.848,0.20616484857577383,0,15740404
795,0,33,9,130862.43,1,1,1,114935.21,0,True,False,Middle,234304.119,0.4279226907559125,0,15718369
687,1,38,9,122570.87,1,1,1,35608.88,0,False,False,Middle,154618.862,0.2208490753514639,0,15677871
686,1,25,1,0.0,2,0,1,16459.37,0,False,False,Young,1645.937,0.08054605324910592,0,15642004
789,1,39,7,124828.46,2,1,1,124411.08,0,True,False,Middle,211916.21600000001,0.3880769911565316,0,15712543
589,0,50,5,144895.05,2,1,1,34941.23,0,True,False,Senior,162365.66499999998,0.756284942000219,1,15584518
461,0,34,5,63663.93,1,0,1,167784.28,0,True,False,Middle,147556.07,0.4849070450477055,0,15802381
637,1,40,2,133463.1,1,0,1,93165.34,0,False,False,Middle,152096.168,0.3025060575466073,0,15610156
584,0,48,2,213146.2,1,1,0,75161.25,1,False,True,Senior,228178.45,0.8298726876260216,1,15594408
579,0,35,1,129490.36,2,0,1,8590.83,1,False,True,Middle,130349.443,0.3620370015104815,0,15640905
756,1,44,10,137452.09,1,1,0,189543.9,0,True,False,Middle,326995.99,0.7421986821066991,1,15698932
663,1,34,7,0.0,2,1,1,180427.24,0,False,False,Middle,126299.068,0.13883288843252134,0,15724944
682,0,43,5,125851.93,1,1,1,193318.33,0,False,False,Middle,222511.09499999997,0.46092592055280274,0,15628145
793,1,52,2,0.0,1,1,0,159123.82,1,False,True,Senior,31824.764000000003,0.6417953940533755,1,15713483
691,0,31,5,40915.55,1,1,0,126213.84,1,False,False,Middle,104022.47,0.3950538886246871,0,15612350
485,0,21,5,113157.22,1,1,1,54141.5,0,False,True,Young,140227.97,0.15724644244440425,0,15800703
635,0,29,8,138296.94,2,1,0,141075.51,0,False,True,Young,251157.348,0.4336133855906956,0,15705707
650,1,37,5,106967.18,1,0,0,24495.03,0,False,False,Middle,119214.69499999999,0.42582688245223904,0,15754105
735,1,44,9,120681.63,1,1,0,74836.34,0,False,False,Middle,188034.336,0.5305034857618735,1,15703264
416,1,32,0,0.0,2,0,1,878.87,0,False,False,Middle,0.0,0.15990907223982723,0,15794413
754,0,32,7,0.0,2,1,0,89520.75,0,False,True,Middle,62664.525,0.369919536189985,0,15650237
535,0,48,9,0.0,1,1,0,149892.79,1,False,False,Senior,134903.51100000003,0.7064483762673529,1,15759618
716,1,42,8,0.0,2,1,0,180800.42,0,False,True,Middle,144640.336,0.4460139307094309,0,15811589
539,1,37,2,127609.59,1,1,0,98646.22,0,False,False,Middle,147338.834,0.46677809086016053,0,15689044
614,0,43,6,0.0,2,1,1,109041.53,0,False,False,Middle,65424.918,0.3579741988590038,0,15709368
706,1,57,7,0.0,1,1,0,17941.16,1,False,True,Senior,12558.812,0.7153930893232192,1,15679145
758,0,33,7,0.0,2,0,0,82996.47,0,False,False,Middle,58097.52900000001,0.36883344657872524,0,15655007
586,0,28,2,0.0,2,1,1,92067.35,0,False,True,Young,18413.47,0.17391417168420828,0,15623595
646,0,73,6,97259.25,1,0,1,104719.66,0,False,False,Elder,160091.046,0.8909072913773585,1,15589975
631,0,33,4,123246.7,1,0,0,112687.57,0,True,False,Middle,168321.728,0.6927823610788848,1,15804017
717,0,22,6,101060.25,1,0,1,84699.56,0,False,True,Young,151879.986,0.1450862935198123,0,15692132
684,1,30,2,0.0,2,1,0,83473.82,0,False,False,Young,16694.764000000003,0.22851049910919446,0,15641122
800,0,49,7,108007.36,1,0,0,47125.11,0,False,False,Senior,140994.937,0.7369292388898261,1,15630910
721,0,36,2,0.0,2,1,1,106977.8,0,False,True,Middle,21395.56,0.26054955249327866,0,15680772
683,1,29,0,133702.89,1,1,0,55582.54,1,False,True,Young,133702.89,0.3384941529861855,0,15658929
660,1,31,9,125189.75,2,1,1,139874.43,0,True,False,Middle,251076.737,0.2732242444664619,0,15585388
704,0,24,7,113034.22,1,1,0,162503.48,1,True,False,Young,226786.65600000002,0.5010836427555704,1,15724623
615,0,41,9,109013.23,1,1,0,196499.96,0,False,True,Middle,285863.194,0.6773734560965532,1,15588537
667,0,39,2,0.0,2,1,0,40721.24,1,False,True,Middle,8144.248,0.5405394340308162,1,15574692
682,1,24,9,57929.81,2,0,0,53134.3,0,True,False,Young,105750.68,0.2968715795225587,0,15611325
484,0,29,4,130114.39,1,1,0,164017.89,0,False,False,Young,195721.546,0.45683664947989566,0,15587562
628,1,27,5,95826.49,2,1,0,155996.96,0,True,False,Young,173824.97,0.40135521029601845,0,15613172
480,1,44,10,129608.57,1,1,0,5472.7,1,True,False,Middle,135081.27000000002,0.7299626984959965,1,15651022
578,1,30,4,169462.09,1,1,0,112187.11,0,False,False,Young,214336.934,0.3514826497540883,0,15586310
512,1,40,5,0.0,2,1,1,146457.83,0,False,False,Middle,73228.915,0.21950919279877817,0,15625524
484,0,35,7,133868.21,1,1,1,27286.1,0,False,True,Middle,152968.47999999998,0.35288702303725156,0,15755209
510,0,30,0,0.0,2,1,1,130553.47,0,False,False,Young,0.0,0.1892194938423429,0,15645248
606,1,36,5,190479.48,2,0,0,179351.89,0,True,False,Middle,280155.42500000005,0.6486956815466578,1,15790355
597,0,40,8,101993.12,1,0,1,94774.12,0,False,True,Middle,177812.416,0.42059142082422,0,15762615
754,0,55,3,161608.81,1,1,0,8080.85,1,True,False,Senior,164033.065,0.9248051906949679,1,15625426
850,0,45,2,122311.21,1,1,1,19482.5,0,False,True,Middle,126207.71,0.5027268043143583,1,15716334
510,1,65,2,0.0,2,1,1,48071.61,0,False,False,Elder,9614.322,0.6685587787575751,1,15789669
778,0,45,1,162150.42,2,1,0,174531.27,0,True,False,Middle,179603.54700000002,0.8338369004418281,1,15621075
636,1,42,2,0.0,2,1,1,55470.78,0,False,False,Middle,11094.156,0.23771538285364746,0,15810845
804,0,50,4,0.0,1,1,1,8546.87,1,False,False,Senior,3418.7480000000005,0.48083226391524475,0,15719377
514,1,32,8,0.0,2,1,0,95857.18,0,False,False,Middle,76685.74399999999,0.2631479418128116,0,15654506
730,0,39,1,99010.67,1,1,0,194945.8,0,False,False,Middle,118505.25,0.579932327030036,1,15771977
525,0,37,0,0.0,1,0,1,131521.72,0,False,True,Middle,0.0,0.33469417779361926,0,15708710
616,1,30,5,0.0,2,0,1,196108.51,0,False,True,Young,98054.255,0.1242595787449309,0,15726676
687,0,34,7,111388.18,2,1,0,148564.76,0,True,False,Middle,215383.512,0.6637752240658925,1,15587421
715,0,41,8,56214.85,2,0,0,92982.61,1,False,False,Middle,130600.938,0.5639263377369925,1,15726931
512,0,36,3,84327.77,2,1,0,17675.36,0,False,False,Middle,89630.378,0.5351218206171506,1,15771086
479,1,40,1,0.0,2,0,0,114996.43,0,False,False,Middle,11499.643,0.43553511080277696,0,15756850
601,1,32,8,93012.89,1,1,0,86957.42,0,False,False,Middle,162578.826,0.32028781535357453,0,15702741
580,1,29,9,61710.44,2,1,0,128077.8,0,False,True,Young,176980.46000000002,0.2674233769034122,0,15679200
807,1,35,3,174790.15,1,1,1,600.36,0,False,False,Middle,174970.258,0.21855198825658328,0,15594815
616,0,32,6,0.0,2,1,1,43001.46,0,False,True,Middle,25800.876000000004,0.204658621359738,0,15635905
721,1,37,3,107720.64,1,1,1,158591.12,0,True,False,Middle,155297.976,0.38179021161242405,0,15777892
501,1,57,10,0.0,2,1,1,47847.19,0,False,False,Senior,47847.19,0.4748430034188835,0,15656176
521,1,35,6,96423.84,1,1,0,10488.44,0,False,False,Middle,102716.904,0.3868113413939438,0,15811127
850,1,30,2,141040.01,1,1,1,5978.2,0,False,True,Young,142235.65000000002,0.16231718590629715,0,15604482
759,1,42,4,105420.18,1,0,1,121409.06,0,False,False,Middle,153983.804,0.2946181055751471,0,15622911
516,1,50,5,0.0,1,0,1,146145.93,1,False,True,Senior,73072.965,0.435215627212902,0,15600974
711,0,38,2,129022.06,2,1,1,14374.86,1,False,False,Middle,131897.032,0.3515929368415361,0,15727868
512,1,33,3,176666.62,1,1,0,94670.77,0,False,True,Middle,205067.851,0.4524951620584294,0,15627801
550,1,37,3,0.0,1,1,1,179670.31,0,False,False,Middle,53901.09299999999,0.19337821458347426,0,15773039
608,0,41,3,89763.84,1,0,0,199304.74,1,False,True,Middle,149555.262,0.6673972209827668,1,15755262
618,1,34,5,134954.53,1,1,1,151954.39,0,False,False,Middle,210931.725,0.20704131938645418,0,15679531
643,1,45,5,0.0,1,1,0,142513.5,1,False,False,Middle,71256.75,0.5076728781828872,1,15684181
671,1,45,2,106376.85,1,0,1,158264.62,0,False,False,Middle,138029.774,0.36191203182647563,0,15612087
689,1,33,2,161814.64,2,1,0,169381.9,0,True,False,Middle,195691.02000000002,0.5506724001305129,1,15752047
603,1,31,8,0.0,2,1,1,169915.02,0,False,False,Middle,135932.016,0.1171036175329429,0,15624592
620,0,41,9,0.0,2,0,0,88852.47,0,False,False,Middle,79967.223,0.5379405822736043,1,15573152
676,0,34,1,63095.01,1,1,1,40645.81,0,False,False,Middle,67159.591,0.27591547292536045,0,15594917
572,1,26,4,118287.01,2,0,0,60427.3,0,True,False,Young,142457.93,0.4140523155619368,0,15785542
668,1,47,7,106854.21,1,0,1,157959.02,1,True,False,Senior,217425.524,0.5873599293731535,1,15723488
695,1,46,7,49512.55,1,1,0,133007.34,0,False,False,Senior,142617.68800000002,0.5470816163971687,1,15680920
730,0,33,9,0.0,2,0,0,176576.62,0,False,True,Middle,158918.958,0.41664466191899335,0,15786308
807,1,43,1,105799.32,2,1,0,34888.04,1,False,False,Middle,109288.12400000001,0.5068085226812314,1,15659366
592,1,54,8,0.0,1,1,1,28737.71,1,False,False,Senior,22990.168,0.4318843009091121,0,15774854
726,0,31,9,114722.05,2,1,1,98178.57,0,False,False,Middle,203082.76300000004,0.21024176742994022,0,15725311
514,1,30,7,0.0,1,0,1,125010.24,0,False,True,Young,87507.168,0.13878562693416044,0,15787155
567,1,42,2,0.0,2,1,1,167984.61,0,False,False,Middle,33596.922,0.24102994817408377,0,15727829
850,1,33,10,0.0,1,1,0,4861.72,1,False,False,Middle,4861.72,0.22258268465064887,0,15733247
671,1,45,6,99564.22,1,1,1,108872.45,1,True,False,Middle,164887.69,0.5292979561713644,1,15568748
670,1,37,4,170557.91,2,1,0,198252.88,0,False,False,Middle,249859.062,0.44535200457739677,0,15699029
694,0,30,9,0.0,2,1,1,26960.31,0,False,False,Young,24264.279000000002,0.14538631578454658,0,15774393
547,0,39,6,74596.15,3,1,1,85746.52,1,True,False,Middle,126044.062,0.5070243342976436,1,15676895
751,1,50,2,96888.39,1,1,0,77206.25,1,True,False,Senior,112329.64,0.8038529503348701,1,15637753
594,0,29,3,130830.22,1,1,0,61048.53,0,True,False,Young,149144.779,0.6298265405477892,1,15605461
673,1,72,1,0.0,2,0,1,111981.19,0,False,False,Elder,11198.119,0.7600446256328728,1,15808473
610,1,40,0,0.0,2,1,0,62232.6,0,False,False,Middle,0.0,0.4148955341549728,0,15627000
512,0,37,1,0.0,2,0,1,156105.03,0,False,False,Middle,15610.503,0.28897246871841553,0,15787174
767,1,20,3,119714.25,2,0,1,150135.38,0,True,False,Young,164754.864,0.13592100610299315,0,15723886
585,0,67,5,113978.97,2,0,1,93146.11,0,False,False,Elder,160552.025,0.8379731442403126,1,15704769
763,1,42,6,100160.75,1,1,0,33462.94,1,True,False,Middle,120238.514,0.6679179976869206,1,15772896
712,0,29,2,0.0,1,1,1,144375.0,0,False,False,Young,28875.0,0.16739560337208245,0,15711540
539,0,43,3,116220.5,3,1,0,55803.96,1,True,False,Middle,132961.688,0.8061072341761942,1,15764866
668,0,46,2,0.0,3,1,0,89048.46,1,False,False,Senior,17809.692000000003,0.6187832995073168,1,15794056
703,1,28,2,81173.83,2,0,1,162812.16,0,False,False,Young,113736.262,0.11256802912562718,0,15795149
662,1,38,4,0.0,2,1,0,136259.65,0,False,True,Middle,54503.86,0.3772628374329864,0,15812009
725,0,39,5,116803.8,1,1,0,124052.97,0,True,False,Middle,178830.285,0.7588624902513995,1,15651001
703,1,37,8,105961.68,2,0,1,74158.8,0,False,False,Middle,165288.72,0.1993516955332173,0,15813844
659,1,67,6,117411.6,1,1,1,45071.09,1,True,False,Elder,144454.25400000002,0.8627940787971449,1,15596175
523,1,34,7,0.0,2,1,0,62030.06,0,False,True,Middle,43421.042,0.31405728165759533,0,15576269
635,0,40,10,123497.58,1,1,0,131953.23,1,False,False,Middle,255450.81,0.622566450139196,1,15797219
772,1,26,7,152400.51,2,1,0,79414.0,0,True,False,Young,207990.31,0.3809438647196925,0,15685500
545,0,26,1,0.0,2,1,1,199638.56,0,False,False,Young,19963.856,0.13827944280101861,0,15599792
634,1,24,8,103097.85,1,1,1,157577.29,0,True,False,Young,229159.68200000003,0.19078654518323368,0,15657566
739,1,54,8,126418.14,1,1,0,134420.75,1,True,False,Senior,233954.74,0.8521957006232558,1,15772423
771,0,36,5,77846.9,1,0,0,99805.99,0,True,False,Middle,127749.89499999999,0.6907234720921273,1,15628112
587,0,34,1,0.0,2,1,1,97932.68,0,False,True,Middle,9793.268,0.2527899725085597,0,15753754
681,0,79,0,0.0,2,0,1,170968.99,0,False,False,Elder,0.0,0.9010110440404767,1,15793726
544,1,37,2,79731.91,1,1,1,57558.95,0,True,False,Middle,91243.70000000001,0.401267178611163,0,15694717
696,1,28,8,0.0,1,0,0,176713.47,0,False,True,Young,141370.776,0.23933924655674055,0,15665834
766,1,41,0,0.0,2,0,1,34283.23,0,False,True,Middle,0.0,0.24407711690542652,0,15765297
727,1,34,10,0.0,2,1,1,198637.34,0,False,False,Middle,198637.34,0.13701423164277324,0,15636684
671,0,34,6,37266.67,2,0,0,156917.12,0,True,False,Middle,131416.94199999998,0.6301512781939831,1,15592979
693,0,30,6,127992.25,1,1,1,50457.2,0,False,False,Young,158266.57,0.2262314862064279,0,15750803
850,1,38,3,54901.01,1,1,1,140075.55,0,True,False,Middle,96923.675,0.3448983138657286,0,15607178
732,1,42,9,108748.08,2,1,1,65323.11,0,True,False,Middle,167538.87900000002,0.4230868111446119,0,15713853
726,0,48,6,99906.19,1,1,0,64323.24,0,False,True,Senior,138500.13400000002,0.748665149157788,1,15673481
557,0,32,6,184686.41,2,1,0,14956.44,0,False,False,Middle,193660.274,0.49588561826690525,0,15686776
682,0,26,0,110654.02,1,0,1,111879.21,0,False,False,Young,110654.02,0.1911665053654712,0,15673693
738,1,31,9,79019.8,1,1,1,18606.23,0,False,True,Middle,95765.407,0.13407712440521935,0,15700696
531,0,36,9,99240.51,1,1,0,123137.01,0,False,True,Middle,210063.819,0.5765432597565012,1,15813163
498,1,34,2,0.0,2,1,1,148528.24,0,False,False,Middle,29705.648,0.1533526939156024,0,15653857
651,1,36,7,0.0,2,1,0,13898.31,0,False,False,Middle,9728.817000000001,0.2964287857210835,0,15777076
549,0,39,7,0.0,1,0,0,81259.25,1,False,True,Middle,56881.475000000006,0.5693149699282426,1,15717398
791,0,35,7,52436.2,1,1,0,161051.75,0,True,False,Middle,165172.425,0.6507619287726171,1,15799217
650,1,41,9,0.0,2,0,1,191599.67,0,False,True,Middle,172439.703,0.24749487746939242,0,15787071
733,1,34,3,100337.96,3,1,0,48559.19,1,True,False,Middle,114905.717,0.4992681357625846,0,15619955
811,0,34,1,149297.19,2,1,1,186339.74,0,True,False,Middle,167931.164,0.446075966239815,0,15796505
707,1,30,8,0.0,2,1,0,33159.37,0,False,False,Young,26527.496000000003,0.2008854441331728,0,15725166
712,1,28,4,145605.44,1,0,1,93883.53,0,True,False,Young,183158.852,0.2613709986572544,0,15800116
706,0,37,7,0.0,2,1,1,110899.3,0,False,True,Middle,77629.51,0.2662911653841095,0,15758685
756,1,62,3,0.0,1,1,1,11199.04,1,False,False,Elder,3359.7120000000004,0.5901469191459409,1,15694456
777,0,53,10,0.0,2,1,0,189992.97,0,False,False,Senior,189992.97,0.7396851009517326,1,15767339
646,1,35,6,84026.86,1,0,1,164255.69,0,False,False,Middle,182580.274,0.19997262107191954,0,15683562
714,1,46,1,0.0,1,1,0,152167.79,1,False,False,Senior,15216.779000000002,0.5180998125173492,1,15782210
782,1,39,8,0.0,2,1,1,33949.67,0,False,False,Middle,27159.736,0.1601910903893114,0,15668893
775,1,29,10,0.0,2,1,1,68143.93,0,False,True,Young,68143.93,0.08938118854280887,0,15669169
479,1,35,4,138718.92,1,1,1,47251.79,1,True,False,Middle,157619.636,0.40349542272860567,0,15643024
807,1,42,7,118274.71,1,1,1,25885.72,0,False,False,Middle,136394.714,0.2679710407211102,0,15699389
799,0,22,8,174185.98,2,0,1,192633.85,0,False,False,Young,328293.06000000006,0.145432645384287,0,15708608
675,1,40,7,113208.86,2,1,0,34577.36,0,False,False,Middle,137413.012,0.4383178893944734,0,15626144
602,1,29,5,103907.28,1,1,0,161229.84,0,False,True,Young,184522.2,0.3160133530082571,0,15573112
475,0,32,8,119023.28,1,1,0,100816.29,0,False,False,Middle,199676.312,0.4932923359284748,0,15790678
744,0,26,5,166297.89,1,1,1,181694.44,0,False,True,Young,257145.11000000002,0.21504981036742726,0,15727556
588,1,34,10,0.0,2,1,0,79078.91,0,False,True,Middle,79078.91000000002,0.29536631869309815,0,15697307
703,1,42,9,63227.0,1,0,1,137316.32,0,True,False,Middle,186811.68800000002,0.4490211797291233,0,15652266
747,0,41,5,94521.17,2,1,0,194926.86,0,False,True,Middle,191984.59999999998,0.6202122239268053,1,15607098
583,1,27,7,0.0,2,1,0,51285.49,0,False,False,Young,35899.843,0.18504662243486175,0,15655774
750,0,34,9,112822.26,1,0,0,150401.53,1,False,True,Middle,248183.637,0.5248856545012893,1,15590241
681,1,38,3,0.0,2,1,1,112491.96,0,False,False,Middle,33747.588,0.1774837743016775,0,15785819
773,1,25,2,135903.33,1,1,0,73656.38,0,False,False,Young,150634.606,0.23182967829000742,0,15723654
714,0,31,4,125169.26,1,1,1,106636.89,0,False,False,Middle,167824.016,0.24563219319765783,0,15774510
687,0,44,7,0.0,3,1,0,155853.52,1,False,True,Middle,109097.46399999999,0.5975942594989804,1,15684173
511,1,58,0,149117.31,1,1,1,162599.51,0,False,False,Senior,149117.31,0.6532522780906171,1,15650068
627,1,33,5,0.0,2,1,1,103737.82,0,False,False,Middle,51868.91,0.12954122787114583,0,15811490
694,0,31,10,0.0,2,1,0,160990.27,0,False,False,Middle,160990.27000000002,0.3474776395285318,0,15803976
616,0,36,6,132311.71,1,0,0,15462.84,0,False,True,Middle,141589.414,0.5855676874551907,1,15682541
687,1,35,8,0.0,2,1,0,10334.05,0,False,False,Middle,8267.24,0.26863799161373264,0,15695699
712,0,33,6,0.0,2,1,1,190686.16,0,False,False,Middle,114411.696,0.20032624452164788,0,15624188
553,1,33,4,118082.89,1,0,0,94440.45,0,False,False,Middle,155859.07,0.38464023369878203,0,15812191
667,1,31,1,119266.69,1,1,1,28257.63,0,False,False,Middle,122092.45300000001,0.17078751829492686,0,15636673
731,1,43,2,0.0,1,1,1,170034.95,1,False,False,Middle,34006.990000000005,0.2504870354937744,0,15594898
629,1,35,7,156847.29,2,1,0,31824.29,0,True,False,Middle,179124.293,0.5720526579258675,1,15660211
614,1,50,4,137104.47,1,1,0,127166.49,1,False,False,Senior,187971.066,0.693537218488262,1,15773972
438,1,31,8,78398.69,1,1,0,44937.01,0,True,False,Middle,114348.29800000001,0.49568658523405723,0,15746726
652,0,80,4,0.0,2,1,1,188603.07,0,False,False,Elder,75441.228,0.9067417058509254,1,15712287
729,1,30,6,63669.42,1,1,0,145111.37,0,True,False,Young,150736.242,0.43913385693650353,0,15702919
642,1,38,3,0.0,2,0,0,171463.83,0,False,False,Middle,51439.149000000005,0.36413717842288035,0,15674398
806,0,59,0,135296.33,1,1,0,182822.5,0,True,False,Senior,135296.33,0.936140351346731,1,15797960
744,1,36,2,153804.44,1,1,1,87213.33,0,False,True,Middle,171247.106,0.2516969341317738,0,15631868
474,1,37,3,0.0,2,0,0,57175.32,0,False,True,Middle,17152.596,0.402971605158027,0,15581539
559,1,49,2,147069.78,1,1,0,120540.83,1,False,False,Senior,171177.946,0.6953031627229688,1,15662736
706,1,42,9,0.0,2,1,1,28714.34,0,False,True,Middle,25842.906000000003,0.2154065255444791,0,15666252
628,0,22,3,0.0,1,1,0,85426.28,0,False,True,Young,25627.884000000002,0.2580392325561553,0,15677512
429,1,24,4,95741.75,1,1,0,46170.75,0,False,False,Young,114210.05,0.23554321136818746,0,15626114
525,0,57,2,145965.33,1,1,1,64448.36,0,False,True,Senior,158855.00199999998,0.7727112932925175,1,15810834
680,0,30,8,141441.75,1,1,1,16278.97,0,False,False,Young,154464.926,0.2207041571993377,0,15678910
749,1,40,1,139290.41,1,1,0,182855.42,1,False,False,Middle,157575.952,0.48793162374993415,0,15694408
763,0,31,4,0.0,2,0,0,50404.72,0,False,False,Middle,20161.888000000003,0.3434782445149345,0,15585215
734,1,30,3,0.0,2,1,0,107640.25,0,False,False,Young,32292.075,0.21894206675344244,0,15682757
716,1,35,4,144428.87,1,1,0,134132.65,0,False,False,Middle,198081.93,0.4030109438782755,0,15736601
594,1,35,2,0.0,2,1,0,103480.69,0,False,False,Middle,20696.138000000003,0.3161165832245929,0,15601848
644,0,46,9,95441.27,1,1,0,108761.05,1,False,False,Senior,193326.21500000003,0.702904097822745,1,15736008
671,1,35,1,144848.74,1,1,1,179012.3,0,True,False,Middle,162749.97,0.3765861226254427,0,15669064
664,1,26,7,116244.14,2,1,1,95145.14,0,True,False,Young,182845.738,0.19594023373204209,0,15624528
656,1,50,7,0.0,2,0,1,72143.44,0,False,False,Senior,50500.408,0.3481550032533346,0,15598493
667,0,40,1,146502.07,1,1,0,19162.89,0,False,True,Middle,148418.359,0.6836165888478339,1,15601274
663,1,44,2,117028.6,2,0,1,144680.18,0,True,False,Middle,145964.636,0.518554878440591,1,15702669
584,0,30,8,112013.81,1,1,0,177772.03,1,True,False,Young,254231.434,0.6373347000771798,1,15728669
626,0,37,6,108269.37,1,1,0,5597.94,0,False,True,Middle,111628.13399999999,0.576481660550716,1,15742668
485,1,29,7,182123.79,1,1,0,116828.51,1,False,False,Young,263903.747,0.3502601593521754,0,15697441
659,0,32,3,150923.74,2,0,1,174652.51,0,True,False,Middle,203319.493,0.44718966259505466,0,15740476
649,1,33,2,0.0,2,1,0,2010.98,0,False,False,Middle,402.196,0.281487562543753,0,15648064
805,0,39,5,165272.13,1,1,0,14109.85,1,False,True,Middle,172327.055,0.6281982413756836,1,15636624
716,0,39,10,115301.31,1,1,0,43527.4,1,True,False,Middle,158828.71,0.7308897070950175,1,15807923
642,0,40,6,129502.49,2,0,1,86099.23,1,True,False,Middle,181162.028,0.578497010769806,1,15745844
659,1,31,4,118342.26,1,0,0,161574.19,0,False,False,Middle,182971.936,0.3335146449083553,0,15786170
545,0,47,5,0.0,2,1,1,38970.14,0,False,True,Senior,19485.070000000003,0.46863634489313655,0,15681081
543,1,22,8,0.0,2,0,0,127587.22,0,False,False,Young,102069.77600000001,0.14720692351791778,0,15684484
718,0,25,7,0.0,2,1,0,30380.12,0,False,False,Young,21266.084000000003,0.2316684951259668,0,15785869
840,0,43,7,0.0,2,1,0,90908.95,0,False,False,Middle,63636.26500000001,0.5359496382672856,1,15763859
630,0,34,9,106937.05,2,1,0,138275.01,0,True,False,Middle,231384.559,0.6659343468416389,1,15658935
643,1,59,3,170331.37,1,1,1,32171.79,0,True,False,Senior,179982.907,0.8104980496073889,1,15747358
654,0,32,1,114510.85,1,1,1,126143.23,0,True,False,Middle,127125.17300000001,0.44264244708666156,0,15735203
582,1,39,5,0.0,2,1,1,129892.93,0,False,False,Middle,64946.465,0.19757479414529008,0,15576256
659,1,32,3,107594.11,2,1,1,102416.84,0,False,True,Middle,138319.162,0.17166339497489472,0,15659420
762,1,39,2,81273.13,1,1,1,18719.67,0,False,True,Middle,85017.064,0.2590526228893423,0,15593365
568,0,32,7,169399.6,1,1,0,61936.22,0,False,True,Middle,212754.95400000003,0.5349902972926377,1,15777352
670,1,25,6,0.0,2,1,1,78358.94,0,False,True,Young,47015.364,0.07809058169925007,0,15812007
613,0,45,1,187841.99,2,1,1,147224.27,0,False,False,Middle,202564.417,0.5316535137500751,1,15625461
539,1,30,0,0.0,2,1,0,160979.66,0,False,False,Young,0.0,0.24403308111840907,0,15739438
850,0,57,8,126776.3,2,1,1,132298.49,0,False,True,Senior,232615.092,0.6857634421808378,1,15611759
522,1,34,9,126436.29,1,1,0,174248.52,1,False,True,Middle,283259.958,0.43581523032958186,0,15661629
737,1,41,1,101960.74,1,1,1,123547.28,0,False,False,Middle,114315.46800000001,0.2783083156716381,0,15633950
520,1,58,3,0.0,2,0,1,32790.02,0,False,False,Senior,9837.006000000001,0.5419316255970993,1,15592386
706,1,28,3,0.0,2,0,1,181543.67,0,False,True,Young,54463.101,0.10139107772729072,0,15803716
643,0,45,2,150842.93,1,0,1,2319.96,1,True,False,Middle,151306.922,0.7195747379018648,1,15696674
648,0,50,9,102535.57,1,1,1,189543.19,0,False,False,Senior,273124.441,0.5889071822199645,1,15706365
443,0,29,9,99027.61,2,1,0,10940.4,0,True,False,Young,108873.97,0.5686612260789358,1,15745088
640,1,68,9,0.0,2,1,1,199493.38,0,False,False,Elder,179544.04200000002,0.6983611979509782,1,15676715
628,0,33,3,0.0,1,1,1,188193.25,0,False,True,Middle,56457.975000000006,0.24361501945456315,0,15613085
540,0,42,9,87271.41,2,1,0,172572.64,0,True,False,Middle,242586.78600000002,0.79512203610834,1,15633537
460,0,35,8,102742.91,2,1,1,189339.6,0,True,False,Middle,254214.59000000003,0.503639778435861,1,15594720
636,1,34,2,40105.51,2,0,1,53512.16,0,True,False,Middle,50807.942,0.2967863073429927,0,15684042
593,0,29,2,152265.43,1,1,0,34004.44,0,False,False,Young,159066.318,0.4618792892063731,0,15583303
801,1,42,4,141947.67,1,1,1,10598.29,0,False,True,Middle,146186.986,0.32258954236147525,0,15611579
640,0,75,1,106307.91,2,0,1,113428.77,0,True,False,Elder,117650.78700000001,0.9535703304760564,1,15774696
611,1,31,0,107884.81,2,1,1,183487.98,0,True,False,Middle,107884.81,0.27511734826046397,0,15694506
802,1,31,1,125013.72,1,1,1,187658.09,0,True,False,Middle,143779.529,0.27570027231907485,0,15688074
717,1,35,7,58469.37,2,1,1,172459.39,0,True,False,Middle,179190.943,0.2974419546359977,0,15759537
769,0,39,8,0.0,1,0,1,21016.0,0,False,False,Middle,16812.8,0.27301083986772523,0,15758449
745,1,45,10,117231.63,3,1,1,122381.02,1,True,False,Middle,239612.65000000002,0.4740654586500948,0,15583456
572,1,35,4,152390.26,1,1,0,128123.66,0,False,True,Middle,203639.72400000002,0.4607873631469272,0,15667871
629,0,30,2,34013.63,1,1,0,19570.63,0,False,True,Young,37927.755999999994,0.42272611802148574,0,15677371
687,0,39,2,0.0,3,0,0,188150.6,1,False,True,Middle,37630.12,0.512368025271416,1,15629677
483,0,50,9,0.0,2,1,1,111020.24,0,False,False,Senior,99918.21600000001,0.5042914022694448,1,15713578
690,1,36,7,101583.11,2,1,0,123775.15,0,False,False,Middle,188225.715,0.3692176272977074,0,15591509
492,0,30,10,77168.87,2,0,1,146700.22,0,True,False,Young,223869.09,0.38326895885776396,0,15568240
709,1,28,8,124695.72,2,1,0,145251.35,0,True,False,Young,240896.80000000002,0.4208287051696665,0,15622993
705,1,44,3,105934.96,1,1,0,82463.69,0,True,False,Middle,130674.06700000001,0.72856733718281,1,15689294
560,0,66,9,0.0,1,1,1,15928.49,0,False,False,Elder,14335.641000000001,0.7654462825305037,1,15720910
611,1,46,6,0.0,2,1,0,45886.33,0,False,True,Senior,27531.798,0.5233236860984232,1,15721181
730,1,62,2,0.0,2,1,1,186489.95,0,False,True,Elder,37297.990000000005,0.5944764151223577,1,15776433
709,0,45,2,0.0,2,0,1,162922.65,0,False,True,Middle,32584.53,0.42067945930548595,0,15748936
544,0,21,10,161525.96,2,1,0,9262.77,0,False,False,Young,170788.72999999998,0.2595101609540453,0,15717225
712,0,29,7,147199.07,1,1,1,84932.4,0,True,False,Young,206651.75,0.37894807417688947,0,15685226
752,1,38,3,183102.29,1,1,1,71557.12,0,True,False,Middle,204569.426,0.4468794129119052,0,15785611
648,1,46,9,127209.0,2,1,0,77405.95,1,False,True,Senior,196874.35499999998,0.5932362422624099,1,15573456
556,1,38,8,0.0,2,0,0,417.41,1,False,True,Middle,333.92800000000005,0.36868854473304014,0,15684548
594,0,24,0,97378.54,1,1,1,71405.17,0,False,True,Young,97378.54,0.18729940405223597,0,15620505
645,0,37,2,136925.09,2,0,1,153400.24,0,True,False,Middle,167605.138,0.5374385347441968,1,15807432
557,1,33,3,54503.55,1,1,1,371.05,0,False,False,Middle,54614.865000000005,0.17116951953664145,0,15584766
547,1,32,8,155726.85,1,1,0,67789.99,0,True,False,Middle,209958.842,0.5532816924829892,1,15612187
701,0,39,9,0.0,2,0,1,145894.9,0,False,False,Middle,131305.41,0.2861986923217167,0,15762218
616,0,66,1,135842.41,1,1,0,183840.51,1,False,False,Elder,154226.461,0.930440533749563,1,15646372
605,1,52,1,63349.75,1,1,0,108887.44,0,False,False,Senior,74238.494,0.691808535225035,1,15690452
593,0,38,4,129499.42,1,1,1,154071.27,0,True,False,Middle,191127.928,0.5733387188296712,1,15747795
751,1,52,8,0.0,2,0,1,179291.85,0,False,True,Senior,143433.48,0.4127331369349056,0,15781589
443,1,36,6,70438.01,2,0,1,56937.43,0,False,True,Middle,104600.468,0.22484362086746387,0,15732674
685,1,23,8,0.0,2,1,1,112239.03,0,False,False,Young,89791.224,0.060141422990298156,0,15642291
718,1,36,9,0.0,1,1,0,45909.87,0,False,False,Middle,41318.883,0.3003508926653762,0,15692761
538,0,49,9,141434.04,1,0,0,173779.25,1,False,True,Senior,297835.365,0.8196877988188126,1,15578045
611,0,37,4,0.0,2,1,0,125696.26,0,False,True,Middle,50278.504,0.5019571654367263,1,15745354
668,1,37,10,152958.29,2,1,1,159585.61,0,True,False,Middle,312543.9,0.3952942515380284,0,15701376
537,0,41,3,138306.34,1,1,0,106761.47,0,True,False,Middle,170334.78100000002,0.8197744659300429,1,15691625
709,1,23,10,0.0,2,0,0,129590.18,0,False,True,Young,129590.18,0.15408455128889859,0,15566594
850,1,38,1,0.0,2,1,1,80006.65,0,False,False,Middle,8000.665,0.1654965016352616,0,15760431
745,0,31,3,124328.84,1,1,1,140451.52,0,False,True,Middle,166464.296,0.2636910348176782,0,15686302
693,0,41,9,181461.48,3,1,1,187929.43,1,True,False,Middle,350597.967,0.6068241328392345,1,15801559
795,1,35,8,0.0,2,1,0,167155.36,0,False,True,Middle,133724.288,0.3044460688988872,0,15810432
626,1,26,8,0.0,2,0,0,191420.71,0,False,True,Young,153136.568,0.20757082610574382,0,15809616
487,0,61,5,110368.03,1,0,0,11384.45,1,True,False,Elder,116060.255,0.9524947235395966,1,15720559
556,0,39,9,89588.35,1,1,1,94898.1,0,False,False,Middle,174996.64,0.3628672432848563,0,15695632
643,0,46,6,0.0,2,0,0,106781.59,0,False,False,Senior,64068.954000000005,0.6405460279184629,1,15659843
605,0,28,6,0.0,2,0,0,159508.52,0,False,False,Young,95705.112,0.3195745545693426,0,15615624
756,0,60,3,115924.89,1,1,0,93524.19,1,True,False,Senior,143982.147,0.9405446713800162,1,15810418
586,0,38,2,0.0,2,1,0,87168.46,0,False,False,Middle,17433.692000000003,0.505125981895923,1,15716186
535,1,40,7,111756.5,1,1,0,8128.32,1,True,False,Middle,117446.324,0.6673928588203731,1,15674551
678,0,35,4,0.0,1,1,0,125518.32,0,False,False,Middle,50207.32800000001,0.4471597957241504,0,15622834
596,1,39,9,0.0,1,1,0,48963.59,0,False,False,Middle,44067.231,0.3722443383280596,0,15566111
648,1,26,9,162923.85,1,1,0,98368.24,0,False,False,Young,251455.266,0.2571320200391501,0,15784597
492,1,39,10,124576.65,2,1,0,148584.61,0,True,False,Middle,273161.26,0.6639037155739306,1,15652883
702,1,45,0,80793.58,1,1,1,27474.81,0,False,False,Middle,80793.58,0.3536886907678059,0,15806964
486,0,40,9,71340.09,1,1,0,76192.21,0,True,False,Middle,139913.079,0.765537701429409,1,15576313
568,1,40,1,99282.63,1,0,0,134600.94,1,True,False,Middle,112742.724,0.6910714015865133,1,15806467
619,1,57,3,137946.39,1,1,1,72467.99,1,True,False,Senior,159686.787,0.772804297784967,1,15597602
724,1,41,2,127892.57,2,0,1,199645.45,0,True,False,Middle,167821.66,0.45340155555106043,0,15743040
548,0,33,0,101084.36,1,1,0,42749.85,0,True,False,Middle,101084.36,0.7043726225509263,1,15705521
545,0,37,8,114754.08,1,1,0,136050.44,1,True,False,Middle,223594.43200000003,0.7505031226499407,1,15595039
683,1,33,8,0.0,1,0,0,73564.44,0,False,False,Middle,58851.552,0.27571039782201184,0,15799384
762,0,51,3,99286.98,1,0,1,85578.63,0,False,False,Senior,124960.569,0.5901931998169415,1,15581197
627,0,30,4,79871.02,2,1,0,129826.89,0,True,False,Young,131801.776,0.583793932470875,1,15693737
516,1,35,10,104088.59,2,0,0,119666.0,0,False,False,Middle,223754.59,0.3832503910294564,0,15624623
800,0,38,2,168190.33,2,1,0,68052.08,0,False,False,Middle,181800.74599999998,0.5823360375351665,1,15783501
464,0,42,3,85679.25,1,1,1,164104.74,0,True,False,Middle,134910.672,0.640867646473211,1,15690134
626,0,35,3,0.0,1,0,0,80190.36,0,False,False,Middle,24057.108000000004,0.4685330908115751,0,15782735
790,0,31,9,0.0,2,1,0,84126.75,0,False,False,Middle,75714.075,0.313553664484555,0,15611088
534,0,34,7,121551.58,2,1,1,70179.0,0,False,False,Middle,170676.88,0.2836467093807446,0,15672145
745,1,46,2,122220.19,1,1,1,118024.1,0,False,False,Senior,145825.01,0.3717095359090446,0,15732628
553,1,47,3,116528.15,1,0,0,145704.19,1,False,True,Senior,160239.407,0.6740022612741204,1,15787470
748,0,26,1,77780.29,1,0,1,183049.41,0,False,False,Young,96085.231,0.16439592523173685,0,15803406
722,1,37,2,0.0,1,0,0,120906.83,0,False,False,Middle,24181.366,0.3576367309143217,0,15730460
501,1,40,4,125832.2,1,1,1,100433.83,0,False,False,Middle,166005.73200000002,0.30508181120424843,0,15644572
675,0,38,6,68065.8,1,0,0,138777.0,1,False,False,Middle,151332.0,0.5582292707424753,1,15694860
778,0,47,6,127299.34,2,1,0,124694.99,0,False,True,Senior,202116.334,0.7290431693128467,1,15658169
494,0,38,7,174937.64,1,1,0,40084.32,0,True,False,Middle,202996.66400000002,0.7889152617017284,1,15794396
850,1,40,9,0.0,2,0,1,119232.33,0,False,False,Middle,107309.09700000001,0.17876937644490043,0,15785798
592,1,31,7,110071.1,1,0,0,43921.36,0,False,True,Middle,140816.05200000003,0.34431127470420153,0,15710825
590,0,44,3,139432.37,1,1,0,62222.81,0,False,True,Middle,158099.213,0.7412034358715239,1,15668444
758,0,39,6,127357.76,1,0,1,56577.0,0,False,False,Middle,161303.96,0.36699635647136986,0,15726631
506,1,36,5,0.0,2,1,0,164253.35,0,False,False,Middle,82126.675,0.3428727065599344,0,15733797
733,1,33,3,0.0,1,1,1,7666.73,0,False,False,Middle,2300.019,0.1353064657612311,0,15747960
711,1,38,3,0.0,2,1,0,68487.51,0,False,False,Middle,20546.252999999997,0.3463712648246091,0,15634632
514,1,43,1,95556.31,1,0,1,199273.98,1,True,False,Middle,115483.708,0.5293920606685493,1,15707362
637,1,37,8,0.0,1,1,1,186062.36,0,False,True,Middle,148849.888,0.20363190265524828,0,15662976
468,1,29,1,111681.98,2,1,1,195711.16,0,True,False,Young,131253.096,0.26658311803947193,0,15732778
539,1,39,3,0.0,2,1,0,36692.17,0,False,False,Middle,11007.651,0.3939340618339376,0,15718443
509,0,25,3,108738.71,2,1,0,106920.57,0,False,True,Young,140814.881,0.36925642838635697,0,15670039
662,0,32,4,133950.37,1,1,1,48725.68,1,False,False,Middle,153440.642,0.27092456813538385,0,15773792
818,1,26,4,0.0,2,1,1,167036.94,0,False,True,Young,66814.776,0.07926285489726895,0,15613786
608,1,33,9,89968.69,1,1,0,68777.26,0,False,False,Middle,151868.224,0.32625442140528893,0,15726032
850,0,32,9,0.0,2,1,1,18924.92,0,False,True,Middle,17032.427999999996,0.1640451206204071,0,15663252
816,0,38,5,130878.75,3,1,0,71905.77,1,True,False,Middle,166831.635,0.6983217061047167,1,15593782
536,1,35,8,0.0,2,1,0,64833.28,0,False,False,Middle,51866.624,0.3009981281544852,0,15633283
753,1,35,3,0.0,2,1,1,184843.77,0,False,False,Middle,55453.130999999994,0.1390814990141432,0,15749167
631,1,27,10,134169.62,1,1,1,176730.02,0,False,True,Young,310899.64,0.14582217852182955,0,15759298
703,1,37,1,149762.08,1,1,0,20629.4,1,False,False,Middle,151825.02,0.4651619392968242,0,15683625
774,1,26,2,93844.69,1,1,0,28415.36,0,False,False,Young,99527.762,0.22719387176661227,0,15635367
785,1,28,8,0.0,2,1,0,77231.27,0,False,False,Young,61785.016,0.17490749697573438,0,15681705
571,0,33,1,0.0,2,1,0,102750.7,0,False,False,Middle,10275.07,0.4144657398547017,0,15603156
621,1,46,6,141078.37,1,0,0,34580.8,1,True,False,Senior,161826.85,0.7788538458719902,1,15591986
605,0,31,1,117992.59,1,1,1,183598.77,0,True,False,Middle,136352.467,0.42795765897286164,0,15798888
611,0,40,8,100812.33,2,1,0,147358.27,0,False,False,Middle,218698.946,0.5965262254686398,1,15809722
569,1,38,7,0.0,1,1,1,108469.2,0,False,False,Middle,75928.44,0.1967568994702614,0,15677538
658,1,29,4,80262.6,1,1,1,20612.82,0,False,False,Young,88507.728,0.1279327729062951,0,15797736
788,1,34,6,156478.62,1,0,1,181196.76,0,False,True,Middle,265196.676,0.22296270155403342,0,15695585
525,0,23,5,0.0,2,1,0,160249.1,0,False,False,Young,80124.55,0.24645993315548503,0,15744398
798,1,37,8,0.0,3,0,0,110783.28,0,False,False,Middle,88626.62400000001,0.29049461834816215,0,15750658
486,1,37,9,115217.99,2,1,0,144995.33,0,True,False,Middle,245713.787,0.6236675429615268,1,15578186
615,1,61,9,0.0,2,1,0,150227.85,1,False,True,Elder,135205.06500000003,0.7841426387735225,1,15676519
730,0,35,0,155470.55,1,1,1,53718.28,0,False,False,Middle,155470.55,0.3414485457749343,0,15637954
641,1,37,7,0.0,2,1,0,75248.3,0,False,False,Middle,52673.81,0.3238244696556437,0,15758639
542,1,39,3,135096.77,1,1,1,14353.43,1,False,False,Middle,139402.799,0.2923681538825389,0,15613772
692,1,30,2,0.0,2,0,1,130486.57,0,False,False,Young,26097.314000000002,0.10753946550140091,0,15731744
714,0,55,9,180075.22,1,1,1,100127.71,0,True,False,Senior,270190.159,0.82967893555008,1,15807709
591,1,29,1,97541.24,1,1,1,196356.17,0,False,True,Young,117176.857,0.15325067651410332,0,15714689
710,0,41,2,156067.05,1,1,1,9983.88,0,False,False,Middle,158063.826,0.447349747534276,0,15699005
639,0,38,4,81550.94,2,0,1,118974.77,0,False,False,Middle,129140.848,0.3311123127529163,0,15624170
531,0,47,6,0.0,1,0,0,194998.34,1,False,False,Senior,116999.00400000002,0.7056671006437936,1,15725679
673,0,38,2,170061.92,2,0,0,134901.34,1,False,False,Middle,197042.18800000002,0.6098645327525706,1,15585865
765,1,36,8,92310.54,2,1,1,72924.56,0,True,False,Middle,150650.188,0.30697215573982956,0,15804256
622,0,32,6,169089.38,2,1,0,101057.95,0,False,False,Middle,229724.15,0.4845041017026863,0,15662403
806,1,40,5,80613.93,1,1,1,142838.64,0,False,False,Middle,152033.25,0.23719179391910095,0,15733616
757,1,26,8,121581.56,2,1,1,127059.04,0,True,False,Young,223228.79200000002,0.19000169744470777,0,15591995
570,0,58,8,0.0,1,0,1,116503.92,1,False,False,Senior,93203.136,0.6719274149561574,1,15677020
555,1,32,4,0.0,2,1,1,54405.79,0,False,True,Middle,21762.316000000003,0.1403402484174879,0,15727688
692,1,54,5,0.0,2,1,1,88721.84,0,False,False,Senior,44360.92,0.4164481598865948,0,15715941
774,1,60,5,85891.55,1,1,0,74135.48,1,False,False,Senior,122959.29000000001,0.7869553419893598,1,15714485
638,1,44,9,77637.35,2,1,1,111346.22,0,False,True,Middle,177848.948,0.31337074598640713,0,15730059
543,0,41,4,0.0,1,0,0,194902.16,0,False,True,Middle,77960.864,0.6231377049420564,1,15715527
584,1,31,5,0.0,2,1,0,31474.27,0,False,False,Middle,15737.135000000002,0.24335221590647443,0,15576623
691,1,30,7,116927.89,1,1,0,21198.39,0,True,False,Young,131766.763,0.45906173830921454,0,15805565
684,0,40,6,137326.65,1,1,0,186976.6,0,True,False,Middle,249512.61000000002,0.7913450984656804,1,15677307
733,1,22,5,0.0,2,1,1,117202.19,0,False,False,Young,58601.095,0.055948222280964084,0,15773890
599,0,37,2,0.0,2,1,1,143739.29,0,False,True,Middle,28747.858000000004,0.2915065902327288,0,15598883
524,0,31,10,67238.98,2,1,1,161811.23,0,True,False,Middle,229050.21000000002,0.3857156220788718,0,15568506
632,0,38,6,86569.76,2,1,0,98090.91,0,True,False,Middle,145424.30599999998,0.7187668396165744,1,15761043
735,1,34,5,0.0,2,0,0,71095.41,0,False,True,Middle,35547.70500000001,0.2987555464857798,0,15782236
734,1,34,6,133598.4,1,1,1,13107.24,0,False,False,Middle,141462.744,0.18165158752372995,0,15593601
605,0,51,3,136188.78,1,1,1,67110.59,1,False,False,Senior,156321.957,0.6329626164552508,1,15682048
793,1,38,9,0.0,2,1,0,88225.02,0,False,True,Middle,79402.51800000001,0.3359491028755687,0,15746902
468,0,56,10,0.0,3,0,1,62256.87,1,False,False,Senior,62256.87000000001,0.5886522568508881,1,15752081
779,1,37,7,120092.52,2,1,0,135925.72,0,True,False,Middle,215240.52400000003,0.5767258327064151,1,15781307
698,1,48,4,101238.24,2,0,1,177815.87,1,False,False,Senior,172364.588,0.3859628255623436,0,15775912
707,1,58,6,89685.92,1,0,1,126471.13,0,False,False,Senior,165568.598,0.5839804514893712,1,15745417
850,0,35,1,211774.31,1,1,0,188574.12,1,False,False,Middle,230631.722,0.559606700739077,1,15671256
850,1,56,7,131317.48,1,1,1,119175.45,0,False,False,Senior,214740.295,0.5364033527630523,1,15653547
527,1,37,5,93722.73,2,1,1,139093.73,0,False,True,Middle,163269.595,0.2413011965408703,0,15595766
696,1,32,8,101160.99,1,1,1,115916.55,0,True,False,Middle,193894.23,0.28573823703523615,0,15742358
661,1,48,3,120320.54,1,0,0,96463.25,0,False,False,Senior,149259.51499999998,0.6523477531715232,1,15763274
776,0,31,2,0.0,2,1,1,112349.51,0,False,False,Middle,22469.902000000002,0.17073590607562147,0,15786063
701,1,43,2,0.0,2,1,1,165303.79,0,False,False,Middle,33060.758,0.23755319218365373,0,15600258
610,1,26,8,0.0,2,1,0,166031.08,0,False,False,Young,132824.864,0.18275190820016607,0,15573318
572,0,48,3,152827.99,1,1,0,38411.79,1,True,False,Senior,164351.527,0.8884296515682027,1,15653849
673,1,30,1,64097.75,1,1,1,77783.35,0,False,False,Young,71876.085,0.1374463138541757,0,15694272
519,0,57,2,119035.35,2,1,1,29871.79,0,False,True,Senior,125009.70800000001,0.7447376216202317,1,15736112
702,0,26,4,135219.57,1,0,1,59747.63,0,False,True,Young,159118.622,0.20912361993745213,0,15749851
729,1,32,6,93694.42,1,1,1,79919.13,0,False,False,Middle,141645.898,0.15047131763653734,0,15663478
543,1,35,10,59408.63,1,1,0,76773.53,0,False,True,Middle,136182.16,0.3759726070534881,0,15592300
550,0,40,7,114354.95,1,1,0,54018.93,0,False,False,Middle,152168.201,0.6231857437186982,1,15567832
608,1,59,1,0.0,1,1,0,70649.64,1,False,False,Senior,7064.964,0.766893424836287,1,15776780
639,1,35,10,128173.9,2,1,0,59093.39,0,True,False,Middle,187267.29,0.5395409606275744,1,15592846
686,1,34,9,0.0,2,1,0,127569.8,0,False,True,Middle,114812.82,0.2955246423353609,0,15739803
564,0,62,5,114931.35,3,0,1,18260.98,1,True,False,Elder,124061.84000000001,0.8734111843222953,1,15794142
745,0,28,1,111071.36,1,1,0,73275.96,1,True,False,Young,118398.956,0.5812139570598628,1,15762729
833,1,37,8,151226.18,2,1,1,136129.49,0,False,False,Middle,260129.772,0.20752389094500825,0,15667896
622,1,26,9,0.0,2,1,1,153237.59,0,False,False,Young,137913.831,0.08034145033476947,0,15626578
597,0,42,4,64740.12,1,1,1,106841.12,0,False,False,Middle,107476.568,0.41220947832241106,0,15776223
721,1,51,0,169312.13,1,1,0,109078.35,1,False,True,Senior,169312.13,0.7427511233057866,1,15705953
504,0,49,7,0.0,3,0,1,87822.14,1,False,False,Senior,61475.498,0.468587228078402,0,15802593
842,0,44,2,112652.08,2,1,0,126644.98,0,False,True,Middle,137981.076,0.6695653067520717,1,15615457
587,1,38,0,0.0,2,1,0,47414.15,0,False,False,Middle,0.0,0.3843152589793504,0,15708916
479,0,30,7,143964.36,2,1,0,41879.99,0,True,False,Young,173280.353,0.630761595686807,1,15720187
508,1,49,7,122451.46,2,1,1,75808.1,0,False,False,Senior,175517.13,0.42681396194596594,0,15595440
749,1,24,1,0.0,3,1,1,47911.03,0,False,False,Young,4791.103,0.06284721056365154,0,15600651
721,0,36,3,65253.07,2,1,0,28737.78,0,True,False,Middle,73874.404,0.6701822303363688,1,15750141
674,1,47,6,106901.94,1,1,1,2079.2,1,True,False,Senior,108149.46,0.5583819830337347,1,15657284
685,0,25,10,128509.63,1,1,0,121562.33,0,False,True,Young,250071.96000000002,0.3584928755478966,0,15763063
417,1,34,7,0.0,2,1,0,55003.79,0,False,False,Middle,38502.653000000006,0.3057773685751022,0,15709324
574,1,33,3,129834.67,1,1,0,193131.42,0,True,False,Middle,187774.09600000002,0.5720635458373239,1,15711309
590,0,51,3,154962.99,3,0,1,191932.27,1,False,True,Senior,212542.67099999997,0.6358059990767276,1,15775318
587,1,40,5,138241.9,2,1,0,159418.1,0,True,False,Middle,217950.95,0.6791284469276304,1,15705515
598,1,41,3,91536.93,1,1,0,191468.78,1,True,False,Middle,148977.56399999998,0.6867391277925937,1,15634844
741,1,53,3,0.0,2,1,1,38913.68,0,False,True,Senior,11674.104000000001,0.4246621448481149,0,15717046
850,0,70,5,0.0,1,1,1,705.18,0,False,True,Elder,352.59,0.8188273170956794,1,15571816
584,0,29,7,105204.01,1,0,1,138490.03,0,True,False,Young,202147.03100000002,0.3912187903909054,0,15670080
650,1,61,1,152968.73,1,0,1,82970.69,0,False,True,Elder,161265.799,0.7228065470399639,1,15800440
607,1,36,8,158261.68,1,1,1,76744.72,0,False,True,Middle,219657.456,0.2526025358700194,0,15665678
509,0,46,1,0.0,1,1,0,71244.59,1,False,False,Senior,7124.459,0.6921428008176228,1,15665956
689,0,38,6,121021.05,1,1,1,12182.15,0,False,True,Middle,128330.34,0.3685861930977615,0,15788126
543,1,36,4,0.0,2,1,1,141210.5,0,False,False,Middle,56484.200000000004,0.16858956082926277,0,15811773
438,0,54,2,0.0,1,0,0,191763.07,1,False,True,Senior,38352.614,0.8280291369375037,1,15651674
687,0,63,1,137715.66,1,1,1,37938.74,0,False,True,Elder,141509.534,0.8291997814591517,1,15689614
737,1,31,5,121192.22,2,1,1,74890.58,0,True,False,Middle,158637.51,0.2606205688045953,0,15795564
761,1,31,7,0.0,3,1,1,166698.18,0,False,False,Middle,116688.72600000001,0.09706724209749805,0,15706647
601,1,44,1,100486.18,2,1,1,62678.53,0,False,False,Middle,106754.033,0.3338024557201903,0,15728505
651,1,45,1,0.0,1,1,0,67740.08,1,False,False,Middle,6774.008000000001,0.5203687848290448,1,15730076
745,1,35,9,92566.53,2,1,0,161519.77,0,False,False,Middle,237934.323,0.34230069979786987,0,15622003
648,0,49,10,0.0,2,1,1,159835.78,1,False,True,Senior,159835.78000000003,0.4958996806469908,0,15607312
848,1,40,3,110929.96,1,1,1,30876.84,0,False,True,Middle,120193.012,0.2718053467162096,0,15644753
546,0,27,8,0.0,2,1,1,14858.1,0,False,False,Young,11886.480000000001,0.13257544297897805,0,15653620
439,0,32,3,138901.61,1,1,0,75685.97,0,False,True,Middle,161607.40099999998,0.5581237143119592,1,15761986
755,1,30,4,123217.66,2,0,1,144183.1,0,False,False,Young,180890.90000000002,0.13737629487419642,0,15633922
593,0,41,6,0.0,1,1,0,65170.66,0,False,False,Middle,39102.396,0.5656020187319982,1,15734674
701,1,39,2,0.0,2,1,1,82526.92,0,False,False,Middle,16505.384000000002,0.18980777144833713,0,15658032
701,1,36,8,0.0,2,1,0,169161.46,0,False,True,Middle,135329.168,0.3364299501068835,0,15692671
607,0,33,2,108431.87,2,0,1,109291.39,1,False,True,Middle,130290.148,0.29754709477802543,0,15737741
586,0,57,3,0.0,2,0,1,6057.81,0,False,True,Senior,1817.343,0.6695877184121258,1,15576352
547,0,30,9,72392.41,1,1,0,77077.14,0,True,False,Young,141761.836,0.5919076798865741,1,15753719
647,0,51,1,119741.77,2,0,0,54954.51,1,True,False,Senior,125237.221,0.89547618122287,1,15803689
760,0,51,2,100946.71,1,0,0,179614.8,1,False,False,Senior,136869.67,0.7819833358163599,1,15718057
621,1,53,9,170491.84,1,1,0,35588.07,1,False,True,Senior,202521.103,0.7506576409311275,1,15722010
725,1,44,5,0.0,1,1,1,117356.14,0,False,False,Middle,58678.07,0.26304307649904834,0,15680998
526,1,36,1,0.0,1,1,0,160696.72,0,False,False,Middle,16069.672,0.361981229176259,0,15614782
519,0,47,6,157296.02,2,0,0,147278.43,1,False,True,Senior,245663.07799999998,0.7870575904967021,1,15591047
713,0,38,7,144606.22,1,1,1,56594.36,1,True,False,Middle,184222.272,0.5428877353301923,1,15788291
700,1,38,8,134811.3,1,1,0,1299.75,0,False,False,Middle,135851.09999999998,0.4194828548473648,0,15604044
666,0,34,9,115897.12,1,1,1,25095.03,0,False,False,Middle,138482.647,0.2623995287572569,0,15679587
630,1,32,4,82034.0,1,0,0,146326.45,0,False,True,Middle,140564.58000000002,0.3577418454266271,0,15775153
779,0,26,4,174318.13,2,0,1,38296.21,0,False,True,Young,189636.614,0.20191759552213862,0,15603925
611,0,41,2,114206.84,1,1,0,164061.6,0,True,False,Middle,147019.16,0.8007972577867276,1,15680970
685,1,43,9,0.0,2,1,0,107811.28,0,False,True,Middle,97030.152,0.45118124297603,0,15697183
646,1,39,9,111574.41,1,1,1,30838.51,0,True,False,Middle,139329.06900000002,0.39732372225784274,0,15567446
683,0,57,5,162448.69,1,0,0,9221.78,1,True,False,Senior,167059.58000000002,0.9364409913609026,1,15637476
484,0,34,4,148249.54,1,0,1,33738.27,0,True,False,Middle,161744.848,0.5348304211522078,1,15714939
601,0,43,8,0.0,3,0,1,110916.15,1,False,False,Middle,88732.92,0.34216008362893313,0,15683503
762,0,26,7,123709.46,2,1,1,169654.57,0,False,True,Young,242467.659,0.17930304746910894,0,15645569
687,0,72,9,0.0,1,0,1,69829.4,0,False,False,Elder,62846.46,0.8388435506657765,1,15782569
566,1,30,5,0.0,1,1,0,54926.51,1,False,False,Young,27463.255,0.2501303672019722,0,15592387
702,1,37,10,150525.8,1,1,1,94728.49,0,False,False,Middle,245254.28999999998,0.2277630823103306,0,15609286
601,1,29,9,0.0,1,1,1,80393.27,0,False,False,Young,72353.94300000001,0.1016556436385355,0,15814035
699,1,53,4,0.0,2,0,1,111307.98,0,False,False,Senior,44523.192,0.40977956284951916,0,15661249
584,1,28,10,0.0,2,1,0,19834.32,0,False,False,Young,19834.320000000003,0.1798582551126821,0,15629117
699,1,35,5,0.0,2,1,1,78397.24,0,False,False,Middle,39198.62,0.14053167267727143,0,15607170
698,0,51,2,111018.98,1,1,0,86410.28,0,True,False,Senior,128301.036,0.8921248398619959,1,15586585
495,1,30,10,129755.99,1,0,0,172749.65,0,False,False,Young,302505.64,0.3513710353976254,0,15686611
650,0,27,6,0.0,2,1,0,1002.39,0,False,False,Young,601.4340000000001,0.27227740474421114,0,15603203
605,0,64,2,129555.7,1,1,1,13601.79,0,False,False,Elder,132276.058,0.8269998062124477,1,15619857
667,1,38,1,87202.38,1,1,1,77866.91,0,False,True,Middle,94989.07100000001,0.2608315239414633,0,15805062
688,1,26,8,146133.39,1,1,1,175296.76,0,True,False,Young,286370.79800000007,0.2322688249545877,0,15660271
727,0,31,0,0.0,1,1,0,121751.04,1,False,True,Middle,0.0,0.3991711199040449,0,15745295
754,1,39,6,170184.99,2,1,0,89593.26,0,False,True,Middle,223940.946,0.48484393181537294,0,15719352
612,0,62,8,140745.33,1,1,0,193437.89,1,True,False,Elder,295495.642,0.9570715103922526,1,15766575
546,1,42,7,139070.51,1,1,1,86945.0,0,False,True,Middle,199932.01,0.3531876525422018,0,15594594
673,0,37,8,0.0,2,1,1,183318.79,0,False,True,Middle,146655.032,0.2819062613253819,0,15646161
593,1,35,9,114193.24,1,1,0,71154.1,0,False,False,Middle,178231.93,0.3796578046529217,0,15682585
656,0,40,10,167878.5,1,0,1,151887.16,0,False,True,Middle,319765.66000000003,0.46585145913298853,0,15603134
535,0,53,5,141616.55,2,1,1,75888.65,0,True,False,Senior,179560.875,0.8032535574894636,1,15636444
678,1,36,3,145747.67,2,0,1,89566.74,0,True,False,Middle,172617.692,0.38345540547486506,0,15773456
477,0,48,2,129120.64,1,0,1,26475.79,0,False,True,Senior,134415.798,0.6376250003721935,1,15745307
850,1,35,7,110349.82,1,0,0,126355.8,0,False,True,Middle,198798.88,0.3863164788583147,0,15604119
427,1,29,1,141325.56,1,1,1,93839.3,0,False,False,Young,150709.49,0.17775268998868285,0,15626900
752,1,49,2,78653.84,1,1,0,7698.6,0,False,False,Senior,80193.56,0.6293715000916337,1,15605447
649,1,47,1,0.0,2,1,1,145593.85,0,False,False,Senior,14559.385000000002,0.30790264983031024,0,15589030
799,0,28,3,142253.65,1,1,0,45042.56,0,False,True,Young,155766.418,0.41977571321336327,0,15692463
589,0,61,1,0.0,1,1,0,61108.56,1,False,False,Elder,6110.856,0.871453066070487,1,15712403
583,0,54,6,115988.86,1,1,0,57553.98,1,True,False,Senior,150521.248,0.9137791237212126,1,15811762
839,0,33,10,75592.43,1,1,0,62674.42,0,False,True,Middle,138266.84999999998,0.4258625578273624,0,15718673
540,1,44,3,164113.04,2,1,1,12120.79,0,True,False,Middle,167749.277,0.5652496919369914,1,15724282
850,1,31,6,67996.23,2,0,0,50129.87,1,False,False,Middle,98074.152,0.24566656960577368,0,15738181
696,0,51,5,0.0,2,1,0,55022.43,0,False,True,Senior,27511.215000000004,0.7301035397362552,1,15633648
660,0,33,1,0.0,2,0,0,117834.91,0,False,True,Middle,11783.491000000002,0.43276002389404866,0,15603323
682,1,48,1,138778.15,1,0,1,168840.23,0,False,False,Senior,155662.173,0.43588613655243097,0,15583725
744,0,43,10,147832.15,1,0,1,24234.11,0,False,False,Middle,172066.26,0.4251116328070193,0,15588350
785,0,36,4,135438.4,1,0,0,190627.01,0,False,False,Middle,211689.204,0.5505210987151895,1,15798398
752,1,48,5,116060.08,1,1,0,156618.38,1,False,True,Senior,194369.27000000002,0.6493919631578604,1,15784844
706,0,29,5,112564.62,1,1,0,42334.38,0,False,False,Young,133731.81,0.3962516863576,0,15580684
583,0,27,1,125406.58,1,1,1,110784.42,0,False,False,Young,136485.022,0.21414126480396,0,15809663
660,0,39,5,135134.99,1,1,0,173683.0,1,True,False,Middle,221976.49,0.7789253732159654,1,15640078
819,0,39,9,133102.92,1,1,0,27046.46,1,False,False,Middle,157444.734,0.5516169345853843,1,15698786
673,0,34,8,42157.08,1,1,0,20598.59,1,False,False,Middle,58635.952000000005,0.42557872004673314,0,15569807
752,0,30,3,0.0,2,1,1,104991.28,0,False,False,Young,31497.384,0.1610111952848406,0,15730830
578,1,38,7,82259.29,1,1,0,8996.97,0,False,False,Middle,88557.169,0.41532449726748394,0,15805112
438,0,36,4,0.0,2,1,0,64420.5,0,False,False,Middle,25768.2,0.48459967093528267,0,15633064
652,1,38,6,0.0,2,1,1,145700.22,0,False,False,Middle,87420.13200000001,0.17816366370095768,0,15703119
629,0,49,4,0.0,2,1,1,196335.48,0,False,False,Senior,78534.19200000001,0.4753832545086308,0,15730447
720,1,52,7,0.0,1,1,1,14781.12,0,False,False,Senior,10346.784000000001,0.3767952681890955,0,15813850
668,1,42,3,150461.07,1,1,0,108139.23,0,False,False,Middle,182902.839,0.5516005370761079,1,15711889
459,1,48,4,133994.52,1,1,1,19287.06,1,True,False,Senior,141709.34399999998,0.64790526538681,1,15664610
729,1,31,8,164870.81,2,1,1,9567.39,0,False,True,Middle,172524.722,0.15512320066607632,0,15751710
498,1,25,8,121702.73,1,1,1,132210.49,0,True,False,Young,227471.12199999997,0.2241778160885309,0,15692926
549,1,25,6,193858.2,1,0,1,21600.11,0,False,True,Young,206818.266,0.14816056018652193,0,15813741
601,0,54,1,131039.97,2,1,1,199661.5,0,True,False,Senior,151006.12,0.8055342788357651,1,15698474
544,1,64,9,113829.45,1,1,1,124341.49,0,False,False,Elder,225736.79100000003,0.7155296343384804,1,15568595
751,0,30,6,0.0,2,1,0,15766.1,0,False,False,Young,9459.660000000002,0.3063474537129263,0,15603065
632,0,41,3,81877.38,1,1,1,33642.21,0,True,False,Middle,91970.043,0.5940740109074079,1,15592937
694,1,57,8,116326.07,1,1,1,117704.65,0,False,True,Senior,210489.79,0.5972507071343094,1,15699637
678,1,31,2,0.0,2,1,1,58803.28,0,False,False,Middle,11760.656,0.11457403484980024,0,15667215
695,1,46,4,0.0,2,1,1,137537.22,0,False,False,Senior,55014.888000000006,0.28192609374706096,0,15788659
661,0,41,1,0.0,2,0,1,131300.68,0,False,False,Middle,13130.068,0.3345197818518671,0,15763218
661,1,33,9,0.0,2,1,1,84174.81,0,False,False,Middle,75757.32900000001,0.11890008878434091,0,15645772
559,0,31,3,127070.73,1,0,1,160941.78,0,False,False,Middle,175353.264,0.27674247321654966,0,15725511
503,1,29,3,0.0,2,1,1,143954.99,0,False,False,Young,43186.497,0.10896825784720993,0,15575024
695,1,46,3,122549.64,1,1,1,56297.85,0,False,True,Senior,139438.995,0.40557090389765843,0,15640825
640,0,42,5,176099.13,1,1,1,8404.73,0,False,False,Middle,180301.495,0.4690922358767619,0,15662397
624,0,48,3,122388.38,2,0,0,30020.09,0,True,False,Senior,131394.407,0.8695953882266516,1,15576368
667,1,42,9,0.0,2,0,1,58137.42,0,False,False,Middle,52323.678,0.21316614544765514,0,15674991
642,1,26,0,0.0,1,0,0,47472.68,0,False,False,Young,0.0,0.21296521551090242,0,15721024
640,0,32,6,118879.35,2,1,1,19131.71,0,False,True,Middle,130358.376,0.2571205509732791,0,15745621
529,1,35,5,0.0,2,1,1,187288.5,0,False,True,Middle,93644.25,0.17608138263689005,0,15642394
563,0,39,5,0.0,2,1,1,17603.81,0,False,False,Middle,8801.905,0.29468961168921987,0,15754605
593,0,38,4,88736.44,2,1,0,67020.03,0,False,True,Middle,115544.452,0.5828679204509399,1,15607040
739,1,45,7,102703.62,1,0,1,147802.94,1,True,False,Middle,206165.678,0.5321611092625116,1,15715142
788,0,70,1,0.0,2,1,1,41610.62,0,False,True,Elder,4161.062000000001,0.8283529587709603,1,15810978
684,0,38,3,0.0,2,1,0,44255.65,0,False,True,Middle,13276.695000000002,0.5118428257531861,1,15668886
482,1,55,5,97318.25,1,0,1,78416.14,0,False,False,Senior,136526.32,0.5707126155366106,1,15780804
591,1,58,5,128468.69,1,0,1,137254.55,0,False,True,Senior,197095.96500000003,0.657377081026376,1,15613880
651,0,41,4,133432.59,1,0,1,151303.48,0,True,False,Middle,193953.98200000002,0.6298353774840674,1,15775238
749,0,40,8,141782.57,2,0,0,86333.63,0,True,False,Middle,210849.47400000002,0.7607527531953598,1,15786905
583,1,24,9,135125.28,1,0,0,89801.9,0,False,False,Young,215946.99,0.2283401088655862,0,15747867
661,1,42,2,178820.91,1,0,0,29358.57,1,False,True,Middle,184692.624,0.6155760583235945,1,15600337
715,0,31,2,112212.14,2,1,1,181600.72,0,False,False,Middle,148532.28399999999,0.22304449482616648,0,15801277
769,0,45,5,126674.81,1,1,0,124118.71,1,True,False,Middle,188734.165,0.8326324583879702,1,15579334
625,0,51,7,136294.97,1,1,0,38867.46,1,False,False,Senior,163502.192,0.7935500862826226,1,15802741
641,0,36,5,66392.64,1,1,0,31106.67,0,False,False,Middle,81945.975,0.5088867686769056,1,15720649
716,1,27,1,122552.34,2,1,0,67611.36,0,True,False,Young,129313.476,0.4163517259731131,0,15589493
767,1,43,1,76408.85,2,1,0,77837.63,0,False,False,Middle,84192.61300000001,0.4887280936618126,0,15688251
745,1,36,8,145071.24,1,0,0,6078.46,0,True,False,Middle,149934.008,0.5817033064456223,1,15665238
589,1,34,6,0.0,2,1,1,177896.92,0,False,False,Middle,106738.152,0.1449027089567586,0,15740900
796,0,45,2,109730.22,1,1,1,123882.73,0,False,False,Middle,134506.766,0.4689455753298115,0,15681068
664,1,57,6,0.0,2,1,1,15304.08,0,False,False,Senior,9182.448,0.4652102117116869,0,15748625
445,1,62,1,64119.38,1,1,1,76569.64,1,False,True,Elder,71776.344,0.7124017664717928,1,15727299
543,0,57,1,106138.33,2,1,1,120657.32,1,True,False,Senior,118204.062,0.8408101977672837,1,15620204
746,1,36,2,0.0,2,1,1,16436.56,0,False,True,Middle,3287.3120000000004,0.16993052368122755,0,15669516
742,1,33,0,181656.51,1,1,1,107667.91,0,True,False,Middle,181656.51,0.3630166575228264,0,15736534
750,0,32,5,0.0,2,1,0,95611.47,0,False,False,Middle,47805.735,0.3528028166208425,0,15803457
669,1,30,7,95128.86,1,0,0,19799.26,0,False,False,Young,108988.342,0.27977400230481253,0,15659098
594,0,49,2,126615.94,2,0,1,123214.74,0,False,True,Senior,151258.888,0.6059209703400092,1,15603436
574,1,36,1,0.0,2,0,1,71709.12,0,False,True,Middle,7170.912,0.19438015105755005,0,15566292
659,1,36,2,76190.48,2,1,1,149066.14,0,True,False,Middle,106003.708,0.3342083400654669,0,15808621
750,1,40,5,168286.81,3,1,0,20451.99,1,True,False,Middle,178512.805,0.6404361847245897,1,15580148
626,1,35,4,88109.81,1,1,1,32825.5,0,True,False,Middle,101240.01,0.34574522615813175,0,15776231
620,1,42,4,0.0,2,1,0,6232.31,0,False,False,Middle,2492.9240000000004,0.4285330691456238,0,15773809
580,0,35,8,0.0,2,0,1,10357.03,0,False,False,Middle,8285.624000000002,0.22201168419156,0,15649423
686,0,34,3,123971.51,2,1,0,147794.63,0,False,False,Middle,168309.899,0.4896313801721587,0,15734886
540,1,48,0,148116.48,1,0,0,116973.48,0,False,False,Senior,148116.48,0.6947067160531174,1,15722548
634,1,35,6,116269.01,1,1,0,129964.94,0,True,False,Middle,194247.974,0.5856804566305024,1,15650288
632,1,38,1,120599.21,1,1,0,92816.86,0,False,True,Middle,129880.89600000001,0.49615325542533717,0,15629448
501,0,41,3,144260.5,1,1,0,172114.67,0,False,False,Middle,195894.901,0.685466372819179,1,15716164
650,0,25,3,86605.5,3,1,0,16649.31,1,False,True,Young,91600.293,0.3134934565624491,0,15807609
786,1,34,9,0.0,2,1,0,144517.19,0,False,False,Middle,130065.471,0.2625713310586617,0,15578977
554,0,37,4,58629.97,1,0,0,182038.6,0,True,False,Middle,131445.41,0.7326587430961823,1,15677369
701,0,42,5,0.0,2,0,0,24210.56,0,False,True,Middle,12105.28,0.5802903619362557,1,15804072
474,1,45,10,0.0,2,0,0,172175.9,0,False,False,Middle,172175.90000000002,0.5272408597401261,1,15696859
621,0,43,5,0.0,1,1,1,47578.45,0,False,False,Middle,23789.225000000002,0.37669242564703215,0,15653780
672,0,56,2,209767.31,2,1,1,150694.42,1,False,True,Senior,239906.19400000002,0.7498302024590697,1,15721658
459,0,42,6,129634.25,2,1,1,177683.02,1,False,True,Middle,236244.06199999998,0.48804668245584176,0,15578761
669,1,23,1,0.0,2,0,0,66088.83,0,False,False,Young,6608.883000000001,0.15653586995236604,0,15736879
776,0,38,2,169824.46,1,1,0,169291.7,0,False,False,Middle,203682.8,0.6032058214593813,1,15571973
694,1,36,3,97530.25,1,1,1,117140.41,0,False,False,Middle,132672.373,0.2080331504408989,0,15626742
787,0,42,10,145988.65,2,1,1,79510.37,0,False,False,Middle,225499.02,0.3841356181631244,0,15672692
580,1,37,9,0.0,2,0,1,77108.66,0,False,False,Middle,69397.79400000001,0.16693899106586102,0,15673570
711,0,25,7,0.0,3,1,1,9679.28,0,False,False,Young,6775.496000000001,0.09811884833756132,0,15767432
673,0,40,5,137494.28,1,1,0,81753.92,0,False,False,Middle,178371.24,0.6299135348117706,1,15654238
499,0,57,1,0.0,1,0,0,131372.38,1,False,False,Senior,13137.238000000001,0.8419648445079222,1,15612525
591,1,24,6,147360.0,1,1,1,25310.82,0,False,False,Young,162546.492,0.10632485405272075,0,15812750
769,0,25,10,0.0,2,0,0,187925.75,0,False,False,Young,187925.75,0.25433376897643717,0,15790757
657,1,31,3,125167.02,1,0,0,98820.39,0,False,True,Middle,154813.137,0.364663921610746,0,15723873
738,1,43,9,121152.05,2,1,0,64166.7,1,True,False,Middle,178902.08000000002,0.6708248769675859,1,15744607
545,0,60,7,128981.07,1,0,1,176924.21,1,True,False,Senior,252828.017,0.8878771213333814,1,15612966
497,1,47,6,0.0,1,1,1,90055.08,0,False,False,Senior,54033.048,0.3411715575307362,0,15784209
816,1,67,6,151858.98,1,1,1,72814.31,0,False,True,Elder,195547.56600000002,0.7634105896248162,1,15794278
525,1,36,2,114628.4,1,0,1,168290.06,0,False,False,Middle,148286.412,0.2431198196235936,0,15766741
725,1,46,6,0.0,2,1,0,161767.38,0,False,False,Senior,97060.42800000001,0.4900110264386894,0,15661036
692,0,28,8,95059.02,2,1,0,44420.18,0,False,False,Young,130595.164,0.33121779247305416,0,15705639
618,0,24,7,128736.39,1,0,1,37147.61,0,False,False,Young,154739.717,0.16343562011224708,0,15637414
546,1,24,8,156325.38,1,1,1,125381.02,0,False,False,Young,256630.196,0.11533455809484683,0,15716835
635,1,29,7,105405.97,1,1,1,149853.89,0,False,False,Young,210303.693,0.13825675654633612,0,15696231
611,0,49,2,88915.37,3,0,0,161435.02,1,False,False,Senior,121202.374,0.7343185698018997,1,15641675
650,1,60,8,0.0,2,1,1,102925.76,0,False,False,Senior,82340.60800000001,0.5302296158845886,1,15670755
606,1,40,5,0.0,2,1,1,70899.27,0,False,False,Middle,35449.635,0.20418068838377584,0,15640059
844,1,18,2,160980.03,1,0,0,145936.28,0,False,False,Young,190167.286,0.1538641710983546,0,15787619
450,0,46,5,177619.71,1,1,0,54227.06,0,False,True,Senior,204733.24,0.7970108746482019,1,15587535
727,1,38,2,62276.99,1,1,1,59280.79,0,False,True,Middle,74133.148,0.23753728369086005,0,15813034
460,1,46,4,127559.97,2,1,1,126952.5,0,True,False,Senior,178340.97,0.5882105022806418,1,15698839
649,1,41,0,0.0,2,0,1,130567.02,0,False,False,Middle,0.0,0.22764051805958757,0,15790314
758,0,47,9,95523.16,1,1,0,73294.48,0,True,False,Senior,161488.19199999998,0.830526897698706,1,15634245
490,0,35,7,107749.03,1,1,1,3937.37,0,False,False,Middle,110505.189,0.30801271745944453,0,15677305
815,1,37,2,110777.26,2,1,0,2383.59,0,True,False,Middle,111253.97799999999,0.5812156686302264,1,15661526
838,0,39,5,166733.92,2,1,0,14279.44,0,False,True,Middle,173873.64,0.601449460279495,1,15685997
803,1,31,9,157120.86,2,1,0,141300.53,0,False,False,Middle,284291.337,0.299665119413958,0,15660101
664,0,36,2,127160.78,2,1,0,78140.75,0,True,False,Middle,142788.93,0.7178752472278981,1,15637979
736,0,28,2,0.0,2,1,1,117431.1,0,False,True,Young,23486.22,0.15791299187031835,0,15815364
633,0,37,9,156091.97,1,1,0,72008.61,0,False,False,Middle,220899.719,0.5745904604329728,1,15647099
664,1,58,5,98668.18,1,1,1,60887.58,0,False,False,Senior,129111.97,0.5857423923499664,1,15625944
600,0,43,5,134022.06,1,1,0,194764.83,0,False,False,Middle,231404.47499999998,0.6989098767142679,1,15583212
693,0,35,5,124151.09,1,1,0,88705.14,1,False,False,Middle,168503.66,0.524327554034802,1,15582741
663,0,36,6,77253.5,1,0,0,35817.97,1,True,False,Middle,98744.282,0.6970872507162911,1,15637876
742,0,21,1,114292.48,1,1,0,31520.4,0,True,False,Young,117444.51999999999,0.45488420673118024,0,15622750
710,1,43,2,140080.32,3,1,1,157908.19,1,True,False,Middle,171661.958,0.47334350622692206,0,15672056
710,0,27,2,135277.96,1,1,0,142200.15,0,False,True,Young,163717.99,0.4113538035715583,0,15812351
700,0,82,2,0.0,2,0,1,182055.36,0,False,False,Elder,36411.072,0.9186380357229873,1,15810864
720,1,60,9,115920.62,2,0,0,157552.08,1,True,False,Senior,257717.492,0.8967407923733786,1,15677921
684,1,41,2,119782.72,2,0,0,120284.67,0,False,True,Middle,143839.654,0.5240573962327765,1,15724296
531,0,63,1,114715.71,1,0,1,24506.95,1,False,False,Elder,117166.40500000001,0.826640469992207,1,15685329
742,0,36,2,129748.54,2,0,0,47271.61,1,True,False,Middle,139202.862,0.7169713163964889,1,15584091
717,1,31,4,129722.57,1,0,0,41176.6,0,False,False,Middle,146193.21000000002,0.32803899566630074,0,15640442
589,1,32,2,0.0,2,0,1,9468.64,0,False,False,Middle,1893.728,0.13549411489929208,0,15639314
767,1,36,3,139180.2,1,0,0,123880.19,0,False,False,Middle,176344.257,0.41988159663032815,0,15685320
636,1,49,6,113599.74,2,1,0,158887.09,1,True,False,Senior,208931.994,0.7922736015568672,1,15789158
648,1,33,7,134944.0,1,1,1,117036.38,0,False,False,Middle,216869.46600000001,0.1864601381140318,0,15752137
622,0,58,7,116922.25,1,1,0,120415.61,1,True,False,Senior,201213.17700000003,0.9350048590020444,1,15712551
692,1,28,9,118945.09,1,0,0,16064.25,1,False,True,Young,133402.915,0.2681470049731875,0,15628936
754,1,28,8,0.0,2,1,1,52615.62,0,False,False,Young,42092.49600000001,0.07814780448464602,0,15797227
679,0,35,8,119182.73,1,0,0,121210.09,0,False,True,Middle,216150.802,0.5554031859890848,1,15769974
639,1,27,8,0.0,2,1,0,192247.35,0,False,False,Young,153797.88,0.19501195727482554,0,15737051
774,0,28,1,71264.02,2,0,1,68759.57,0,False,False,Young,78139.977,0.17558858202455307,0,15585595
517,1,41,2,0.0,2,0,1,75937.47,0,False,False,Middle,15187.494,0.24493106063596307,0,15654060
571,0,35,8,0.0,2,0,0,84569.13,0,False,False,Middle,67655.304,0.43456686382916054,0,15745196
747,1,58,7,116313.57,1,1,1,190696.35,1,True,False,Senior,249801.015,0.7608369506035483,1,15571221
792,1,36,5,92140.15,1,0,1,67468.67,0,False,True,Middle,125874.48499999999,0.2121511207848846,0,15660155
688,1,26,1,0.0,2,1,1,104435.94,0,False,False,Young,10443.594000000001,0.0803362024385781,0,15605284
714,1,42,2,177640.09,1,0,1,47166.55,0,True,False,Middle,187073.4,0.5424074296396406,1,15694366
562,0,35,0,0.0,2,1,0,119899.52,0,False,True,Middle,0.0,0.4817671911764957,0,15600739
704,1,48,8,167997.6,1,1,1,173498.45,0,False,True,Senior,306796.36,0.4713772167452435,0,15653253
698,1,36,2,82275.35,2,1,1,93249.26,0,False,False,Middle,100925.202,0.18880710760103486,0,15763431
611,1,49,3,0.0,2,1,1,142917.54,0,False,False,Senior,42875.262,0.3459051183009122,0,15643696
850,0,48,6,111962.99,1,1,0,111755.8,0,True,False,Senior,179016.47000000003,0.8483341238511388,1,15707473
743,0,34,1,131736.88,1,1,1,108543.21,0,True,False,Middle,142591.201,0.47878683593405075,0,15769504
654,1,29,1,0.0,1,1,0,180345.44,0,False,False,Young,18034.544,0.22993761485157194,0,15776807
761,1,36,8,108239.11,2,0,0,99444.02,0,True,False,Middle,187794.326,0.5521032445618965,1,15686870
702,0,46,9,98444.19,1,0,1,109563.28,0,False,False,Senior,197051.142,0.48699904206367745,0,15668747
488,1,32,3,114540.38,1,1,0,92568.07,0,True,False,Middle,142310.801,0.5601533851957748,1,15766908
683,0,35,6,187530.66,2,1,1,37976.36,0,False,False,Middle,210316.476,0.31579245381266857,0,15570134
601,0,42,9,133636.16,1,0,1,103315.74,0,True,False,Middle,226620.326,0.6399105412024247,1,15567367
605,1,52,7,0.0,2,1,1,173952.5,0,False,False,Senior,121766.75,0.40141126183601866,0,15747542
671,0,44,0,84745.03,2,0,1,34673.98,0,True,False,Middle,84745.03,0.6489969771954729,1,15762238
614,0,31,7,120599.38,2,1,1,46163.44,0,True,False,Middle,152913.788,0.38635755089992435,0,15681554
511,0,29,9,0.0,2,0,1,140676.98,0,False,True,Young,126609.282,0.19108742477808588,0,15712825
850,1,39,4,127771.35,2,0,1,151738.54,0,False,False,Middle,188466.766,0.23172476946684778,0,15640280
790,0,46,9,0.0,1,0,0,14679.81,1,False,True,Senior,13211.829000000002,0.6308247616056268,1,15756026
793,0,33,0,0.0,1,0,0,175544.02,0,False,False,Middle,0.0,0.39812935496892604,0,15613319
628,1,69,5,0.0,2,1,1,181964.6,0,False,False,Elder,90982.3,0.7099331087843355,1,15798906
598,1,53,10,167772.96,1,1,1,136886.86,0,True,False,Senior,304659.81999999995,0.7238118933244504,1,15708917
657,0,37,6,95845.6,1,1,0,122218.23,0,False,False,Middle,169176.538,0.5501778991042476,1,15778463
618,0,35,10,0.0,2,1,0,180439.75,0,False,False,Middle,180439.75,0.4399910871558248,0,15699430
681,1,65,7,134714.7,2,0,1,190419.81,0,False,True,Elder,268008.56700000004,0.7456931111501135,1,15649992
516,0,33,3,0.0,2,1,1,58685.59,0,False,True,Middle,17605.677,0.24336142407607314,0,15578980
421,1,28,8,122384.22,3,1,1,89017.38,1,True,False,Young,193598.124,0.23535977310816908,0,15775306
700,0,26,2,0.0,2,0,0,50051.42,0,False,False,Young,10010.284,0.28075377214000813,0,15641655
745,1,25,5,157993.15,2,1,0,146041.45,0,False,False,Young,231013.875,0.22372082967193854,0,15619708
696,1,29,8,0.0,2,1,0,191166.09,0,False,False,Young,152932.872,0.21319529445504495,0,15734565
580,0,42,2,123331.36,1,0,0,103516.08,1,True,False,Middle,144034.576,0.8276580336348089,1,15806438
497,1,27,9,75263.16,1,1,1,164825.04,0,False,True,Young,223605.69600000003,0.13619744257487268,0,15591969
720,0,43,6,137824.03,2,1,0,172557.77,0,False,False,Middle,241358.69199999998,0.6606858207762054,1,15747807
659,1,36,4,132578.92,2,1,0,84320.94,0,True,False,Middle,166307.29600000003,0.5906729407782556,1,15596939
841,0,36,5,156021.31,1,0,0,122662.98,0,False,False,Middle,217352.8,0.5502559645756615,1,15716155
642,1,34,8,0.0,1,1,0,72085.1,0,False,True,Middle,57668.08000000001,0.3129906244903572,0,15765311
732,0,69,9,137453.43,1,0,1,110932.24,1,False,True,Elder,237292.446,0.8720114473208226,1,15757811
600,1,36,4,0.0,2,1,0,143635.36,0,False,True,Middle,57454.144,0.35213009068010975,0,15603830
464,1,33,8,164284.72,2,1,1,3710.34,0,True,False,Middle,167252.992,0.3332419263946147,0,15660602
680,0,47,5,0.0,2,1,1,179843.33,0,False,False,Senior,89921.665,0.42816788699032865,0,15660535
758,1,56,1,0.0,2,1,1,10643.38,0,False,True,Senior,1064.338,0.4951366507183829,0,15666633
630,0,31,2,112373.49,2,1,1,131167.98,0,True,False,Middle,138607.086,0.4015380790246924,0,15596914
577,0,39,10,0.0,2,1,0,10553.31,0,False,False,Middle,10553.31,0.4686186497198814,0,15639788
684,0,34,6,0.0,2,1,1,130928.22,0,False,False,Middle,78556.93200000002,0.21121667253905876,0,15695846
708,0,41,5,0.0,1,0,1,157003.99,0,False,True,Middle,78501.995,0.3682536935402335,0,15726234
732,0,29,1,154333.82,1,1,1,138527.56,0,True,False,Young,168186.576,0.39772317460329776,0,15797964
634,1,37,3,111432.77,2,1,1,167032.49,0,True,False,Middle,161542.517,0.376910033489253,0,15625881
633,0,30,6,0.0,2,0,0,41642.29,0,False,False,Young,24985.374,0.3357328699332363,0,15780628
559,1,34,2,137390.11,2,1,0,9677.0,0,False,False,Middle,139325.50999999998,0.39647957094299624,0,15575883
694,0,37,3,0.0,2,1,1,147012.22,0,False,True,Middle,44103.666000000005,0.27647484717039716,0,15585036
686,0,56,5,111642.08,1,1,1,80553.87,0,True,False,Senior,151919.015,0.823645951883681,1,15589488
553,0,48,3,0.0,1,0,1,30730.95,1,False,True,Senior,9219.285000000002,0.5317788469637614,1,15585888
507,1,36,4,83543.37,1,0,0,140134.43,0,False,False,Middle,139597.142,0.4268538213146754,0,15727915
732,1,50,6,145338.76,1,0,0,91936.1,1,True,False,Senior,200500.42,0.8217593304944576,1,15707567
818,0,31,1,186796.37,1,0,0,178252.63,0,False,False,Middle,204621.633,0.48173261419954494,0,15737792
660,1,35,8,58641.43,1,0,1,198674.08,0,True,False,Middle,217580.694,0.33990456810955744,0,15599433
773,0,41,5,0.0,1,1,0,28266.9,1,False,True,Middle,14133.45,0.5629170819113609,1,15672012
640,1,44,3,137148.68,1,1,0,92381.01,0,False,False,Middle,164862.983,0.5857502498389423,1,15806983
505,1,49,7,80001.23,1,0,0,135180.11,0,False,False,Senior,174627.30699999997,0.6635359338759811,1,15592222
714,1,21,6,86402.52,2,0,0,27330.59,0,True,False,Young,102800.87400000001,0.272286215754015,0,15608968
468,0,42,5,0.0,2,1,0,125305.34,0,False,False,Middle,62652.67,0.5933528487178159,1,15586959
611,1,51,1,122874.74,1,1,1,149648.45,0,False,True,Senior,137839.58500000002,0.5161669552529325,1,15646558
705,1,25,0,97544.29,1,0,1,59887.15,0,False,False,Young,97544.29,0.11034189504640732,0,15725811
646,1,46,1,170826.55,2,1,0,45041.32,0,True,False,Senior,175330.682,0.7894062674502706,1,15572265
667,0,48,1,97133.92,2,0,0,113316.77,1,True,False,Senior,108465.597,0.8596075300279603,1,15794048
511,0,41,8,153895.65,1,1,1,39087.42,0,True,False,Middle,185165.586,0.6310548004864284,1,15677610
653,0,43,6,0.0,2,1,1,7330.59,0,False,False,Middle,4398.354,0.3396864012160975,0,15745012
675,0,57,8,0.0,2,0,1,95463.29,0,False,False,Senior,76370.632,0.6109840450871835,1,15601589
523,1,32,4,0.0,2,1,0,167848.02,0,False,True,Middle,67139.208,0.2974194460830306,0,15686436
567,0,49,5,134956.02,1,1,0,93953.84,1,True,False,Senior,181932.94,0.8881766188102548,1,15693864
741,1,39,7,143637.58,2,0,1,174227.66,0,False,True,Middle,265596.94200000004,0.276934474128963,0,15760550
456,1,32,9,147506.25,1,1,1,135399.21,0,False,True,Middle,269365.539,0.21985098632286754,0,15686137
598,1,64,1,0.0,2,1,0,195635.3,1,False,False,Elder,19563.53,0.8069593231626507,1,15809087
667,1,43,8,190227.46,1,1,0,97508.04,1,False,False,Middle,268233.892,0.5803811003979189,1,15807663
548,0,32,2,172448.77,1,1,0,188083.77,1,False,False,Middle,210065.52399999998,0.5307223013627649,1,15809100
725,1,41,7,113980.21,1,1,1,116704.25,0,False,False,Middle,195673.185,0.2749368404149008,0,15794916
717,1,53,6,0.0,2,0,1,97614.87,0,False,False,Senior,58568.922,0.3994661166514834,0,15614215
594,1,38,4,0.0,2,0,0,186884.04,0,False,False,Middle,74753.61600000001,0.3727763237344598,0,15805449
678,0,25,10,76968.12,2,0,1,131501.72,0,True,False,Young,208469.84,0.2657406403761827,0,15686983
545,1,38,1,88293.13,2,1,1,24302.95,0,False,False,Middle,90723.425,0.2444956857462137,0,15808017
636,0,48,1,170833.46,1,1,0,110510.28,1,False,False,Senior,181884.48799999998,0.7895445545785937,1,15756804
603,1,44,6,108122.39,2,1,0,108488.33,1,True,False,Middle,173215.388,0.7183009947923504,1,15646810
435,1,36,4,0.0,1,1,1,197015.2,0,False,False,Middle,78806.08000000002,0.19499853713580453,0,15710424
535,0,40,8,0.0,1,1,1,27689.77,0,False,False,Middle,22151.816000000003,0.3179861113584106,0,15799422
629,0,45,7,129818.39,3,1,0,9217.55,1,True,False,Middle,136270.675,0.8066513825577754,1,15692750
722,0,35,2,163943.89,2,1,1,15068.18,0,False,False,Middle,166957.526,0.3195681753233005,0,15794549
561,1,28,7,0.0,2,1,0,7797.01,0,False,False,Young,5457.907,0.19458224544439,0,15803764
645,0,38,5,101430.3,2,0,1,4400.32,0,False,False,Middle,103630.46,0.332049739260495,0,15674840
501,0,39,9,117301.66,1,0,0,182025.95,0,False,False,Middle,281125.015,0.6462083796246987,1,15653762
502,0,32,1,173340.83,1,0,1,122763.95,0,True,False,Middle,185617.22499999998,0.5196725296524894,1,15581229
652,0,42,4,0.0,2,1,1,38152.01,0,False,True,Middle,15260.804000000002,0.3628649090607292,0,15800228
574,0,33,3,134348.57,1,1,0,63163.99,0,False,False,Middle,153297.767,0.5227610253093058,1,15656333
518,0,45,9,105525.65,2,1,1,73418.29,0,False,False,Middle,171602.11099999998,0.4635458938399504,0,15697497
749,0,60,6,0.0,1,1,0,17978.68,1,False,False,Senior,10787.208,0.8308918048588815,1,15585362
679,0,43,4,0.0,3,1,0,115136.51,1,False,False,Middle,46054.604,0.5539151463549381,1,15571928
565,1,36,6,106192.1,1,1,0,149575.59,0,False,False,Middle,195937.45400000003,0.42137127177998146,0,15785519
643,0,45,4,45144.43,1,1,0,60917.24,1,False,False,Middle,69511.326,0.6683333348771143,1,15743007
515,1,65,7,92113.61,1,1,1,142548.33,0,False,False,Elder,191897.441,0.7293788955510567,1,15777211
521,1,25,7,0.0,2,1,1,157878.67,0,False,False,Young,110515.06900000002,0.08073682749360145,0,15721935
739,1,38,0,128366.44,1,1,0,12796.43,0,False,True,Middle,128366.44,0.4994903089122793,0,15591711
585,1,42,2,0.0,2,1,1,18657.77,0,False,False,Middle,3731.554,0.24639027133685917,0,15625021
733,1,74,3,106545.53,1,1,1,134589.58,0,True,False,Elder,146922.404,0.9138354684381453,1,15702968
542,0,43,8,145618.37,1,0,1,10350.74,0,False,False,Middle,153898.962,0.47079051011491596,0,15600462
788,1,37,8,141541.25,1,0,0,66013.27,0,False,True,Middle,194351.866,0.43989277388085846,0,15768104
435,1,32,2,57017.06,2,1,1,5907.11,0,True,False,Middle,58198.481999999996,0.29989580964876394,0,15780140
577,1,42,9,0.0,1,1,0,74077.91,0,False,False,Middle,66670.119,0.4379235153458472,0,15585255
703,0,51,3,0.0,3,1,1,77294.56,1,False,False,Senior,23188.368000000002,0.4783348799786109,0,15772781
728,0,35,8,125884.95,2,1,0,54359.02,1,True,False,Middle,169372.166,0.6631737314062967,1,15669987
728,1,32,5,61825.5,1,1,1,156124.93,0,True,False,Middle,139887.965,0.268315277429476,0,15697000
718,1,35,8,0.0,2,1,0,94820.85,0,False,False,Middle,75856.68000000001,0.27950901733412387,0,15733119
621,0,40,6,0.0,1,1,0,155155.25,0,False,False,Middle,93093.15000000001,0.5530058831112197,1,15782390
523,0,40,2,102967.41,1,1,0,128702.1,1,False,False,Middle,128707.83,0.642037517027676,1,15654700
657,1,25,2,171770.55,1,1,0,22745.5,0,True,False,Young,176319.65,0.44311019412948854,0,15632210
727,1,40,1,93051.64,2,1,0,71865.31,1,True,False,Middle,100238.171,0.6396405606465239,1,15642041
643,1,36,7,161064.64,2,0,1,84294.82,0,False,False,Middle,220071.01400000002,0.22323658235188149,0,15709737
645,0,48,7,90612.34,1,1,1,149139.13,0,False,False,Senior,195009.731,0.5343125827423643,1,15792388
568,1,28,5,145105.64,2,1,0,185489.11,0,False,False,Young,237850.195,0.28749203611255125,0,15786014
599,1,58,4,0.0,1,0,0,176407.15,1,False,False,Senior,70562.86,0.7521878061453026,1,15794580
672,0,45,9,0.0,1,1,1,92027.69,1,False,False,Middle,82824.921,0.3933810168120205,0,15675964
685,1,33,6,174912.72,1,1,1,43932.54,0,False,False,Middle,201272.244,0.19502573389944988,0,15814275
516,0,46,1,104947.72,1,1,0,115789.25,1,False,False,Senior,116526.645,0.7448878065110869,1,15724848
685,1,31,10,135213.71,1,1,1,125777.28,0,False,True,Middle,260990.99,0.17332053912585707,0,15754713
806,1,25,7,0.0,2,1,0,18461.9,0,False,True,Young,12923.330000000002,0.15301725834588306,0,15693814
604,1,36,6,116229.85,2,1,1,79633.38,0,False,False,Middle,164009.87800000003,0.2036733777499024,0,15599660
648,0,53,6,111201.41,1,1,1,121542.29,0,False,True,Senior,184126.78399999999,0.6631609394586524,1,15746490
545,0,32,4,0.0,1,1,0,94739.2,0,False,True,Middle,37895.68,0.4401850035106137,0,15566091
756,1,27,1,131899.0,1,1,0,93302.29,0,True,False,Young,141229.229,0.4352980990226316,0,15655961
569,1,35,10,124525.52,1,1,1,193793.78,0,False,False,Middle,318319.30000000005,0.22785405361131136,0,15710404
596,1,47,6,0.0,1,1,0,74835.65,0,False,False,Senior,44901.39,0.5446244878547385,1,15775625
475,1,39,6,0.0,1,1,1,56999.9,1,False,False,Middle,34199.94,0.21821878593364885,0,15792328
646,0,45,3,47134.75,1,1,1,57236.44,0,False,False,Middle,64305.682,0.4524275416062454,0,15719856
784,1,35,3,0.0,2,0,0,81483.64,0,False,True,Middle,24445.092,0.31568318304858434,0,15593773
552,1,45,9,0.0,2,1,0,26752.56,0,False,True,Middle,24077.304000000004,0.4911240469004474,0,15733114
729,1,44,5,0.0,2,0,1,9200.54,0,False,False,Middle,4600.27,0.2452371580218941,0,15797748
609,1,61,1,0.0,1,1,0,22447.85,1,False,True,Elder,2244.785,0.8142642486895312,1,15743411
555,1,51,5,0.0,3,1,0,189122.89,1,False,False,Senior,94561.445,0.5951796837360439,1,15753337
572,0,19,1,138657.08,1,1,1,16161.82,0,True,False,Young,140273.262,0.2583687799697867,0,15601026
785,0,34,9,70302.48,1,1,1,68600.36,0,False,False,Middle,132042.804,0.2321226686159159,0,15658485
714,0,36,1,101609.01,2,1,1,447.73,0,True,False,Middle,101653.783,0.4916267062022656,0,15636731
738,1,35,3,0.0,1,1,1,15650.73,0,False,True,Middle,4695.219,0.16875605367316715,0,15628303
639,1,38,5,130170.82,1,1,1,149599.62,0,True,False,Middle,204970.63,0.42783813990969616,0,15633461
520,1,61,8,133802.29,2,1,1,90304.01,0,True,False,Elder,206045.49800000002,0.8054219454153838,1,15677135
764,0,24,7,106234.02,1,0,0,115676.38,0,False,False,Young,187207.48600000003,0.30412533182335166,0,15590876
661,1,39,6,132628.98,1,0,0,38812.67,0,False,True,Middle,155916.582,0.5017210303722166,1,15790782
564,1,41,9,103522.75,2,1,1,34338.21,0,True,False,Middle,134427.139,0.42203563949536543,0,15700476
708,0,42,8,192390.52,2,1,0,823.36,0,True,False,Middle,193049.20799999998,0.7966246735432347,1,15634141
512,1,36,1,0.0,1,0,1,135482.26,1,False,True,Middle,13548.226000000002,0.21174518107352583,0,15737795
592,1,37,9,0.0,3,1,1,10656.89,0,False,True,Middle,9591.201,0.15329936897384122,0,15790299
619,0,38,3,0.0,2,0,1,116467.35,0,False,False,Middle,34940.20500000001,0.28857368213301876,0,15675316
775,1,52,8,109922.61,1,1,1,96823.32,1,False,False,Senior,187381.266,0.4508593211005051,0,15613630
850,0,44,5,128605.32,1,0,1,171096.2,0,True,False,Middle,214153.42,0.647583015277597,1,15662100
577,0,37,4,0.0,1,1,1,79881.39,0,False,False,Middle,31952.556,0.28768542106806794,0,15668032
724,0,37,10,68598.56,1,1,0,157862.82,0,False,False,Middle,226461.38000000003,0.5220033797649453,1,15599289
710,1,35,1,106518.52,1,1,1,127951.81,0,False,True,Middle,119313.701,0.21836423894714843,0,15754084
696,0,31,8,0.0,2,0,0,191074.11,0,False,False,Middle,152859.288,0.36239254965763323,0,15676521
376,0,46,6,0.0,1,1,0,157333.69,1,False,False,Senior,94400.214,0.7013915908882629,1,15804586
675,0,29,8,121326.42,1,1,0,133457.52,0,True,False,Young,228092.436,0.6001189371734621,1,15781465
745,1,36,8,67226.37,1,1,0,130789.6,0,False,False,Middle,171858.05,0.35917683360163977,0,15729362
697,0,25,5,82931.85,2,1,1,128373.88,0,False,True,Young,147118.79,0.1575598747342441,0,15709295
599,0,39,4,0.0,1,1,0,194273.2,1,False,True,Middle,77709.28000000001,0.5675530809682089,1,15745324
715,0,38,5,118590.41,1,1,1,5684.17,1,False,False,Middle,121432.49500000001,0.3440885776346528,0,15741336
659,1,67,4,145981.87,1,1,1,131043.2,0,False,False,Elder,198399.15,0.7691260160544263,1,15783659
684,0,48,3,73309.38,1,0,0,21228.34,1,False,False,Senior,79677.88200000001,0.7389400898053242,1,15620981
635,0,48,8,130796.33,2,1,1,43250.3,0,False,False,Senior,165396.57,0.5153226904286641,1,15630328
789,1,33,8,151607.56,1,1,0,4389.4,0,True,False,Middle,155119.08,0.5116944283756715,1,15785899
571,0,66,9,111577.01,1,0,1,189271.9,0,True,False,Elder,281921.72,0.9229040468911123,1,15606149
694,1,39,0,107042.74,1,1,1,102284.2,0,False,True,Middle,107042.74,0.2832839280355378,0,15671139
665,0,42,2,156371.61,2,0,1,156774.94,1,False,True,Middle,187726.598,0.4778060403653396,0,15660429
706,0,44,4,129605.99,1,0,0,69865.49,0,False,False,Middle,157552.18600000002,0.699905586961784,1,15571002
807,0,43,0,0.0,2,0,1,85523.24,0,False,True,Middle,0.0,0.3798235426956373,0,15631681
771,0,67,8,0.0,2,1,1,51219.8,0,False,True,Elder,40975.840000000004,0.7662034692020137,1,15731522
531,1,27,8,132576.25,1,0,0,7222.92,0,False,True,Young,138354.586,0.2880252961891043,0,15619529
629,0,37,6,129101.3,1,1,1,23971.33,0,False,False,Middle,143484.098,0.34205048992928755,0,15628034
850,0,31,1,108822.4,1,1,1,132173.31,0,True,False,Middle,122039.731,0.38511281956608345,0,15686164
685,1,35,4,137948.51,1,1,0,113639.64,0,False,True,Middle,183404.366,0.430394312108881,0,15582797
642,1,32,7,100433.8,1,1,1,39768.59,0,False,True,Middle,128271.81300000001,0.17004478042819085,0,15753831
529,1,63,4,96134.11,3,1,0,108732.96,1,False,True,Elder,139627.294,0.8442602194414216,1,15731815
683,0,43,4,115888.04,1,1,1,117349.19,1,True,False,Middle,162827.71600000001,0.6397624487054148,1,15580956
663,0,42,5,124626.07,1,1,1,78004.5,0,False,False,Middle,163628.32,0.43544076610743343,0,15602084
563,0,34,6,139810.34,1,1,1,152417.79,0,False,False,Middle,231261.014,0.32249487624610373,0,15589805
637,0,34,9,0.0,2,0,0,26057.08,0,False,True,Middle,23451.372000000003,0.41109752961011337,0,15720893
544,1,37,3,84496.71,1,0,0,79972.09,0,False,False,Middle,108488.337,0.4424759448382166,0,15641009
649,1,70,9,116854.71,2,0,1,107125.79,0,True,False,Elder,213267.92100000003,0.8822650093931966,1,15605926
638,0,48,10,138333.03,1,1,1,47679.14,0,False,False,Senior,186012.17,0.5321914365474688,1,15805955
723,1,25,3,0.0,2,1,1,134509.47,0,False,False,Young,40352.84100000001,0.07121275824794637,0,15801488
635,1,43,5,78992.75,2,0,0,153265.31,0,True,False,Middle,155625.40500000003,0.6938341435618023,1,15605918
750,0,38,7,97257.41,2,0,1,179883.04,0,False,True,Middle,223175.538,0.35067203478915115,0,15779711
730,1,34,5,122453.37,2,1,0,138882.98,0,False,False,Middle,191894.86,0.34548140893034207,0,15705620
750,0,36,8,112940.07,1,0,1,9855.81,0,False,True,Middle,120824.71800000001,0.3128188140390085,0,15685357
586,0,43,8,132558.26,1,1,0,67046.83,1,False,False,Middle,186195.72400000002,0.6786175960821743,1,15570060
520,0,38,4,0.0,2,1,0,56388.63,0,False,False,Middle,22555.452,0.5080834203210015,1,15582616
652,0,48,8,133297.24,1,1,0,77764.37,0,False,False,Senior,195508.73599999998,0.7497060738622544,1,15799515
550,0,46,7,0.0,2,1,0,130590.35,0,False,False,Senior,91413.24500000001,0.6487523928465426,1,15642937
594,1,27,0,197041.8,1,0,0,151912.49,0,False,False,Young,197041.8,0.32610750175416536,0,15624729
749,0,44,0,71497.79,2,0,0,151083.8,0,True,False,Middle,71497.79,0.7956298582380056,1,15566156
668,1,32,7,0.0,2,1,1,777.37,0,False,False,Middle,544.159,0.10803176496375003,0,15792360
614,0,35,6,128100.28,1,0,0,69454.24,1,True,False,Middle,169772.82400000002,0.720828969763606,1,15807008
773,1,25,1,124532.78,2,0,1,11723.57,0,False,False,Young,125705.137,0.103954027673113,0,15704770
551,1,31,9,82293.82,2,1,1,91565.25,0,True,False,Middle,164702.545,0.25525154950652695,0,15756475
566,1,36,1,142120.91,1,1,0,79616.37,0,False,False,Middle,150082.547,0.45837499053749214,0,15655339
569,1,34,0,151839.26,1,1,0,102299.81,1,False,True,Middle,151839.26,0.4541386001132941,0,15613749
659,1,31,7,149620.88,2,1,1,104533.51,0,False,True,Middle,222794.337,0.16983694888919057,0,15664521
722,0,49,3,168197.66,1,1,0,140765.57,1,False,False,Senior,210427.331,0.7865509280570804,1,15681206
655,1,37,5,93147.0,2,1,0,66214.13,0,False,False,Middle,126254.065,0.3877857660992534,0,15745527
615,0,35,2,97440.02,2,1,1,139816.1,0,False,False,Middle,125403.24,0.28988956910869595,0,15806926
752,0,42,3,65046.08,2,0,1,140139.28,0,True,False,Middle,107087.864,0.564420683334945,1,15724563
661,0,28,7,95357.49,1,0,0,102297.15,0,False,True,Young,166965.495,0.40764868855663244,0,15782899
838,1,43,9,123105.88,2,1,0,145765.83,0,False,True,Middle,254295.127,0.5183009267149941,1,15623521
610,1,29,9,0.0,3,0,1,83912.24,0,False,True,Young,75521.016,0.0978535873433527,0,15810218
811,1,44,3,0.0,2,0,1,78439.73,0,False,True,Middle,23531.919,0.2659142637683251,0,15645621
587,1,62,7,121286.27,1,0,1,6776.92,0,False,True,Elder,126030.114,0.6980015781758021,1,15608114
811,0,28,4,167738.82,2,1,1,9903.42,0,True,False,Young,171700.188,0.34559814356190544,0,15659557
759,0,38,1,104091.29,1,0,0,91561.91,0,False,False,Middle,113247.481,0.5803588019207724,1,15787772
648,0,42,8,121980.56,2,1,0,4027.02,0,True,False,Middle,125202.17599999999,0.7718067537974794,1,15691111
788,0,43,10,0.0,2,1,1,116111.51,0,False,False,Middle,116111.51,0.32123157095183336,0,15592089
725,1,39,1,50880.98,2,1,1,184023.54,0,True,False,Middle,69283.334,0.35709151285506796,0,15633897
646,0,42,3,175159.9,2,0,0,67124.48,1,False,False,Middle,195297.244,0.6873310731913141,1,15701301
601,0,26,7,105514.69,2,1,0,50070.59,0,True,False,Young,140564.103,0.5097770458047951,1,15723685
521,1,52,5,116497.31,3,0,0,53793.1,1,True,False,Senior,143393.86,0.8282102990633461,1,15701602
561,0,33,6,0.0,2,1,0,45261.47,0,False,True,Middle,27156.882,0.41998667378443855,0,15739189
564,1,42,7,99824.45,1,1,1,36721.4,0,False,False,Middle,125529.43,0.2948445869941693,0,15573086
444,1,45,6,0.0,1,1,0,130009.85,1,False,False,Middle,78005.91000000002,0.5406879313489639,1,15569050
650,1,71,0,0.0,1,1,1,175380.77,0,False,True,Elder,0.0,0.773463575329927,1,15750765
724,1,40,10,0.0,1,1,0,127847.25,1,False,False,Middle,127847.25,0.3873355091162491,0,15799811
719,1,35,3,122964.88,1,1,1,138231.7,0,False,True,Middle,164434.39,0.22207785720489087,0,15698442
548,0,29,4,0.0,2,0,1,48673.18,0,False,False,Young,19469.272,0.17318847485288164,0,15655274
635,1,24,4,0.0,2,1,1,70668.77,0,False,True,Young,28267.508,0.07688847747946137,0,15603594
496,0,43,3,0.0,2,0,1,199505.53,0,False,True,Middle,59851.659,0.41965065602931056,0,15585961
676,0,37,5,89634.69,1,1,1,169583.18,1,False,False,Middle,174426.28,0.3269993110969688,0,15686936
541,1,40,7,95710.11,2,1,0,49063.42,0,True,False,Middle,130054.504,0.6420077543641879,1,15770424
778,1,41,7,139706.31,1,1,0,63337.19,0,True,False,Middle,184042.343,0.6712237760968083,1,15587451
850,0,45,5,103909.86,1,1,0,60083.11,1,True,False,Middle,133951.415,0.8120152038953647,1,15602010
633,1,31,1,0.0,1,1,0,48606.71,0,False,False,Middle,4860.671,0.2737133219730086,0,15600583
625,1,49,6,173434.9,1,1,0,165580.93,1,False,False,Senior,272783.458,0.697328071666184,1,15654673
485,1,32,6,102238.01,2,1,1,194010.12,0,False,True,Middle,218644.082,0.1892351639011208,0,15717164
547,0,48,1,179380.74,2,0,1,69263.1,0,False,False,Senior,186307.05,0.6121525792774539,1,15765014
642,1,32,3,0.0,2,1,1,88698.83,0,False,False,Middle,26609.649,0.12282087450081014,0,15682639
718,0,25,4,108691.95,1,1,0,63030.97,0,False,False,Young,133904.338,0.32709138575935875,0,15729279
582,0,32,4,0.0,2,1,0,59668.81,0,False,False,Middle,23867.524,0.38347094725764325,0,15759805
628,1,33,6,0.0,2,0,0,184230.23,0,False,False,Middle,110538.13800000002,0.28403592882710255,0,15767864
737,1,35,0,133377.8,1,0,1,64050.19,0,True,False,Middle,133377.8,0.38437387345377527,0,15769948
828,1,34,9,0.0,2,1,1,81853.98,0,False,True,Middle,73668.582,0.12578083724829592,0,15686345
609,1,53,10,0.0,1,1,1,154642.91,0,False,True,Senior,154642.91,0.46411194703039826,0,15688071
730,1,39,1,116537.6,1,0,0,145679.6,0,False,False,Middle,131105.56,0.47003813754975393,0,15681174
631,0,22,3,0.0,2,0,0,30781.77,0,False,False,Young,9234.531,0.22772148140413737,0,15667521
830,1,40,4,0.0,2,0,1,81622.52,0,False,True,Middle,32649.008,0.20502012135925105,0,15750243
645,1,29,1,130131.08,2,0,1,196474.35,0,False,False,Young,149778.515,0.13865929367894395,0,15695475
663,1,46,3,0.0,2,0,1,176276.1,0,False,False,Senior,52882.83000000001,0.29470379727760104,0,15689176
678,1,30,0,0.0,1,1,0,35113.08,0,False,True,Young,0.0,0.2804765227229357,0,15652955
521,1,30,2,107316.09,1,1,0,64299.82,0,False,False,Young,120176.054,0.3305179336598772,0,15668958
625,0,24,1,0.0,2,1,1,180969.55,0,False,False,Young,18096.954999999998,0.11580215688284592,0,15631054
523,1,30,1,83181.29,1,1,1,138176.78,0,False,False,Young,96998.968,0.1538367097397266,0,15581479
714,0,72,3,0.0,1,1,1,86733.61,0,False,False,Elder,26020.083000000002,0.8468752542012095,1,15577478
580,1,67,3,153946.14,1,1,1,7418.92,0,False,True,Elder,156171.81600000002,0.8038463899420296,1,15780870
722,1,30,5,0.0,2,1,0,166376.54,0,False,False,Young,83188.27000000002,0.21945367740662586,0,15692317
630,0,39,7,135483.17,1,1,0,140881.2,1,False,True,Middle,234100.01000000004,0.6452918750024783,1,15593969
579,1,35,1,0.0,2,1,0,4460.2,0,False,False,Middle,446.02,0.3317552925993254,0,15570417
670,0,38,4,119624.54,2,1,1,110472.12,0,False,False,Middle,163813.38799999998,0.34111505909508516,0,15779059
588,1,34,6,121132.26,2,1,0,86460.28,0,False,True,Middle,173008.428,0.38645186342368454,0,15785980
807,0,42,1,0.0,1,1,0,16500.66,1,False,True,Middle,1650.066,0.6041508358504565,1,15644200
726,0,48,4,0.0,1,1,0,114020.06,1,False,False,Senior,45608.024000000005,0.6801093744545762,1,15793949
812,1,25,5,54817.55,1,1,0,131660.31,0,True,False,Young,120647.70500000002,0.32867281123625264,0,15645103
631,1,40,3,107949.45,1,1,0,52449.62,1,True,False,Middle,123684.336,0.6770988997713181,1,15705860
682,1,30,4,0.0,1,0,1,161465.31,0,False,False,Young,64586.124,0.1163731585940292,0,15623828
625,0,49,2,80816.45,1,1,1,20018.79,0,False,True,Senior,84820.208,0.5910296591079026,1,15715003
607,1,38,3,98205.77,1,1,0,176318.27,0,True,False,Middle,151101.251,0.6379802032564937,1,15623471
600,0,50,6,94684.27,1,1,1,50488.91,0,False,True,Senior,124977.61600000001,0.5984377392587399,1,15798348
602,0,22,7,141604.76,1,1,0,30379.6,0,False,True,Young,162870.48,0.3198816796213643,0,15743016
545,0,74,3,0.0,2,1,1,161326.73,0,False,True,Elder,48398.01900000001,0.8805752205945471,1,15769499
675,1,33,3,0.0,2,1,0,45348.08,0,False,True,Middle,13604.423999999999,0.29271800615199245,0,15798521
581,0,47,1,122949.14,1,0,0,180251.68,1,False,False,Senior,140974.308,0.7606340906030435,1,15706534
640,1,33,8,81677.22,2,0,0,34925.56,0,True,False,Middle,109617.668,0.48342364443979224,0,15706186
850,1,38,7,80293.98,1,0,0,126555.74,0,False,False,Middle,168882.99800000002,0.39551461584704023,0,15812197
490,0,48,8,155413.06,1,1,0,187921.3,0,False,True,Senior,305750.1,0.8154552259672573,1,15650933
710,0,38,4,0.0,2,1,1,136390.88,0,False,True,Middle,54556.352000000006,0.28864415130848387,0,15692991
613,1,38,9,67111.65,1,1,0,78566.64,1,True,False,Middle,137821.626,0.5933283813018715,1,15631189
812,1,34,5,103818.43,1,1,1,166038.27,0,False,False,Middle,186837.565,0.1730433072459047,0,15762198
723,0,20,4,0.0,2,1,1,140385.33,0,False,False,Young,56154.132,0.08245789681811741,0,15699598
512,1,36,4,152169.12,2,0,0,38629.3,1,False,False,Middle,167620.84,0.44644758254962924,0,15692744
731,0,52,10,0.0,1,1,1,24998.75,1,False,False,Senior,24998.75,0.49023647391048786,0,15688963
650,1,26,4,214346.96,2,1,0,128815.33,0,True,False,Young,265873.092,0.45798958108912224,0,15599131
594,1,57,6,0.0,1,1,0,19376.56,1,False,False,Senior,11625.936000000002,0.7156644241369863,1,15680303
844,1,40,7,113348.14,1,1,0,31904.31,1,False,False,Middle,135681.157,0.4307855285789165,0,15628674
686,0,47,5,170935.94,1,1,0,173179.79,1,True,False,Senior,257525.83500000002,0.8760520551665913,1,15648075
695,1,52,8,103023.26,1,1,1,22485.64,0,True,False,Senior,121011.772,0.6333753882983426,1,15586970
624,0,23,6,0.0,2,0,1,196668.51,0,False,True,Young,118001.10600000001,0.1254225265330631,0,15625698
503,1,37,6,0.0,2,0,0,136506.86,0,False,True,Middle,81904.116,0.3918038059785064,0,15790497
535,0,31,7,111855.04,2,1,1,36278.89,0,False,False,Middle,137250.26299999998,0.22982659178146836,0,15682618
743,0,32,6,140348.56,2,1,1,163254.39,0,True,False,Middle,238301.19400000002,0.41576934039318164,0,15762937
702,1,39,8,0.0,2,1,0,99654.13,0,False,True,Middle,79723.304,0.37471650684608027,0,15750929
658,1,29,3,145512.84,1,1,0,20207.02,0,False,False,Young,151574.946,0.3112242876299066,0,15729832
677,0,41,8,146720.98,2,1,1,4195.84,0,True,False,Middle,150077.652,0.5675678525206874,1,15633650
664,1,32,10,107209.73,1,1,1,112340.2,0,False,False,Middle,219549.93,0.15778553695153055,0,15748856
766,0,38,7,130933.74,1,0,1,2035.94,0,True,False,Middle,132358.89800000002,0.523329388123381,1,15589195
461,0,35,8,0.0,1,1,0,132295.95,0,False,True,Middle,105836.76000000001,0.5068250256104478,1,15699911
688,1,36,0,89772.3,1,1,0,177383.68,1,False,True,Middle,89772.3,0.41649945916379244,0,15663438
678,0,32,5,0.0,2,1,0,90284.47,0,False,False,Middle,45142.235,0.36440015432870826,0,15692583
796,1,24,8,0.0,2,1,0,61349.37,0,False,False,Young,49079.49600000001,0.13214222031745293,0,15591257
803,1,42,5,0.0,1,1,0,196466.83,1,False,False,Middle,98233.415,0.4256957618998945,0,15646513
712,1,36,2,100749.5,3,0,0,70758.37,1,False,False,Middle,114901.174,0.3655491770308144,0,15708063
498,0,31,10,0.0,2,1,0,13892.57,0,False,False,Middle,13892.570000000002,0.33602313688877694,0,15696098
850,1,22,2,0.0,2,1,1,9684.52,0,False,True,Young,1936.9040000000002,0.060705724609446204,0,15645517
628,0,51,3,123981.31,2,1,1,40546.15,0,False,False,Senior,136145.155,0.599613056816647,1,15649744
539,0,34,4,91622.42,1,1,1,136603.42,0,True,False,Middle,146263.788,0.48005551928987183,0,15604304
732,1,36,7,126195.81,1,1,1,133172.48,0,False,False,Middle,219416.54600000003,0.21163364984144936,0,15784092
715,1,41,4,94267.9,1,0,1,152821.12,1,False,False,Middle,155396.348,0.27983578287487604,0,15585198
651,1,40,4,0.0,2,1,1,147715.83,0,False,False,Middle,59086.331999999995,0.20349434764253124,0,15624347
813,1,34,0,0.0,2,1,0,43169.15,0,False,False,Middle,0.0,0.28082065736525336,0,15621687
692,1,29,4,0.0,1,1,0,76755.99,1,False,False,Young,30702.396000000004,0.22424740116918782,0,15689081
756,0,39,3,100717.85,3,1,1,73406.04,1,True,False,Middle,122739.66200000001,0.49972769009591855,0,15813168
543,1,36,6,0.0,2,1,0,176728.28,0,False,False,Middle,106036.968,0.33811326553264326,0,15604295
790,0,26,4,141581.71,2,0,0,98309.27,0,False,False,Young,180905.418,0.3409571274986349,0,15724127
494,1,38,7,0.0,2,1,1,6203.66,0,False,True,Middle,4342.562,0.1965320913560704,0,15673055
850,0,39,2,148586.64,1,1,1,176791.27,0,False,False,Middle,183944.89400000003,0.3694713034413934,0,15768201
703,1,29,9,0.0,2,1,0,50679.48,0,False,True,Young,45611.53200000001,0.20553807622910317,0,15782219
432,1,38,7,0.0,2,1,0,150580.88,0,False,True,Middle,105406.61600000002,0.4149004440759031,0,15746410
512,0,32,2,123403.85,2,1,0,80120.19,0,True,False,Middle,139427.888,0.6736234159388018,1,15780144
589,1,28,7,0.0,2,1,0,151645.96,0,False,False,Young,106152.172,0.20781185622827983,0,15590476
514,0,46,3,106511.85,1,1,0,55072.32,0,False,False,Senior,123033.546,0.7429468527799576,1,15624293
678,0,38,2,0.0,2,0,0,115068.99,0,False,False,Middle,23013.798000000003,0.4955610290142417,0,15618182
420,0,34,1,135549.9,1,0,0,149471.13,1,True,False,Middle,150497.013,0.7488176646761199,1,15660316
679,1,38,7,110555.37,2,1,0,46522.68,0,True,False,Middle,143121.24599999998,0.5911932263028535,1,15678886
595,1,31,4,0.0,2,1,0,189995.86,0,False,False,Middle,75998.344,0.2503628565444721,0,15616330
713,0,52,0,185891.54,1,1,1,46369.57,1,False,False,Senior,185891.54,0.6802362615974935,1,15592229
833,1,59,1,130854.59,1,1,1,30722.52,1,True,False,Senior,133926.842,0.7794419939993232,1,15798424
690,0,42,3,92578.14,2,0,0,70810.6,0,False,False,Middle,113821.32,0.6292511279392035,1,15714750
731,0,21,8,132312.06,1,1,0,106663.46,1,True,False,Young,217642.828,0.438857924030104,0,15648800
608,0,62,8,144976.5,1,0,0,175836.03,1,False,False,Elder,285645.324,0.9142127729338262,1,15626147
479,1,48,5,87070.23,1,0,1,85646.41,0,False,True,Senior,129893.435,0.4580254699600204,0,15626608
519,1,42,8,0.0,2,1,1,101485.72,0,False,False,Middle,81188.576,0.23621890960042877,0,15723250
731,0,47,1,115414.19,3,0,0,191734.67,1,False,False,Senior,134587.657,0.6974278644933273,1,15592583
617,1,61,7,91070.43,1,1,1,101839.77,0,False,True,Elder,162358.269,0.6654583616122018,1,15759381
756,1,29,2,117412.19,2,1,0,4888.91,0,False,True,Young,118389.97200000001,0.290835689853405,0,15585241
848,1,31,4,90018.45,2,1,0,193132.98,0,True,False,Middle,167271.642,0.43543529700548456,0,15589358
809,0,24,4,0.0,2,1,0,193518.76,0,False,False,Young,77407.504,0.22434991782043415,0,15672704
698,1,56,1,112414.81,2,0,0,93982.02,1,True,False,Senior,121813.012,0.8707146654710514,1,15789955
779,1,33,1,158456.76,1,1,1,197000.92,1,True,False,Middle,178156.852,0.3300901277329096,0,15596800
606,1,35,7,0.0,1,1,0,106837.06,1,False,True,Middle,74785.942,0.34546370936995563,0,15627305
612,0,58,1,149641.53,1,1,1,115161.28,0,True,False,Senior,161157.658,0.8706357239654025,1,15645316
663,0,33,8,122528.18,1,1,0,196260.3,0,False,True,Middle,279536.42,0.5302970623773066,1,15593973
549,0,45,3,143734.01,2,1,1,96404.38,0,True,False,Middle,172655.32400000002,0.6943752375806977,1,15647301
675,0,32,2,155663.31,1,1,0,97658.66,0,False,False,Middle,175195.042,0.5026489771703183,1,15750258
669,0,35,7,0.0,1,1,1,49108.23,1,False,False,Middle,34375.761000000006,0.23106714030489303,0,15685309
571,0,34,1,101736.66,1,0,1,195651.66,0,True,False,Middle,121301.826,0.48789197085011055,0,15628205
500,1,37,9,125822.21,1,1,0,111698.0,0,False,True,Middle,226350.41000000003,0.4794869187021277,0,15733974
628,1,37,0,0.0,2,1,1,171707.93,0,False,False,Middle,0.0,0.17092149996323006,0,15762110
559,1,34,4,0.0,2,1,1,66721.98,0,False,False,Middle,26688.792,0.14552807373744275,0,15706899
769,0,27,2,0.0,1,1,1,57876.05,0,False,False,Young,11575.210000000001,0.1448861833100042,0,15732660
733,1,31,6,157791.07,2,0,0,177994.81,0,True,False,Middle,264587.956,0.511907542305484,1,15656121
750,1,22,5,0.0,2,0,1,105125.65,0,False,False,Young,52562.825000000004,0.05701808080300109,0,15614220
583,0,42,4,0.0,2,1,0,17439.66,0,False,False,Middle,6975.8640000000005,0.572163623654972,1,15645269
468,1,42,9,181627.14,2,1,0,172668.39,0,True,False,Middle,337028.69100000005,0.7533686149021908,1,15698510
727,0,57,1,109679.72,1,0,1,753.37,0,False,True,Senior,109755.057,0.7437399539356437,1,15569247
618,0,37,5,96652.86,1,1,0,98686.4,1,False,False,Middle,145996.06,0.5581387736002944,1,15566251
617,1,40,5,190008.32,2,1,1,107047.92,0,False,False,Middle,243532.28,0.30243090217789603,0,15716134
793,1,41,9,0.0,2,1,0,152153.74,0,False,True,Middle,136938.366,0.406367006453926,0,15763625
630,1,43,9,0.0,2,1,1,34338.04,0,False,False,Middle,30904.236,0.22016786441419559,0,15605965
765,1,43,4,148962.76,1,0,1,173878.87,1,True,False,Middle,218514.30800000002,0.5244847057867519,1,15694821
546,1,28,8,0.0,1,1,0,159254.29,0,False,False,Young,127403.43200000002,0.22965120955259563,0,15601688
614,0,30,3,131344.52,2,1,0,54776.64,0,True,False,Young,147777.512,0.6231351304020853,1,15575581
593,0,29,5,101713.84,3,1,0,134594.99,0,True,False,Young,169011.335,0.5612946523924178,1,15671209
613,1,34,3,0.0,1,1,1,41724.72,0,False,True,Middle,12517.416000000001,0.17033022836849238,0,15616529
655,1,38,4,0.0,2,0,0,110527.71,0,False,False,Middle,44211.084,0.36046784549585376,0,15773906
700,0,27,6,137963.07,1,0,0,8996.79,0,False,False,Young,143361.144,0.3758054520483126,0,15722993
826,0,29,4,129938.07,1,0,1,190200.53,0,False,True,Young,206018.282,0.2336267061239993,0,15752463
652,1,45,2,151421.44,1,0,1,115333.43,0,True,False,Middle,174488.126,0.5878566646099465,1,15589754
755,0,45,7,135643.0,1,0,0,143619.52,1,True,False,Middle,236176.664,0.8417861066495831,1,15669899
538,1,39,2,122773.5,2,1,1,58467.08,0,False,True,Middle,134466.916,0.2933144494849502,0,15766887
729,1,34,3,152303.8,1,1,0,12128.69,0,False,False,Middle,155942.40699999998,0.3915245278259377,0,15768006
615,1,49,3,0.0,2,1,1,49872.33,0,False,False,Senior,14961.699,0.34699706649506057,0,15741295
700,1,54,1,79415.67,1,0,1,139735.54,0,False,True,Senior,93389.224,0.5382689946891509,1,15811327
434,0,58,9,125801.03,2,1,0,60891.8,1,True,False,Senior,180603.65000000002,0.9338999715084647,1,15690007
729,1,37,10,0.0,2,1,0,100862.54,0,False,True,Middle,100862.54,0.32924384666368733,0,15690664
513,1,35,8,0.0,1,1,0,76640.29,1,False,False,Middle,61312.231999999996,0.3269605614226498,0,15719348
755,1,41,6,104817.41,1,1,0,126013.58,1,False,False,Middle,180425.55800000002,0.4787743450517845,0,15781802
615,0,30,9,0.0,1,1,0,87347.82,0,False,False,Young,78613.03800000002,0.3458610963447919,0,15752731
747,0,32,5,67495.04,2,0,1,77370.37,0,True,False,Middle,106180.22499999999,0.36987693228780066,0,15600997
850,0,36,0,164850.54,1,1,1,62722.44,0,False,False,Middle,164850.54,0.3436737663799689,0,15750776
712,0,49,5,154776.42,2,0,0,196257.68,0,True,False,Senior,252905.26,0.8804756996864869,1,15723907
622,0,28,1,143124.63,2,1,0,81723.8,0,True,False,Young,151297.01,0.600478196731378,1,15633419
548,0,35,10,0.0,1,1,1,31299.71,0,False,False,Middle,31299.71,0.22981948081299083,0,15702430
607,0,27,2,0.0,2,1,0,63495.86,0,False,False,Young,12699.172,0.30231782092177395,0,15710456
653,0,38,8,102133.38,1,1,1,166520.96,0,False,False,Middle,235350.14800000002,0.3552917173025927,0,15650351
699,1,26,6,79932.41,1,0,0,150242.44,0,False,True,Young,170077.874,0.24780389605530784,0,15590820
693,1,40,0,120711.73,1,0,0,27345.18,1,True,False,Middle,120711.73,0.7012243619547378,1,15640454
647,0,43,3,122717.53,2,1,1,87000.39,0,True,False,Middle,148817.647,0.6314953227944305,1,15697789
478,0,36,3,92363.3,2,1,0,44912.7,0,False,True,Middle,105837.11,0.5733468476931449,1,15808182
705,0,40,5,203715.15,1,1,0,179978.68,1,False,True,Middle,293704.49,0.6967143813276245,1,15588670
719,1,39,5,0.0,2,1,0,145759.7,0,False,True,Middle,72879.85,0.38491724808485467,0,15721292
726,1,34,9,0.0,2,0,0,14121.61,0,False,False,Middle,12709.449,0.2501221686399216,0,15604217
626,1,21,1,0.0,2,1,0,66232.23,0,False,False,Young,6623.223,0.13662630106801263,0,15651369
552,1,49,4,0.0,1,1,1,190296.76,1,False,False,Senior,76118.70400000001,0.3773520831410523,0,15782454
807,0,31,1,93460.47,2,0,0,172782.69,0,True,False,Middle,110738.739,0.5893016387590079,1,15814032
621,1,34,6,0.0,2,1,1,99128.13,0,False,False,Middle,59476.878000000004,0.13719158843784696,0,15570326
651,0,24,7,40224.7,1,1,1,178341.33,0,True,False,Young,165063.631,0.2568798712206727,0,15624428
673,0,43,5,168069.73,1,1,1,146992.24,1,False,False,Middle,241565.85,0.48777714849073595,0,15755638
652,1,36,1,0.0,2,1,1,151314.98,0,False,False,Middle,15131.498000000001,0.1593417316702893,0,15600992
584,1,47,7,130538.77,1,1,0,92915.84,0,True,False,Senior,195579.858,0.7879745490817264,1,15755649
756,1,37,3,132623.6,1,1,1,58974.0,0,False,False,Middle,150315.80000000002,0.23085494516847305,0,15795228
670,0,35,3,103465.02,2,1,1,174627.06,0,False,False,Middle,155853.138,0.2833750215901795,0,15589257
765,0,50,9,126547.8,1,1,1,79579.94,1,False,False,Senior,198169.74599999998,0.5543926193392593,1,15719302
528,1,30,2,128262.72,2,1,0,50771.16,0,False,False,Young,138416.952,0.32239059423449185,0,15639882
701,1,40,5,169742.64,1,1,1,153537.55,1,False,False,Middle,246511.41500000004,0.3006290910702196,0,15791279
797,0,29,1,0.0,2,1,1,132975.39,0,False,False,Young,13297.539000000002,0.14822329815019647,0,15636935
639,1,27,3,150795.81,1,0,1,85208.93,0,True,False,Young,176358.489,0.2624361970501991,0,15686909
785,0,61,4,129855.72,2,1,0,170214.82,1,False,True,Elder,197941.648,0.8903221314825845,1,15589572
363,0,28,6,146098.43,3,1,0,100615.14,1,False,True,Young,206467.514,0.4429788665314362,0,15779947
764,0,24,7,0.0,2,1,0,186105.99,0,False,False,Young,130274.193,0.2317878736101499,0,15573769
676,0,43,2,0.0,1,1,1,55119.53,0,False,False,Middle,11023.906,0.38382047332150365,0,15578866
718,1,28,4,65643.3,1,1,0,28760.99,0,True,False,Young,77147.696,0.40377635913735743,0,15739131
590,0,34,6,0.0,2,1,0,171021.44,0,False,True,Middle,102612.864,0.4496632786266356,0,15813444
584,1,38,9,104584.16,1,1,0,176678.72,0,False,False,Middle,263595.00800000003,0.45953318492010925,0,15678058
645,1,41,7,0.0,1,0,1,28667.56,0,False,False,Middle,20067.292,0.2225137165840959,0,15769169
772,1,30,6,99785.28,2,0,0,197238.03,0,True,False,Young,218128.098,0.44845586338577476,0,15804602
399,1,46,2,127655.22,1,1,0,139994.68,1,True,False,Senior,155654.15600000002,0.8058876966621662,1,15651052
529,1,22,5,0.0,1,1,0,151169.83,0,False,False,Young,75584.915,0.1600667912369476,0,15724334
463,1,35,2,101257.16,1,1,1,118113.64,0,False,False,Middle,124879.888,0.22677531168415815,0,15569451
630,0,40,7,0.0,2,1,1,34453.17,0,False,False,Middle,24117.219,0.29067296657320535,0,15650098
780,1,76,10,121313.88,1,0,1,64872.33,0,False,False,Elder,186186.21000000002,0.8384847448779215,1,15724307
584,1,32,5,0.0,2,1,0,10956.82,0,False,True,Middle,5478.41,0.2782165480115513,0,15599268
752,1,30,4,81523.38,1,1,1,36885.85,0,True,False,Young,96277.72,0.24376493502569405,0,15594864
697,0,47,6,128252.66,1,1,1,168053.4,0,False,False,Senior,229084.7,0.5348273062633936,1,15616451
850,0,32,7,0.0,2,0,0,155227.0,0,False,False,Middle,108658.90000000001,0.3476471958337851,0,15715667
711,1,51,7,0.0,3,1,0,38409.79,1,False,False,Senior,26886.853000000003,0.5432073178681485,1,15658969
452,0,32,5,0.0,2,0,1,75279.39,0,False,False,Middle,37639.695,0.21791916596905636,0,15738174
610,1,42,6,0.0,2,1,0,158302.59,1,False,True,Middle,94981.554,0.46093761315064974,0,15813590
694,0,22,4,0.0,2,1,1,11525.72,0,False,False,Young,4610.288,0.0954223041891184,0,15624229
579,1,33,6,0.0,1,1,0,94993.04,1,False,True,Middle,56995.824,0.31700752248982533,0,15674148
745,0,54,8,0.0,1,1,0,173912.29,1,False,True,Senior,139129.83200000002,0.7900021218763781,1,15625080
572,1,33,5,0.0,1,0,1,41139.05,0,False,False,Middle,20569.525,0.14734283536874246,0,15682528
505,1,29,3,145541.56,2,1,1,58019.95,0,True,False,Young,162947.54499999998,0.2842141853166936,0,15696900
706,0,23,5,0.0,1,0,0,164128.41,1,False,False,Young,82064.20500000002,0.24638416219041726,0,15730038
693,1,44,5,124601.58,2,1,1,46998.13,1,True,False,Middle,148100.64500000002,0.498038827829647,0,15812272
725,0,33,7,115182.84,2,1,1,177279.41,0,True,False,Middle,239278.42700000003,0.42309472631624884,0,15654654
791,1,37,2,163789.49,2,1,0,75832.53,0,False,False,Middle,178955.99599999998,0.4248381739366743,0,15697625
536,1,46,1,65733.41,1,1,0,61094.53,0,False,False,Senior,71842.863,0.6047647185762373,1,15616280
699,1,47,1,0.0,2,0,1,30117.44,0,False,True,Senior,3011.744,0.34434764064895795,0,15654229
500,0,47,8,128486.11,1,1,0,179227.12,0,False,True,Senior,271867.806,0.7891336151552125,1,15628298
707,0,53,6,109663.47,1,1,1,52110.45,0,False,True,Senior,140929.74,0.6444644950455797,1,15733387
531,0,42,6,88324.31,2,1,0,75248.75,0,True,False,Middle,133473.56,0.7880099179479247,1,15775572
557,0,28,7,146445.24,2,1,0,184317.74,0,False,False,Young,275467.658,0.415915153792238,0,15613844
659,0,38,3,0.0,2,1,0,158553.1,0,False,False,Middle,47565.93000000001,0.48639789526299804,0,15578515
575,0,31,6,0.0,2,1,1,95686.42,0,False,True,Middle,57411.852000000006,0.2013655265435119,0,15607598
775,1,36,2,109949.05,2,0,1,71682.54,0,True,False,Middle,124285.558,0.34920097438793896,0,15742480
772,1,30,4,78653.05,1,1,0,1790.48,0,False,True,Young,79369.242,0.28814506966376024,0,15749482
587,1,46,9,107850.82,1,1,0,139431.0,1,True,False,Senior,233338.72000000003,0.7672537171839514,1,15607537
667,0,39,4,83765.35,2,1,0,118358.54,0,True,False,Middle,131108.766,0.7335694681100987,1,15575410
771,0,66,7,143773.07,1,1,1,130827.88,0,False,False,Elder,235352.586,0.827372133465901,1,15684865
523,1,63,6,116227.27,1,1,1,119404.63,0,True,False,Elder,187870.048,0.8407241095188794,1,15600700
662,1,33,0,103471.52,1,1,1,162703.0,0,True,False,Middle,103471.52,0.31945244923935157,0,15774155
717,1,42,5,0.0,2,1,0,172665.21,0,False,False,Middle,86332.605,0.4163271291527486,0,15634267
746,1,24,3,137492.35,2,0,1,170142.09,0,False,False,Young,188534.977,0.0952113445861176,0,15619626
569,1,28,7,0.0,2,1,0,73977.23,0,False,False,Young,51784.061,0.20115500042902149,0,15660422
579,1,36,9,129829.59,1,1,1,60906.12,0,False,False,Middle,184645.098,0.21606028018326423,0,15617934
519,0,21,1,146329.57,2,1,1,194867.27,0,False,False,Young,165816.29700000002,0.14273665788997492,0,15760774
696,1,30,4,114027.7,1,1,1,193716.56,0,True,False,Young,191514.324,0.272048395455533,0,15813132
693,1,25,6,146580.69,1,0,1,14633.35,0,True,False,Young,155360.7,0.21011859608667857,0,15593331
587,0,38,0,132122.42,2,0,0,31730.32,0,True,False,Middle,132122.42,0.7792337969881017,1,15616709
626,0,44,10,81553.93,1,1,0,20063.63,1,False,False,Middle,101617.56,0.6350067835000734,1,15658052
666,0,66,7,0.0,2,1,1,99792.82,0,False,False,Elder,69854.974,0.7564717024427962,1,15721189
512,1,24,6,0.0,2,1,0,37654.31,0,False,False,Young,22592.586,0.16162627311706204,0,15711288
689,0,28,3,0.0,2,1,1,192449.02,0,False,True,Young,57734.706,0.16027233607903882,0,15770030
803,0,26,4,0.0,2,1,1,181208.47,0,False,False,Young,72483.388,0.11921633112889696,0,15803681
548,1,32,5,175214.71,1,1,1,155165.61,0,True,False,Middle,252797.51499999998,0.3630369396876123,0,15702789
588,0,40,10,125534.51,1,1,0,121504.18,1,True,False,Middle,247038.69,0.7856898748370924,1,15814930
693,1,68,4,97705.99,1,1,1,61569.07,0,False,False,Elder,122333.618,0.7531359060873933,1,15658306
499,0,55,4,126817.65,2,1,0,123269.71,0,True,False,Senior,176125.53399999999,0.9232176453901472,1,15699523
628,0,46,1,46870.43,4,1,0,31272.14,1,False,False,Senior,49997.644,0.6438986002508323,1,15610383
624,1,46,3,0.0,2,1,1,62825.03,0,False,True,Senior,18847.509000000002,0.3184759209230439,0,15615032
733,1,42,9,120094.93,1,1,0,184056.45,0,False,False,Middle,285745.735,0.5222746446688283,1,15781989
628,0,38,3,0.0,2,1,1,48924.73,0,False,False,Middle,14677.419000000002,0.2810182367111664,0,15647402
633,0,33,3,0.0,2,1,0,191111.02,0,False,False,Middle,57333.306,0.3955878915923173,0,15740494
559,0,36,1,104356.94,2,0,1,54184.06,0,True,False,Middle,109775.346,0.52411724019087,1,15701265
704,1,27,5,147004.34,1,1,0,64381.33,1,True,False,Young,179195.005,0.43778747111328764,0,15743532
744,1,38,6,73023.17,2,1,0,78770.86,0,True,False,Middle,120285.686,0.5645782512480831,1,15794870
665,0,40,1,173432.55,1,0,1,116766.79,0,False,True,Middle,185109.229,0.4796288287382407,0,15747591
638,0,42,7,165679.92,1,0,0,32916.29,0,False,False,Middle,188721.323,0.6803878611701346,1,15726557
837,1,31,9,104678.62,1,0,1,50972.6,0,False,True,Middle,150553.96,0.14252345935902094,0,15732199
534,0,55,8,116973.26,3,1,0,122066.5,1,False,False,Senior,214626.46000000002,0.822232811901064,1,15662291
548,0,36,3,0.0,1,1,0,65996.9,0,False,False,Middle,19799.07,0.49313047710752544,0,15749050
837,1,38,2,126732.85,1,1,1,79577.38,0,True,False,Middle,142648.326,0.39833817348098166,0,15781586
658,0,44,6,148481.09,1,1,0,130529.13,0,False,False,Middle,226798.568,0.7087092635944594,1,15617078
554,0,38,4,137654.05,2,1,1,172629.67,0,False,False,Middle,206705.918,0.37338732731665786,0,15723339
724,1,30,7,115315.04,1,1,0,15216.53,0,True,False,Young,125966.61099999999,0.45098489654189405,0,15671322
723,1,42,2,99095.73,1,1,1,17512.53,0,False,False,Middle,102598.23599999999,0.29890530108410657,0,15793854
585,0,39,7,165610.41,2,0,0,131852.01,0,True,False,Middle,257906.817,0.7879390373770437,1,15756539
474,1,33,5,0.0,2,1,0,181945.52,1,False,False,Middle,90972.76000000001,0.29877646236454986,0,15612064
562,1,32,6,161628.66,1,1,0,91482.5,0,False,True,Middle,216518.16,0.403516274912413,0,15625916
719,1,32,9,146605.27,1,1,1,77119.45,0,False,False,Middle,216012.77499999997,0.16321279906364444,0,15683195
635,1,37,5,113488.68,1,1,0,95611.74,1,True,False,Middle,161294.55,0.6198354460157532,1,15690182
743,1,42,7,77002.2,2,1,1,80428.42,0,False,False,Middle,133302.09399999998,0.24488142149284453,0,15721719
681,1,67,7,0.0,2,0,1,163714.92,0,False,True,Elder,114600.44400000002,0.6987679454070596,1,15641690
521,0,39,6,0.0,2,0,1,27375.15,0,False,False,Middle,16425.090000000004,0.3034045390284599,0,15634896
741,1,25,4,0.0,2,1,1,73873.65,0,False,True,Young,29549.46,0.07694376912671662,0,15671590
790,1,46,8,182364.53,1,0,0,139266.48,1,False,True,Senior,293777.71400000004,0.652444134993104,1,15779182
622,1,35,8,0.0,2,1,1,131772.51,0,False,False,Middle,105418.00800000002,0.14676084707374434,0,15778287
669,1,45,7,149364.58,1,0,1,173454.07,0,False,False,Middle,270782.429,0.3900716686223701,0,15609510
583,1,59,7,127450.14,1,0,1,67552.71,0,False,False,Senior,174737.037,0.6362654435116704,1,15742229
520,0,63,5,162278.32,1,1,1,34765.33,0,False,True,Elder,179660.98500000002,0.8406782759218636,1,15658532
579,1,37,5,152212.88,2,0,0,120219.14,0,False,True,Middle,212322.45,0.48100992152273364,0,15590993
698,0,39,9,161993.89,1,0,0,90212.38,0,False,True,Middle,243185.032,0.6435521669341514,1,15565701
548,1,39,7,131468.44,1,1,0,164975.82,0,False,True,Middle,246951.51400000002,0.5283385673813471,1,15597239
672,1,40,10,102980.44,1,1,0,1285.81,1,True,False,Middle,104266.25,0.6150290721556476,1,15688880
653,1,31,9,143321.97,1,1,0,83679.46,0,True,False,Middle,218633.484,0.5059279011825852,1,15813917
734,0,37,2,130404.92,1,0,0,34548.74,0,False,True,Middle,137314.668,0.6103033803315429,1,15679611
794,0,41,7,0.0,2,1,1,74275.08,0,False,False,Middle,51992.556000000004,0.2879666354292954,0,15636589
641,1,30,2,87505.47,2,0,1,7278.57,0,False,False,Young,88961.18400000001,0.14131031602735442,0,15687752
824,1,30,0,133634.02,1,1,1,162053.92,0,False,False,Young,133634.02,0.14252576605457842,0,15584363
534,0,33,3,151233.62,1,0,0,199336.63,0,False,True,Middle,211034.609,0.5748512647118453,1,15737748
653,1,55,2,70263.83,1,0,1,62347.71,0,False,True,Senior,82733.372,0.5635319279131465,1,15803365
498,1,34,5,0.0,2,1,1,91711.66,0,False,False,Middle,45855.83000000001,0.14952350400535977,0,15793247
683,1,30,10,57657.49,1,0,0,79240.9,0,False,False,Young,136898.39,0.2555234322549356,0,15572360
618,1,42,8,153572.31,2,1,1,76679.6,0,True,False,Middle,214915.99,0.48156386116609007,0,15795166
538,1,37,1,134752.08,1,1,0,162511.55,0,False,False,Middle,151003.235,0.46764596849747375,0,15724620
643,1,34,3,83132.09,1,1,1,21360.88,0,False,True,Middle,89540.35399999999,0.20176788337268528,0,15800856
428,0,31,2,0.0,2,1,0,54487.43,0,False,False,Middle,10897.486,0.40233456781248716,0,15671097
593,0,32,9,134096.53,2,1,0,53931.05,1,True,False,Middle,182634.475,0.6325468276048329,1,15683930
718,0,31,0,118100.59,2,1,0,103165.15,0,False,False,Middle,118100.59,0.43305345524575456,0,15749004
811,1,52,10,76915.4,1,0,0,146359.81,1,True,False,Senior,223275.21000000002,0.8097047592065042,1,15800434
823,0,46,3,81576.75,1,1,1,28370.95,1,False,True,Senior,90088.035,0.49136088384990395,0,15709117
645,1,49,2,0.0,2,0,0,10023.15,0,False,True,Senior,2004.63,0.609207614688261,1,15638806
710,1,33,10,118327.17,2,1,1,192928.82,0,False,False,Middle,311255.99000000005,0.16965983806876925,0,15662294
591,1,30,8,124857.69,2,0,0,50485.7,0,False,True,Young,165246.25,0.311752424635708,0,15690079
748,0,27,2,90971.85,1,1,1,131662.47,0,True,False,Young,117304.34400000001,0.31895275107750404,0,15759317
850,0,37,7,153147.75,1,1,1,152235.3,0,False,False,Middle,259712.46,0.3350543536998064,0,15750497
542,1,38,8,65942.26,1,1,1,68093.23,1,False,False,Middle,120416.844,0.22182781246743039,0,15596181
809,1,38,3,0.0,2,1,1,80061.31,0,False,False,Middle,24018.393,0.16473258303273186,0,15576602
675,1,54,2,0.0,1,1,0,149583.67,1,False,False,Senior,29916.734000000004,0.6715193586562991,1,15644833
607,0,27,5,100912.19,1,0,0,7631.27,0,False,True,Young,104727.825,0.4013130724722888,0,15734634
850,0,31,4,0.0,2,1,1,33082.81,0,False,False,Middle,13233.124,0.1590240867627076,0,15808689
789,1,37,3,0.0,1,1,0,121883.87,1,False,False,Middle,36565.161,0.3362949122581173,0,15720702
598,0,43,5,0.0,3,1,1,100722.72,1,False,False,Middle,50361.36,0.3415138267551421,0,15665077
756,1,41,2,124439.49,2,0,1,47093.11,0,True,False,Middle,133858.112,0.4559776726817481,0,15763612
687,0,47,7,0.0,2,1,1,177624.01,0,False,False,Senior,124336.80700000002,0.42765122342254963,0,15596493
724,1,40,6,0.0,2,0,0,106149.48,0,False,False,Middle,63689.688,0.37887059341112805,0,15704483
700,0,44,2,58781.76,1,1,0,16874.92,0,False,False,Middle,62156.744,0.6626052227290293,1,15598846
635,1,50,7,159453.64,2,0,0,54560.79,1,False,True,Senior,197646.19300000003,0.6984245254242661,1,15629244
687,1,26,2,142721.52,1,1,1,153605.75,0,True,False,Young,173442.66999999998,0.23036582187219135,0,15765537
613,0,46,8,167795.6,1,0,1,44390.38,0,False,False,Senior,203307.904,0.5386429758507092,1,15729975
781,0,38,3,128345.69,2,1,0,63218.85,0,False,False,Middle,147311.345,0.5540987430655823,1,15682773
703,1,20,3,165260.98,1,1,1,41626.78,0,False,True,Young,177749.01400000002,0.0932384180086642,0,15688007
593,0,62,3,118233.81,1,0,1,24765.53,1,True,False,Elder,125663.469,0.8970733852514793,1,15574331
743,0,40,6,0.0,1,1,0,28280.8,1,False,False,Middle,16968.48,0.5148193949648612,1,15645572
640,0,46,8,0.0,2,1,0,89043.19,0,False,True,Senior,71234.55200000001,0.6487169507443918,1,15742854
849,1,37,7,143452.74,2,1,1,17294.12,0,True,False,Middle,155558.62399999998,0.3366250225758798,0,15575417
778,1,38,3,145018.49,2,1,1,126702.41,0,False,False,Middle,183029.213,0.23021758127458822,0,15796721
539,0,38,8,82407.51,1,1,0,13123.41,0,True,False,Middle,92906.238,0.727481137627047,1,15734942
489,1,28,1,79460.98,2,1,1,167973.63,0,True,False,Young,96258.343,0.23516397820925924,0,15664772
568,0,43,9,0.0,1,1,0,125870.79,1,False,True,Middle,113283.711,0.6347051059340993,1,15576683
618,1,38,5,126473.99,1,1,0,91972.49,0,False,True,Middle,172460.23500000002,0.48759681212793543,0,15682563
710,0,30,10,133537.1,2,1,0,155593.74,0,True,False,Young,289130.83999999997,0.6018433766782046,1,15650889
625,1,52,5,164978.01,1,1,1,67788.49,0,False,False,Senior,198872.255,0.5239775220440531,1,15612108
682,1,46,7,128029.72,1,1,1,62615.35,0,False,True,Senior,171860.465,0.391109157374866,0,15761132
727,1,43,2,97403.18,1,1,1,107415.02,1,False,True,Middle,118886.184,0.33228322731176985,0,15645511
794,0,41,7,176845.41,3,1,0,166526.26,1,False,False,Middle,293413.792,0.6151357138693916,1,15609824
652,1,71,4,0.0,1,1,1,120107.1,0,False,True,Elder,48042.840000000004,0.7730529251488543,1,15640268
670,1,42,3,81589.04,1,1,0,188227.8,0,False,True,Middle,138057.38,0.5301010506679824,1,15645778
460,0,40,6,119507.58,2,1,0,91560.63,1,True,False,Middle,174443.958,0.786514682771934,1,15691104
568,0,26,6,0.0,2,0,0,166495.2,0,False,True,Young,99897.12000000001,0.3166573434190333,0,15714567
643,1,30,5,94443.77,1,1,1,165614.4,0,False,False,Young,177250.97000000003,0.14477053702287693,0,15777826
521,1,37,2,0.0,2,1,1,86372.24,0,False,False,Middle,17274.448,0.18598471455677082,0,15668445
615,1,32,7,92199.84,1,1,1,2755.53,0,False,False,Middle,94128.711,0.15120638574894213,0,15576162
575,1,43,3,0.0,1,1,0,83594.51,0,False,True,Middle,25078.353,0.5128212646231544,1,15778135
717,0,41,3,135756.96,1,1,1,103706.41,0,False,False,Middle,166868.883,0.4227546346243492,0,15613141
648,0,54,9,120633.42,1,0,0,5924.38,1,False,False,Senior,125965.362,0.8124773108418608,1,15635435
535,1,48,5,134542.73,1,1,1,58203.67,1,True,False,Senior,163644.565,0.6315621510752418,1,15596552
626,1,29,7,0.0,2,1,0,49361.84,0,False,True,Young,34553.288,0.22263634199051552,0,15623644
611,1,52,7,0.0,1,0,1,73585.18,1,False,True,Senior,51509.626,0.4413333357356932,0,15683403
734,1,39,6,0.0,1,1,1,95135.27,0,False,True,Middle,57081.162000000004,0.20858385134693325,0,15615029
709,1,49,4,154344.49,2,1,1,38794.57,0,False,False,Senior,169862.318,0.4251133424951217,0,15769005
591,1,43,3,0.0,2,0,1,198926.36,0,False,False,Middle,59677.907999999996,0.2585022827024994,0,15746326
664,1,43,9,189026.53,2,1,1,56099.86,0,False,False,Middle,239516.404,0.3215593476051793,0,15722364
431,1,37,0,120764.08,1,1,1,117023.08,0,False,False,Middle,120764.08,0.27389757603787396,0,15704954
647,0,22,3,97975.82,2,0,1,62083.0,0,True,False,Young,116600.72,0.247796622578655,0,15694409
578,1,32,4,0.0,2,1,1,141822.8,0,False,False,Middle,56729.119999999995,0.12681979930654452,0,15754068
555,1,41,10,113270.2,2,1,1,185387.14,0,True,False,Middle,298657.34,0.4725456255320386,0,15683841
775,1,30,4,0.0,2,0,1,57461.13,0,False,True,Young,22984.452,0.11013477652482416,0,15789095
850,1,39,3,124548.99,2,1,1,120380.12,0,True,False,Middle,160663.026,0.3858195276557838,0,15719958
625,1,43,8,201696.07,1,1,0,133020.9,1,False,False,Middle,308112.79000000004,0.6031455976281703,1,15689514
645,0,37,7,0.0,2,1,0,13589.93,0,False,True,Middle,9512.951000000001,0.4694717354309186,0,15621353
608,1,44,7,114203.47,1,1,1,77830.36,1,True,False,Middle,168684.722,0.5229732127291299,1,15627232
689,0,31,4,0.0,2,1,1,136610.02,0,False,True,Middle,54644.008,0.19363482953590652,0,15745843
652,1,50,8,125437.64,1,1,1,17160.94,1,True,False,Senior,139166.392,0.6178035728677641,1,15722902
769,0,26,7,0.0,2,1,0,176843.53,0,False,False,Young,123790.471,0.2584121764546237,0,15791767
611,0,43,8,64897.75,1,1,0,114996.33,0,False,False,Middle,156894.814,0.6427889284029659,1,15792722
489,1,38,8,0.0,2,0,1,196990.79,0,False,False,Middle,157592.632,0.20801077592111106,0,15723006
528,0,46,9,135555.66,1,1,0,133146.03,1,True,False,Senior,255387.087,0.8647153405739132,1,15771942
632,1,44,3,107764.75,1,1,0,185667.72,0,False,False,Middle,163465.066,0.5655892176491502,1,15774738
429,0,27,6,117307.44,2,1,1,24020.49,0,False,False,Young,131719.734,0.19685260657539677,0,15574004
457,1,41,8,73700.12,3,1,1,185750.02,1,False,False,Middle,222300.136,0.26504565746287273,0,15587233
768,0,44,6,60603.4,1,1,1,178045.97,0,False,True,Middle,167430.98200000002,0.44690140740443596,0,15808228
715,0,35,4,40169.88,2,1,1,199857.47,0,False,True,Middle,120112.86800000002,0.26514649954524094,0,15682834
668,0,32,10,92041.87,1,1,1,43595.9,0,True,False,Middle,135637.77,0.38079844815753827,0,15571752
625,1,26,3,130483.95,1,1,0,122810.53,0,True,False,Young,167327.109,0.4307418469363049,0,15743067
846,0,41,5,0.0,3,1,0,3440.47,1,False,False,Middle,1720.235,0.47392515141575936,0,15714466
661,0,42,3,0.0,2,1,0,35989.41,0,False,True,Middle,10796.823000000002,0.5922250274805659,1,15617982
571,0,23,10,151097.28,1,0,1,17163.75,0,False,False,Young,168261.03,0.15196852895915472,0,15696637
582,0,46,8,67563.31,1,1,0,44506.09,1,False,True,Senior,103168.182,0.709557756645275,1,15690647
716,0,35,8,112808.18,1,0,1,17848.3,0,False,False,Middle,127086.81999999999,0.280301168583566,0,15672756
758,0,42,7,0.0,2,0,1,76209.56,0,False,False,Middle,53346.691999999995,0.31765944732341594,0,15704586
725,1,66,4,86459.8,1,1,1,141476.56,0,False,False,Elder,143050.424,0.7143182513857631,1,15674526
630,0,40,0,118633.08,1,0,1,60032.46,1,False,False,Middle,118633.08,0.43338425195330343,0,15775295
627,0,55,2,159441.27,1,1,0,100686.11,1,False,False,Senior,179578.492,0.8615820231286468,1,15684196
653,0,27,9,0.0,2,1,0,96429.29,0,False,False,Young,86786.361,0.27304983790971654,0,15727281
775,0,38,4,125212.65,2,1,1,15795.88,1,True,False,Middle,131531.002,0.510697431143594,1,15787835
794,1,45,8,88656.37,2,1,0,116547.31,0,False,True,Middle,181894.218,0.5356076318230001,1,15730540
831,0,32,2,146033.62,1,1,0,191260.74,0,False,False,Middle,184285.76799999998,0.46130129373678974,0,15646276
561,1,29,9,120268.13,1,1,1,173870.39,0,False,False,Young,276751.481,0.15235653430673557,0,15582180
705,1,46,7,0.0,2,1,0,117273.35,0,False,True,Senior,82091.34500000002,0.5129622428107219,1,15697095
636,0,33,0,0.0,1,1,0,92277.47,1,False,True,Middle,0.0,0.45790219134634336,0,15748797
487,0,46,4,135070.58,2,1,1,44244.49,1,True,False,Senior,152768.376,0.7106365281146639,1,15754796
693,0,38,3,0.0,2,0,0,78133.48,1,False,False,Middle,23440.044,0.49095790600433326,0,15628947
517,0,29,5,0.0,2,1,0,103402.88,0,False,True,Young,51701.44,0.3643336001068473,0,15775546
684,0,27,9,122550.05,2,0,1,137835.82,0,False,False,Young,246602.288,0.18245449486521803,0,15670481
620,0,43,2,0.0,2,1,0,20670.1,0,False,True,Middle,4134.0199999999995,0.6249570045826094,1,15619029
757,1,29,8,130306.49,1,1,0,77469.38,0,False,False,Young,192281.994,0.26834248795000765,0,15613282
739,0,27,6,0.0,1,1,1,57572.38,0,False,False,Young,34543.428,0.13684236986962303,0,15721487
662,0,41,4,90350.77,1,1,0,75884.65,1,False,True,Middle,120704.63,0.6489886671328529,1,15797276
359,0,44,6,128747.69,1,1,0,146955.71,1,False,False,Middle,216921.116,0.7426558820725789,1,15612494
572,1,23,2,126873.52,1,0,1,67040.12,0,False,True,Young,140281.544,0.11924409113694513,0,15629617
721,1,69,2,108424.19,1,1,1,178418.35,0,False,False,Elder,144107.86000000002,0.7705212309415381,1,15600821
707,1,32,9,0.0,2,0,0,30807.02,0,False,False,Middle,27726.318,0.22795440611174062,0,15579062
444,0,40,5,84350.07,1,1,0,143835.76,0,False,False,Middle,156267.95,0.6390766758604017,1,15814268
523,0,73,7,0.0,2,0,0,130883.9,1,False,False,Elder,91618.73,0.9400039034905571,1,15710164
685,0,30,4,84958.6,2,0,1,194343.72,0,True,False,Young,162696.088,0.36297018843608375,0,15693904
673,0,29,4,99097.36,1,1,1,9796.69,0,True,False,Young,103016.03600000001,0.3643372579986256,0,15588986
503,1,30,10,136622.55,2,0,0,47310.24,0,True,False,Young,183932.78999999998,0.47882630367325557,0,15797733
485,0,30,5,156771.68,1,1,1,141148.21,0,True,False,Young,227345.78499999997,0.4562603349095444,0,15620507
799,1,28,7,167658.33,2,1,1,111138.25,0,True,False,Young,245455.10499999998,0.23096083259201147,0,15685150
585,0,33,8,0.0,2,1,0,114182.07,0,False,True,Middle,91345.65600000002,0.41912705270475076,0,15667651
607,0,24,2,109483.54,2,0,1,127560.77,0,True,False,Young,134995.694,0.29050166758028945,0,15774166
521,0,40,9,134504.78,1,1,0,18082.06,0,True,False,Middle,150778.634,0.7801655822666544,1,15649280
535,0,44,2,114427.86,1,1,1,136330.26,0,False,False,Middle,141693.912,0.49918979905219796,0,15705657
724,1,45,5,83888.54,1,0,1,34121.81,0,False,True,Middle,100949.44499999999,0.35390814987975977,0,15753969
520,1,32,5,110029.77,1,1,0,56246.69,0,True,False,Middle,138153.115,0.5410575937523494,1,15742378
696,1,41,9,127523.75,1,0,1,191417.42,0,False,True,Middle,299799.428,0.33124767890923157,0,15794874
657,1,30,1,139762.13,2,1,1,23317.88,0,True,False,Young,142093.918,0.2866451553971799,0,15589221
603,0,42,8,91611.12,1,0,0,144675.3,1,False,True,Middle,207351.36,0.6820289935244912,1,15596671
726,0,42,2,109471.79,1,0,1,175161.05,0,False,False,Middle,144504.0,0.4294606797162385,0,15583668
591,0,39,4,150500.64,1,1,0,14928.8,0,False,False,Middle,156472.16,0.6362775895670092,1,15710206
792,0,59,9,101609.77,1,0,0,161479.19,1,True,False,Senior,246941.04100000003,0.933455995193188,1,15799966
550,1,57,5,0.0,1,1,1,133501.94,0,False,False,Senior,66750.97,0.525980854794845,1,15794560
601,0,26,8,78892.23,1,1,1,23703.52,0,False,False,Young,97855.046,0.15740604473809378,0,15626485
820,0,29,3,82344.84,1,0,1,115985.38,0,False,False,Young,117140.454,0.19423268663745433,0,15703143
667,1,48,2,0.0,1,1,0,43229.2,0,False,False,Senior,8645.84,0.5715441255483696,1,15809772
573,0,44,4,0.0,1,1,1,94862.93,0,False,True,Middle,37945.172,0.43738118804069526,0,15687959
755,1,62,1,127706.33,2,0,1,142377.69,0,False,False,Elder,141944.099,0.6588339774334703,1,15585282
552,0,41,9,124349.34,1,1,0,135635.25,0,False,False,Middle,246421.065,0.6573095430057144,1,15714993
598,1,44,8,0.0,2,1,0,148487.9,0,False,True,Middle,118790.32,0.4983386080708027,0,15596021
576,1,28,1,119336.29,2,0,1,58976.85,0,True,False,Young,125233.97499999999,0.2603126247210902,0,15646615
670,0,31,9,0.0,1,0,1,76254.83,0,False,False,Middle,68629.347,0.1835266804140403,0,15742632
504,1,56,9,104217.3,1,0,0,55857.48,1,True,False,Senior,154489.032,0.876253642587663,1,15574068
778,0,65,7,0.0,1,1,1,77867.23,0,False,False,Elder,54507.061,0.7413114652920831,1,15806967
558,1,39,10,144757.02,1,1,0,22878.16,1,True,False,Middle,167635.18,0.6494838537970311,1,15796334
627,1,44,6,0.0,1,1,1,114469.55,0,False,True,Middle,68681.73000000001,0.2972281799683724,0,15688713
683,1,43,8,0.0,1,1,0,96754.8,0,False,False,Middle,77403.84000000001,0.4477626659061613,0,15796179
556,0,43,6,0.0,3,0,0,125154.57,1,False,False,Middle,75092.74200000001,0.5806949357968618,1,15598751
583,0,38,10,0.0,2,0,1,113597.64,0,False,False,Middle,113597.64,0.278391841072894,0,15703019
705,0,24,7,100169.51,1,1,0,121408.55,0,False,False,Young,185155.495,0.3028498674495422,0,15646302
637,1,33,2,145731.83,1,0,1,109219.43,0,False,False,Middle,167575.716,0.20651297892952827,0,15680855
697,1,56,5,110802.03,1,1,1,50230.31,1,False,True,Senior,135917.185,0.57654793065854,1,15697311
555,0,46,4,120392.99,1,1,0,177719.88,1,True,False,Senior,191480.942,0.8622608257780761,1,15585367
594,0,26,6,135067.52,2,0,0,131211.86,0,True,False,Young,213794.636,0.5564364696203389,1,15726556
632,1,31,3,136556.44,1,1,0,82152.83,1,False,True,Middle,161202.289,0.3680370395138063,0,15676242
551,0,38,10,0.0,2,1,1,216.27,0,False,False,Middle,216.27000000000004,0.24711523070146696,0,15684198
687,0,35,3,99587.43,1,1,1,1713.1,1,False,False,Middle,100101.35999999999,0.3008592939215146,0,15774882
672,0,53,7,0.0,1,1,1,136910.18,0,False,False,Senior,95837.126,0.5612495890046025,1,15714227
521,0,34,7,70731.07,1,1,1,20243.97,1,False,True,Middle,84901.84900000002,0.29142574920927805,0,15608653
686,1,35,2,109342.82,2,0,1,86043.27,0,True,False,Middle,126551.47400000002,0.3450262342162917,0,15784280
639,1,28,8,0.0,2,1,0,126561.07,0,False,True,Young,101248.85600000001,0.21582495239295754,0,15789546
850,1,66,4,0.0,2,0,1,64350.8,0,False,False,Elder,25740.320000000003,0.627824678825726,1,15590320
465,1,25,2,78247.31,2,1,1,10472.31,0,False,False,Young,80341.772,0.106677264096808,0,15678385
817,0,55,10,117561.49,1,1,0,95941.55,1,False,False,Senior,213503.04,0.8118390641537737,1,15571778
578,1,23,10,88980.32,1,1,1,125222.36,0,False,False,Young,214202.68000000002,0.08788623507122544,0,15657085
611,1,34,4,0.0,2,1,0,170950.58,0,False,True,Middle,68380.232,0.3167585496545211,0,15640627
616,0,41,1,103560.57,1,1,0,236.45,1,True,False,Middle,103584.21500000001,0.8081670555277887,1,15566211
517,1,37,5,113308.84,1,0,1,31517.16,0,False,False,Middle,129067.42,0.24982172470545672,0,15669293
637,0,40,6,0.0,2,1,1,181610.6,0,False,True,Middle,108966.36000000002,0.3352737839647722,0,15595067
806,0,32,3,63763.49,1,1,0,156593.09,0,False,False,Middle,110741.417,0.41210743325498006,0,15753566
633,0,29,7,169988.35,1,1,0,4272.0,0,False,False,Young,172978.75,0.4284635228906995,0,15650391
624,0,35,0,180303.24,2,1,0,163587.9,0,True,False,Middle,180303.24,0.7328994416178422,1,15681843
691,1,52,3,0.0,1,1,0,175843.68,1,False,False,Senior,52753.10400000001,0.6325852061767729,1,15814846
819,0,49,1,120656.86,4,0,0,166164.3,1,True,False,Senior,137273.29,0.8364317659885644,1,15670374
568,0,31,1,61592.14,2,1,1,61796.64,0,True,False,Middle,67771.804,0.38872048013778354,0,15762332
806,1,48,4,164701.68,1,1,1,21439.49,0,False,False,Senior,173277.476,0.4183465036048413,0,15700223
726,0,26,1,80780.16,1,1,1,19225.85,0,False,True,Young,82702.74500000001,0.19020300114323146,0,15729956
552,1,36,8,0.0,2,0,0,132547.02,0,False,False,Middle,106037.616,0.3364729307817009,0,15594862
755,0,30,6,154221.37,2,0,1,62688.55,0,True,False,Young,191834.5,0.3821209082268986,0,15598782
634,1,26,8,0.0,1,1,0,21760.96,0,False,False,Young,17408.768,0.17456215886015117,0,15745080
756,0,26,5,101641.14,2,0,1,154460.68,0,False,False,Young,178871.47999999998,0.16019643726863564,0,15703399
776,1,37,2,0.0,1,0,1,8065.0,0,False,False,Middle,1613.0,0.1810255853343149,0,15732175
649,0,45,5,92786.66,1,1,0,173365.9,1,False,False,Middle,179469.61000000002,0.6986824670967712,1,15630725
595,1,32,8,131081.66,2,1,1,69428.79,0,True,False,Middle,186624.692,0.28975124774653455,0,15640260
646,1,30,5,98014.74,1,1,1,12757.14,0,False,False,Young,104393.31,0.1398217902931448,0,15716822
592,1,38,8,0.0,2,1,0,180426.2,0,False,True,Middle,144340.96000000002,0.39272855313979566,0,15583748
574,1,26,8,97460.1,1,1,1,43093.67,0,False,False,Young,131935.03600000002,0.10527481975279084,0,15605968
850,1,36,1,104077.19,2,0,1,68594.0,0,False,False,Middle,110936.59,0.19077789755222999,0,15790683
850,0,29,1,0.0,2,1,1,197996.65,0,False,True,Young,19799.665,0.15344625053928213,0,15607713
475,0,46,10,0.0,2,0,0,122953.0,1,False,False,Senior,122953.0,0.6618179048150832,1,15700212
642,0,39,4,0.0,1,1,1,76821.24,0,False,False,Middle,30728.496000000003,0.3100650648471167,0,15626710
710,0,51,4,93656.95,1,0,1,141400.51,1,False,True,Senior,150217.154,0.6194825495098489,1,15716491
596,1,30,6,121345.88,4,1,0,41921.75,1,False,True,Young,146498.93,0.2718699013359247,0,15625824
609,0,39,8,141675.23,1,0,1,175664.25,0,False,False,Middle,282206.63,0.4172884379163323,0,15617705
797,0,31,8,0.0,2,1,0,117916.63,0,False,True,Middle,94333.304,0.347374806978861,0,15761976
504,0,43,7,102365.49,1,1,0,194690.77,1,True,False,Middle,238649.02899999998,0.8331268978797676,1,15634891
735,1,50,9,0.0,1,0,0,166677.35,1,False,True,Senior,150009.61500000002,0.623046584417843,1,15744517
680,0,30,3,0.0,1,1,0,160131.58,0,False,True,Young,48039.474,0.3815228859850498,0,15686963
449,1,52,6,0.0,2,0,1,123622.0,0,False,False,Senior,74173.2,0.43106936804797863,0,15808189
685,1,57,7,101868.51,1,0,1,113483.96,0,True,False,Senior,181307.282,0.7439334475612376,1,15580845
569,1,38,8,0.0,2,0,0,79618.79,0,False,True,Middle,63695.032,0.3834340614045444,0,15799156
631,1,35,9,112392.45,2,1,0,24472.23,0,False,False,Middle,134417.457,0.33883511279752937,0,15694296
595,0,25,7,106570.34,2,0,1,177025.79,0,True,False,Young,230488.393,0.30564732466202643,0,15677049
461,0,28,8,0.0,1,1,1,103349.74,0,False,False,Young,82679.79200000002,0.17280909511985784,0,15583595
630,1,50,1,81947.76,1,0,1,63606.22,1,False,False,Senior,88308.382,0.4572856071672105,0,15590146
661,0,31,7,144162.3,2,1,1,14490.79,0,False,False,Middle,154305.853,0.226637551421174,0,15801548
796,1,39,5,86350.87,2,0,0,105080.53,0,True,False,Middle,138891.135,0.5982386572974064,1,15660833
710,1,47,5,158623.14,1,0,0,83499.89,1,False,False,Senior,200373.08500000002,0.6431634910264156,1,15762277
741,1,32,8,0.0,2,1,0,143598.7,0,False,False,Middle,114878.96000000002,0.2404183319072071,0,15791302
606,1,48,4,132403.56,1,0,0,36091.91,1,True,False,Senior,146840.324,0.8105760555568885,1,15798975
747,1,27,10,0.0,2,0,0,13007.89,0,False,False,Young,13007.89,0.15641572210220653,0,15599956
549,0,43,3,134985.66,1,1,0,6101.41,0,True,False,Middle,136816.083,0.8401852586899615,1,15577274
576,1,36,6,0.0,2,1,1,48314.0,0,False,False,Middle,28988.4,0.1573408336425643,0,15701200
528,1,37,6,103772.45,1,1,0,197111.99,0,False,False,Middle,222039.644,0.45129275701984384,0,15638149
535,1,33,2,133040.32,1,1,1,110299.78,0,False,False,Middle,155100.276,0.20692505978338646,0,15786199
575,0,37,0,0.0,2,0,0,30114.32,0,False,True,Middle,0.0,0.5421760904514125,1,15701765
656,1,39,10,0.0,2,1,1,98894.64,0,False,False,Middle,98894.64000000001,0.17740010590255367,0,15586974
440,1,42,2,0.0,2,1,0,49826.68,0,False,False,Middle,9965.336000000001,0.4737006063194299,0,15729040
539,1,38,8,71460.67,2,1,1,10074.05,0,False,True,Middle,79519.91,0.21867135729532686,0,15788676
850,1,39,6,133214.13,1,0,1,20769.88,0,False,True,Middle,145676.05800000002,0.25844189945765333,0,15602497
646,0,37,7,96558.66,1,0,0,163427.18,0,False,False,Middle,210957.68600000002,0.5665236352989538,1,15701333
744,1,54,6,93806.31,2,0,1,140068.77,0,False,False,Senior,177847.572,0.48226340509898047,0,15812071
710,0,36,8,0.0,2,0,0,83206.19,0,False,True,Middle,66564.952,0.4557296521485899,0,15634375
544,0,64,3,124043.8,1,1,1,111402.97,1,False,False,Elder,157464.691,0.8255775487406791,1,15738267
723,1,52,5,131694.97,1,0,1,92873.5,1,True,False,Senior,178131.72,0.6793171763835983,1,15786800
507,0,29,6,0.0,2,0,1,94780.9,0,False,True,Young,56868.53999999999,0.19045069506688647,0,15591130
787,0,35,1,106266.8,1,1,1,16607.15,0,False,False,Middle,107927.515,0.3019471170986145,0,15720662
598,1,41,8,0.0,2,1,1,161954.43,0,False,True,Middle,129563.544,0.2419117999518335,0,15751531
796,1,51,6,0.0,2,0,1,194733.28,0,False,False,Senior,116839.968,0.36143288786230976,0,15653595
569,0,41,4,139840.36,1,1,1,163524.7,0,False,True,Middle,205250.24,0.47783974538186674,0,15568360
711,1,34,8,0.0,2,0,0,48260.19,0,False,False,Middle,38608.152,0.2640075474066178,0,15781210
661,1,35,8,124098.54,1,1,0,86678.48,0,True,False,Middle,193441.324,0.5727950293368955,1,15668058
415,1,32,5,145807.59,1,1,1,3064.65,0,False,False,Middle,147339.915,0.2030508955196432,0,15597131
578,1,23,8,0.0,2,1,0,112124.98,0,False,True,Young,89699.984,0.1618173688444806,0,15697283
611,0,26,2,107508.93,2,1,1,120801.65,0,False,False,Young,131669.26,0.17449739199111147,0,15640953
600,0,28,6,0.0,2,0,1,52193.23,0,False,False,Young,31315.938000000002,0.15138060172046583,0,15715031
661,0,32,1,145980.23,1,0,1,56636.28,0,True,False,Middle,151643.858,0.4801177846363444,0,15589660
850,0,37,3,212778.2,1,0,1,69372.88,0,False,False,Middle,233590.064,0.38559041476963823,0,15769818
573,0,47,4,152522.47,1,0,1,164038.07,1,True,False,Senior,218137.698,0.7511003972830822,1,15782736
764,0,33,9,168964.77,1,0,1,118982.51,0,False,True,Middle,276049.029,0.31322948076097884,0,15614818
838,0,34,8,0.0,2,1,0,27472.07,0,False,False,Middle,21977.656000000003,0.3493604913993054,0,15794014
821,0,28,8,0.0,1,1,1,36754.13,0,False,False,Young,29403.304,0.13157267275049997,0,15732448
607,0,36,4,98266.3,1,1,1,46416.36,0,False,True,Middle,116832.84400000001,0.3476446681227347,0,15723411
558,1,38,8,113000.92,1,1,1,152872.39,0,False,False,Middle,235298.832,0.25727142617121895,0,15797686
530,1,23,1,137060.88,2,1,1,165227.23,0,True,False,Young,153583.603,0.19227273620062402,0,15605950
654,1,37,5,112146.12,1,1,0,75927.35,0,True,False,Middle,150109.79499999998,0.6142502965292551,1,15812497
530,0,33,4,129307.32,1,1,1,172930.28,0,False,False,Middle,198479.43200000003,0.3066959759946022,0,15690678
656,1,69,6,163975.09,1,1,1,36108.5,0,False,True,Elder,185640.19,0.8108965524924622,1,15747677
520,1,43,7,0.0,2,1,1,36202.74,0,False,True,Middle,25341.918,0.26503654476140054,0,15618926
602,0,42,6,158414.85,1,1,1,131886.46,0,True,False,Middle,237546.72600000002,0.6591747010730359,1,15673908
701,0,48,1,92072.68,1,1,1,133992.36,0,True,False,Senior,105471.916,0.7117840520085159,1,15727944
653,0,30,2,88243.29,2,1,1,96658.26,0,False,True,Young,107574.942,0.22941127314520338,0,15807294
668,1,25,8,0.0,2,1,1,135112.09,0,False,True,Young,108089.672,0.07934964175367565,0,15618581
652,1,48,4,59486.31,1,1,0,163944.18,1,False,False,Senior,125063.982,0.6050006329660933,1,15584364
639,0,54,2,0.0,2,1,1,53843.71,0,False,True,Senior,10768.742,0.6033121007222136,1,15599552
730,0,52,7,0.0,2,0,1,122398.84,0,False,True,Senior,85679.18800000001,0.5424539090175093,1,15749177
780,1,34,1,0.0,1,1,1,64804.04,0,False,False,Middle,6480.404,0.1448956998503319,0,15718779
592,0,38,8,119278.01,2,0,1,19370.73,0,False,False,Middle,134774.59399999998,0.33271717220473157,0,15568106
628,1,34,4,158741.43,2,1,1,126192.54,0,False,False,Middle,209218.446,0.20137532461584157,0,15779481
658,0,40,7,140596.95,1,0,1,135459.02,1,False,False,Middle,235418.26400000002,0.419377081672336,0,15709994
850,0,29,10,0.0,2,1,1,94815.04,0,False,True,Young,94815.04,0.14306136533931613,0,15772777
515,1,37,2,90432.92,1,1,1,188366.04,1,True,False,Middle,128106.128,0.4045032978821394,0,15706815
571,0,35,1,104783.81,2,0,1,178512.52,0,False,False,Middle,122635.062,0.3056219671111078,0,15618018
760,1,42,0,77992.97,2,1,1,97906.38,0,True,False,Middle,77992.97,0.43729226824855527,0,15671032
720,0,43,10,110822.9,1,0,0,72861.94,0,True,False,Middle,183684.84,0.7969028662644806,1,15634281
632,1,42,4,119624.6,2,1,1,195978.86,0,True,False,Middle,198016.144,0.4774875331888296,0,15766374
694,1,31,6,109052.59,2,1,1,19448.93,1,True,False,Middle,120721.948,0.2512310142530591,0,15600991
559,0,40,5,139129.44,1,0,1,32635.54,0,False,True,Middle,155447.21,0.4584524135601908,0,15777576
773,0,42,8,152324.66,2,1,0,171733.22,0,True,False,Middle,289711.23600000003,0.7964605600201887,1,15742613
581,1,38,1,0.0,2,1,0,46176.22,0,False,False,Middle,4617.622,0.3797932970752328,0,15649523
524,0,37,9,127480.58,2,1,0,179634.69,0,True,False,Middle,289151.80100000004,0.7503021165624331,1,15651063
713,1,53,6,115029.4,1,0,0,191521.32,1,False,False,Senior,229942.19199999998,0.7248610910677893,1,15683124
676,1,40,8,114005.78,1,1,1,67998.45,0,False,False,Middle,168404.54,0.2561574371197063,0,15618314
651,0,42,1,116646.76,1,1,0,44731.8,1,True,False,Middle,121119.94,0.8182329901607172,1,15670823
717,0,49,1,110864.38,2,1,1,124532.9,1,False,True,Senior,123317.67000000001,0.5671336614065153,1,15607133
594,1,23,5,156267.59,1,1,0,160968.44,0,False,False,Young,236751.81,0.23220004460801857,0,15615012
716,0,44,3,109528.28,1,1,0,27341.63,1,False,False,Middle,117730.769,0.683846248396277,1,15725141
668,0,35,6,102482.76,1,1,1,53994.64,0,False,False,Middle,134879.544,0.29024415682020116,0,15623560
678,1,23,10,115563.71,1,1,1,91633.53,0,True,False,Young,207197.24000000002,0.1665315161744981,0,15693018
545,1,23,2,0.0,2,1,0,189613.12,0,False,False,Young,37922.624,0.15631726841609436,0,15636756
613,0,40,9,95624.36,2,1,1,60706.33,0,False,False,Middle,150260.057,0.3448653121442176,0,15647474
687,0,21,8,0.0,2,1,1,154767.34,0,False,True,Young,123813.872,0.09929797543798204,0,15576714
715,1,28,7,160376.61,1,0,0,196853.11,0,False,False,Young,298173.787,0.3041013680981207,0,15585047
618,1,41,8,37702.79,1,1,1,195775.48,0,True,False,Middle,194323.17400000003,0.4336691956070557,0,15743976
721,0,35,6,118273.83,1,0,1,3086.89,0,False,False,Middle,120125.964,0.29333693743968264,0,15793881
445,0,34,7,131082.17,2,1,1,70618.0,0,True,False,Middle,180514.77000000002,0.4843033685434392,0,15576517
690,1,38,1,94456.0,2,0,1,55034.02,0,False,False,Middle,99959.402,0.23239907595035353,0,15631072
709,0,43,8,0.0,2,0,0,168035.62,1,False,False,Middle,134428.496,0.5817502006917802,1,15730394
671,0,42,3,0.0,2,1,1,128449.33,0,False,True,Middle,38534.799,0.36395128112056463,0,15631460
538,1,33,6,93791.38,1,1,1,199249.29,0,False,False,Middle,213340.95400000003,0.1893949931542692,0,15692002
735,0,33,4,0.0,2,1,0,149474.69,0,False,False,Middle,59789.876000000004,0.37800613963536694,0,15595282
592,0,37,7,0.0,2,1,1,126726.33,0,False,False,Middle,88708.43100000001,0.26305526619106356,0,15789548
747,1,61,7,155973.13,1,0,1,147554.26,0,False,False,Elder,259261.11200000002,0.6748142403540212,1,15758035
675,1,36,7,89409.95,1,1,1,149399.7,0,True,False,Middle,193989.74000000002,0.35654085329968577,0,15617518
632,0,39,5,97854.37,2,1,0,93536.38,0,False,True,Middle,144622.56,0.5978773289716997,1,15651802
621,1,39,6,0.0,2,1,1,58883.91,0,False,False,Middle,35330.346000000005,0.1863456825882621,0,15631813
521,1,29,3,60280.62,1,1,0,154271.41,0,False,True,Young,106562.043,0.3036970725347623,0,15729668
591,1,36,7,135216.8,1,1,1,122022.89,0,False,True,Middle,220632.82299999997,0.2523979271590715,0,15741728
706,0,28,6,124923.35,2,1,1,50299.14,0,True,False,Young,155102.834,0.3268988306550327,0,15576676
677,1,38,4,0.0,2,1,0,187800.63,0,False,False,Middle,75120.25200000001,0.3505854891673304,0,15711378
769,1,27,7,188614.07,1,1,0,171344.09,0,True,False,Young,308554.933,0.46302128393754316,0,15765520
771,1,32,5,62321.62,1,1,1,40920.59,0,False,False,Middle,82781.91500000001,0.1368116875232084,0,15656726
601,0,48,8,120782.7,1,1,0,63940.68,1,True,False,Senior,171935.244,0.8652723584541714,1,15647842
670,0,42,1,115961.58,2,0,1,29483.87,0,False,False,Middle,118909.967,0.4377856518947866,0,15719309
517,1,28,2,115062.61,1,1,0,179056.23,0,False,False,Young,150873.856,0.29560992628328253,0,15748718
834,0,49,8,160602.25,2,1,0,129273.94,0,False,False,Senior,264021.402,0.744820175388833,1,15594404
571,0,42,4,108825.34,3,1,0,55558.51,1,False,False,Middle,131048.744,0.6246023029770437,1,15751158
576,0,36,8,166287.85,1,1,1,23305.85,0,True,False,Middle,184932.53,0.5308914471730899,1,15593470
718,0,31,1,152663.77,1,0,1,17128.64,0,False,False,Middle,154376.634,0.282240966745625,0,15695129
636,0,31,9,80844.69,2,1,1,74641.9,0,True,False,Middle,148022.40000000002,0.3532815317035156,0,15640865
566,0,40,2,97001.36,2,1,0,154486.01,0,True,False,Middle,127898.562,0.7701346738823761,1,15714080
711,1,64,4,0.0,2,1,1,3185.67,0,False,False,Elder,1274.268,0.6049106795535308,1,15648721
574,0,39,2,122524.61,2,1,0,88463.63,0,False,False,Middle,140217.336,0.6087400308375787,1,15801466
619,0,35,8,132292.63,1,1,0,65682.93,0,False,False,Middle,184838.974,0.5261386444176593,1,15750248
588,0,24,0,0.0,2,1,1,140586.08,0,False,False,Young,0.0,0.1212069018689175,0,15758726
760,0,49,9,91502.99,1,1,0,117232.9,1,True,False,Senior,197012.59999999998,0.8556912062660357,1,15781553
665,1,52,3,0.0,1,1,0,116137.01,1,False,False,Senior,34841.102999999996,0.6380916572794135,1,15649121
739,1,29,3,59385.98,2,1,1,105533.96,0,True,False,Young,91046.168,0.20862176143723887,0,15674811
641,1,77,9,0.0,3,1,1,81514.06,0,False,False,Elder,73362.65400000001,0.7872673789223044,1,15646037
685,0,21,6,97956.5,1,1,1,164966.27,0,True,False,Young,196936.262,0.2370916299116748,0,15722578
594,0,49,4,0.0,2,1,1,23631.55,0,False,False,Senior,9452.62,0.47669908056017574,0,15665695
557,0,40,4,0.0,2,0,1,105433.53,0,False,True,Middle,42173.412000000004,0.3533292163324844,0,15801062
697,1,27,8,141223.68,2,1,0,90591.15,0,False,False,Young,213696.59999999998,0.2377398051468224,0,15662955
656,1,18,10,151762.74,1,0,1,127014.32,0,False,False,Young,278777.06,0.07102817800578128,0,15770309
712,1,43,1,141749.74,2,0,1,90905.26,0,True,False,Middle,150840.266,0.5150170655899724,1,15657386
689,1,38,5,75075.14,1,1,1,8651.92,1,False,True,Middle,79401.1,0.2341958102178107,0,15777797
697,0,25,4,165686.11,2,1,0,15467.98,0,False,False,Young,171873.302,0.3433205160216551,0,15783955
589,1,38,2,0.0,1,1,0,79915.28,0,False,False,Middle,15983.056,0.3924803489327485,0,15804516
525,0,25,10,0.0,2,1,0,69361.95,0,False,True,Young,69361.95,0.27285296919866786,0,15681758
680,1,44,3,0.0,2,1,0,86935.08,0,False,False,Middle,26080.524,0.46221391693927744,0,15630321
617,0,28,0,0.0,2,1,1,7597.83,1,False,False,Young,0.0,0.16754453438667305,0,15588248
680,1,32,5,92961.61,1,1,0,116957.6,0,False,False,Middle,151440.41,0.3204631043886275,0,15591932
662,0,30,9,0.0,2,0,1,157884.83,0,False,True,Young,142096.347,0.18908082908527615,0,15810347
736,1,46,5,130812.91,1,1,1,77981.54,1,True,False,Senior,169803.68,0.5585401283797169,1,15595303
657,1,57,8,107174.58,1,1,1,126369.55,1,True,False,Senior,208270.22000000003,0.7438284270647318,1,15634950
350,1,54,1,152677.48,1,1,1,191973.49,1,False,True,Senior,171874.829,0.6332768789533388,1,15685372
617,1,30,3,132005.77,1,1,0,142940.39,0,False,False,Young,174887.887,0.3241323629196037,0,15745827
562,1,35,7,0.0,1,0,0,48869.67,0,False,False,Middle,34208.769,0.32678240254702734,0,15755868
705,0,23,5,0.0,2,1,1,73131.73,0,False,True,Young,36565.865,0.11091721839770362,0,15735222
516,0,33,7,127305.5,1,1,1,120037.36,0,False,False,Middle,211331.652,0.3002685958790268,0,15604804
573,0,37,6,0.0,2,1,0,193995.37,0,False,False,Middle,116397.22200000001,0.48575803737276774,0,15718944
538,0,31,0,0.0,2,0,0,179453.66,0,False,True,Middle,0.0,0.40893366393436187,0,15678626
699,1,39,9,0.0,1,1,0,80963.92,0,False,False,Middle,72867.528,0.3631833805816501,0,15571550
504,1,32,8,170291.22,2,0,1,15658.99,0,True,False,Middle,182818.412,0.3238663656925248,0,15723053
583,1,47,5,102562.23,1,1,0,92708.1,0,False,True,Senior,148916.28,0.6466590255297637,1,15661528
712,1,53,2,111061.01,2,0,0,26542.17,0,False,True,Senior,116369.44399999999,0.7318317451599817,1,15754177
626,1,62,3,0.0,1,1,1,65010.74,0,False,True,Elder,19503.222,0.6375161998982788,1,15683544
631,0,34,4,124379.14,1,1,0,106892.91,0,False,False,Middle,167136.304,0.5209249560490105,1,15708048
663,0,37,7,0.0,1,1,1,185210.63,0,False,False,Middle,129647.44100000002,0.27956001275849596,0,15701109
506,0,41,3,57745.76,1,1,0,4035.46,0,True,False,Middle,58956.398,0.7899791038708296,1,15600110
570,0,50,5,129293.74,1,1,0,177805.44,1,True,False,Senior,218196.46000000002,0.8964223227623654,1,15651533
703,0,45,7,0.0,2,1,1,68831.72,0,False,False,Middle,48182.204000000005,0.3693868816512532,0,15777904
698,0,40,8,150777.1,1,1,0,114732.62,0,True,False,Middle,242563.196,0.7860508879091851,1,15655574
731,1,41,4,0.0,2,1,0,22299.27,0,False,True,Middle,8919.708,0.4175104465968429,0,15569423
625,1,34,6,0.0,2,0,0,197283.2,0,False,False,Middle,118369.92000000003,0.3018442795195362,0,15718106
634,1,31,9,108632.48,1,1,1,179485.96,1,False,True,Middle,270169.844,0.1779797493475487,0,15585067
616,1,59,5,153861.1,1,1,1,17699.48,0,False,False,Senior,162710.84,0.6447461553485111,1,15675501
500,1,56,1,100374.58,1,1,0,118490.8,1,False,False,Senior,112223.66,0.7841424702683694,1,15633233
446,1,32,8,0.0,2,0,0,133292.94,0,False,False,Middle,106634.35200000001,0.2869744887494685,0,15667134
669,0,47,9,61196.54,1,1,0,58170.24,0,False,False,Senior,113549.756,0.683527760883125,1,15659105
581,1,31,6,116891.72,1,1,0,107137.3,0,True,False,Middle,181174.1,0.5164939565324873,1,15575409
704,0,54,6,133656.91,3,1,0,145071.33,1,True,False,Senior,220699.708,0.898461044848036,1,15752342
748,1,44,2,92911.52,1,0,1,85495.24,0,False,False,Middle,110010.568,0.32820232651835207,0,15654851
680,0,31,9,119825.75,2,1,1,101139.3,0,False,True,Middle,210851.12,0.23821756158520688,0,15741429
655,0,37,7,111852.84,2,1,0,10511.13,0,False,False,Middle,119210.631,0.5161685107824777,1,15682356
690,1,32,0,106683.52,2,1,1,137916.49,0,True,False,Middle,106683.52,0.2847198848595594,0,15806447
695,1,40,7,139022.24,1,0,1,193383.13,0,True,False,Middle,274390.431,0.4768213281183035,0,15800229
700,0,40,4,148571.07,1,1,0,189826.96,1,True,False,Middle,224501.854,0.7933552341317514,1,15663441
773,1,52,4,0.0,1,0,1,144113.42,0,False,False,Senior,57645.36800000001,0.40165707982451704,0,15791991
749,1,42,1,129776.72,2,0,1,143538.51,0,False,False,Middle,144130.571,0.29426885918697104,0,15775082
611,0,46,5,0.0,1,1,0,77677.14,1,False,False,Senior,38838.57,0.6594801292337927,1,15579706
606,0,46,8,0.0,2,1,1,183717.94,0,False,True,Senior,146974.352,0.4521126677472852,0,15718247
554,1,24,10,0.0,1,0,0,92180.62,0,False,False,Young,92180.62,0.17080940556607718,0,15755722
567,0,37,7,0.0,2,1,1,28690.9,0,False,False,Middle,20083.630000000005,0.25313098234319586,0,15582259
559,1,24,3,114739.92,1,1,0,85891.02,1,False,True,Young,140507.226,0.2520368507874631,0,15716994
594,1,41,2,122545.65,2,1,1,42050.24,0,True,False,Middle,130955.69799999999,0.4752030479465732,0,15586880
513,0,37,6,0.0,2,1,0,110142.34,0,False,False,Middle,66085.40400000001,0.4858333163369718,0,15713854
652,0,26,1,131908.35,1,1,1,179269.79,0,True,False,Young,149835.329,0.3386033023229011,0,15780835
680,0,42,7,105722.69,1,1,1,90558.24,1,True,False,Middle,169113.458,0.6039342131356422,1,15675896
784,1,33,10,0.0,2,1,0,162022.47,0,False,True,Middle,162022.47,0.2729465270856815,0,15658459
812,0,44,8,0.0,3,1,0,66926.83,1,False,True,Middle,53541.46400000001,0.555114362435218,1,15658057
784,0,40,8,0.0,2,1,0,108891.3,0,False,True,Middle,87113.04000000001,0.516147495653423,1,15801767
570,0,18,4,82767.42,1,1,0,71811.9,0,False,False,Young,111492.18,0.2272043798629883,0,15569178
712,0,42,1,87842.98,1,0,0,92223.59,0,False,False,Middle,97065.33899999999,0.6506353412771942,1,15731478
705,1,39,6,133261.13,1,1,1,78065.9,0,False,True,Middle,180100.67,0.2777312105756068,0,15811236
681,0,32,3,0.0,2,1,1,59679.9,0,False,True,Middle,17903.97,0.2090038022088835,0,15746749
620,1,41,0,97925.11,1,1,0,85000.32,0,False,False,Middle,97925.11,0.5180932043536329,1,15662758
711,1,52,5,0.0,1,1,1,159808.95,0,False,False,Senior,79904.475,0.4037706169398579,0,15709387
613,0,24,7,140453.91,1,1,0,129001.3,0,False,False,Young,230754.82,0.3427029495285661,0,15572093
613,0,20,0,117356.19,1,0,0,113557.7,1,True,False,Young,117356.19,0.46290120867095114,0,15713826
682,1,36,5,0.0,2,1,1,147758.51,0,False,True,Middle,73879.255,0.1694979462079715,0,15570205
850,1,37,4,137204.77,1,1,1,28865.59,0,False,True,Middle,148751.006,0.23616497937484585,0,15589348
601,0,41,1,0.0,2,0,1,160607.06,0,False,False,Middle,16060.706,0.341078750026091,0,15804610
595,1,35,8,0.0,1,1,0,100015.79,1,False,True,Middle,80012.632,0.34308749608701006,0,15700854
675,1,36,3,54098.18,2,0,1,54478.52,0,False,True,Middle,70441.736,0.2004348449813455,0,15758836
591,1,31,8,0.0,1,1,1,141677.33,0,False,True,Middle,113341.864,0.1378047458531021,0,15772933
602,1,23,7,113758.48,2,0,0,84077.6,0,False,False,Young,172612.8,0.19261225086213493,0,15809006
554,0,34,8,0.0,1,0,1,106981.03,0,False,True,Middle,85584.82400000001,0.26492093157879676,0,15689612
541,1,37,9,118636.92,1,1,1,73551.44,0,False,False,Middle,184833.21600000001,0.23133160218388513,0,15744614
506,1,34,7,0.0,2,0,0,115842.1,0,False,False,Middle,81089.47000000002,0.3090074737581272,0,15704250
814,1,44,8,95488.82,2,0,0,107013.59,0,True,False,Middle,181099.692,0.6812826242886163,1,15700255
683,1,30,8,110829.52,2,0,0,24938.84,0,False,False,Young,130780.592,0.26294531997867376,0,15669410
485,1,51,7,144244.59,2,1,0,51113.14,0,True,False,Senior,180023.788,0.8330601975378091,1,15807595
696,0,31,8,122021.92,2,1,0,33828.64,0,True,False,Middle,149084.832,0.5897276217751228,1,15664523
608,0,30,8,0.0,2,1,0,128875.86,0,False,False,Young,103100.68800000001,0.338193200474765,0,15642833
792,1,50,9,0.0,4,1,1,194700.81,1,False,False,Senior,175230.72900000002,0.29938458427862846,0,15605279
686,1,22,5,0.0,2,1,0,158974.45,0,False,True,Young,79487.225,0.14784018020132395,0,15713644
790,1,42,1,85839.62,1,1,0,198182.73,0,True,False,Middle,105657.893,0.6670929396490605,1,15750466
654,0,29,4,96974.97,1,0,1,141404.07,0,False,False,Young,153536.598,0.21926234196747516,0,15739054
452,1,35,4,148172.44,1,1,1,4175.68,0,False,False,Middle,149842.712,0.24541281116823183,0,15612771
719,1,38,0,0.0,1,1,0,126876.47,0,False,True,Middle,0.0,0.3971736791805322,0,15788483
707,0,40,5,0.0,2,1,0,41052.82,0,False,False,Middle,20526.410000000003,0.5060255086573583,1,15732832
699,0,49,2,0.0,1,0,0,105760.01,0,False,False,Senior,21152.002,0.7132269636605381,1,15772892
850,1,30,2,0.0,2,0,1,27937.12,0,False,True,Young,5587.424,0.10996176856546368,0,15713843
828,1,28,8,134766.85,1,1,0,79355.87,0,False,True,Young,198251.546,0.2675331475081683,0,15567993
850,1,30,5,123210.56,2,1,1,102180.27,0,True,False,Young,174300.695,0.23370666946543708,0,15617603
712,1,47,1,139887.01,1,1,1,95719.73,0,False,True,Senior,149458.983,0.43923809147882914,0,15744983
634,1,44,9,149961.11,1,1,0,57121.51,0,False,False,Middle,201370.46899999998,0.5636233993354626,1,15630419
730,1,45,6,152880.97,1,0,0,162478.11,0,True,False,Middle,250367.836,0.7687285347172987,1,15738828
685,1,43,9,108589.47,2,0,1,194808.51,0,True,False,Middle,283917.129,0.4951673944417892,0,15778025
809,1,33,9,0.0,1,1,1,124045.65,0,False,True,Middle,111641.08499999999,0.1344589236618871,0,15799479
707,0,35,3,56674.48,1,1,0,17987.4,1,False,True,Middle,62070.700000000004,0.5125457620899135,1,15684269
648,1,32,8,0.0,1,1,0,133653.38,0,False,True,Middle,106922.70400000001,0.2914035397033639,0,15762745
760,0,57,1,0.0,2,1,1,25101.17,0,False,True,Senior,2510.117,0.6455888102022185,1,15746970
805,0,33,3,105663.56,2,0,1,33330.89,0,True,False,Middle,115662.82699999999,0.4126556559817551,0,15725024
585,0,39,7,0.0,2,1,0,2401.26,0,False,False,Middle,1680.882,0.4892494433585464,0,15592116
595,0,30,5,100683.54,1,1,1,178361.04,0,False,True,Young,189864.06,0.25740664941305136,0,15624391
630,1,42,6,0.0,2,1,0,162697.93,0,False,False,Middle,97618.758,0.43065102441681224,0,15567422
627,1,29,5,139541.58,2,1,0,80607.33,0,True,False,Young,179845.245,0.4628887206506822,0,15612627
631,0,37,2,121801.72,2,0,1,23146.62,0,True,False,Middle,126431.044,0.5387755235309754,1,15574879
776,1,38,5,112281.7,1,0,1,89893.6,0,True,False,Middle,157228.5,0.3961527112861906,0,15745107
676,0,36,4,0.0,2,1,1,3173.31,0,False,True,Middle,1269.324,0.2597877250164365,0,15734491
758,0,40,5,93499.82,2,0,0,123218.81,0,False,True,Middle,155109.225,0.6025631130044886,1,15675320
637,1,33,0,132255.99,2,0,1,74588.41,0,False,False,Middle,132255.99,0.19324263766866473,0,15643824
850,1,20,7,0.0,2,1,0,31288.77,0,False,False,Young,21902.139000000003,0.0971051241575634,0,15643438
601,0,44,4,0.0,2,1,0,58561.31,0,False,True,Middle,23424.524,0.6334571983691206,1,15721730
735,1,49,5,121973.28,1,1,0,148804.36,0,False,False,Senior,196375.46,0.6477419679718464,1,15680727
614,1,32,7,99462.8,2,1,1,51117.06,0,True,False,Middle,135244.742,0.27082845111478104,0,15752508
672,0,21,3,165878.76,2,1,1,164537.17,0,True,False,Young,215239.91100000002,0.25653971168229056,0,15808846
642,1,30,8,117494.27,1,0,0,61977.82,0,False,False,Young,167076.526,0.29821672443141606,0,15727251
633,0,29,0,138577.34,1,1,0,193362.99,0,True,False,Young,138577.34,0.6221408397334021,1,15663489
769,1,39,9,0.0,1,1,1,47722.79,0,False,True,Middle,42950.511,0.18919013428794612,0,15683677
796,1,41,8,107525.07,1,1,0,18510.41,0,False,True,Middle,122333.39800000002,0.47209089683346284,0,15596414
715,1,23,7,139224.92,2,1,0,65057.71,0,False,False,Young,184765.317,0.18320294380739305,0,15730639
695,0,42,7,121453.63,1,0,0,46374.64,0,False,False,Middle,153915.878,0.6462495981718067,1,15672132
747,0,25,4,0.0,2,0,1,42039.67,0,False,False,Young,16815.868,0.11748788988201686,0,15742638
584,0,54,1,77354.37,1,0,0,138192.98,1,True,False,Senior,91173.668,0.9138626933195787,1,15578603
476,1,40,6,0.0,1,1,1,22735.45,0,False,False,Middle,13641.270000000002,0.22841115547087212,0,15726088
850,0,39,7,79259.99,1,0,1,186910.74,0,False,False,Middle,210097.508,0.3378396624134741,0,15682533
529,1,30,2,116295.29,1,1,0,75285.47,0,False,False,Young,131352.384,0.3340105908143955,0,15772995
584,0,59,1,0.0,1,0,1,130260.11,1,False,True,Senior,13026.011,0.7231353133279405,1,15765694
586,1,34,9,74309.81,1,1,0,15034.93,0,True,False,Middle,87841.247,0.5094880225289977,1,15659486
674,1,34,2,152797.9,1,1,0,175709.4,1,True,False,Middle,187939.78,0.588558647575454,1,15568963
552,1,42,9,133701.07,2,1,0,101069.71,1,False,False,Middle,224663.809,0.5180082363212533,1,15703820
601,0,33,7,114430.18,2,1,1,153012.13,0,True,False,Middle,221538.67100000003,0.4403551126976439,0,15569410
541,1,29,7,127504.57,1,0,0,86173.92,0,False,False,Young,187826.314,0.3113274788115152,0,15632256
744,0,41,2,84113.41,1,1,0,197548.63,0,True,False,Middle,123623.136,0.7690667004934562,1,15724466
595,0,23,10,101126.66,2,0,0,37042.8,0,False,True,Young,138169.46000000002,0.2862097947290494,0,15777639
724,1,33,5,103564.83,2,1,0,121085.72,0,True,False,Middle,164107.69,0.5009053224238261,1,15802501
533,0,52,7,0.0,1,0,1,194113.99,1,False,True,Senior,135879.793,0.6123280970411656,1,15778410
618,1,37,2,168178.21,2,0,1,101273.23,0,False,False,Middle,188432.856,0.25860692668416563,0,15670702
523,0,39,1,143903.11,1,1,1,118711.75,1,True,False,Middle,155774.28499999997,0.6197198542618675,1,15704763
642,0,30,5,129753.69,1,1,0,582.53,0,True,False,Young,130044.955,0.6245925895236603,1,15645544
584,1,35,9,0.0,2,1,0,192381.21,0,False,False,Middle,173143.089,0.31948145586003424,0,15757646
521,1,38,5,110641.18,1,0,1,136507.69,1,False,False,Middle,178895.025,0.26902582367638994,0,15701121
662,0,36,4,166909.2,2,1,0,138871.12,1,False,False,Middle,222457.64800000002,0.5603907722720736,1,15796313
758,0,34,1,154139.45,1,1,1,60728.89,0,False,False,Middle,160212.339,0.3134404354982585,0,15815660
717,1,38,7,97459.06,1,0,0,189175.71,0,False,False,Middle,229882.057,0.4412244800523939,0,15602844
611,1,40,1,0.0,2,1,1,102547.56,0,False,False,Middle,10254.756000000001,0.21390539938964456,0,15636238
766,1,43,6,112088.04,2,1,1,36706.56,0,True,False,Middle,134111.976,0.4497754413753357,0,15770101
636,0,34,3,0.0,2,1,1,44756.25,0,False,False,Middle,13426.875,0.22212576856848032,0,15645543
814,0,48,7,0.0,2,1,1,132870.15,0,False,False,Senior,93009.105,0.4162583250736897,0,15596397
760,1,28,1,141038.57,2,0,0,16287.38,0,False,True,Young,142667.30800000002,0.3008453804384797,0,15770525
607,1,39,2,84468.67,2,1,1,121945.42,0,True,False,Middle,108857.754,0.4037459189592866,0,15684267
725,0,36,4,118520.26,1,0,0,131173.9,1,False,True,Middle,170989.82,0.5752492878673473,1,15689980
600,1,37,1,142663.46,1,0,1,88669.89,0,False,False,Middle,151530.449,0.269417586708,0,15633260
656,1,27,4,118627.16,2,1,1,160835.3,0,True,False,Young,182961.28,0.21908194570471584,0,15756471
640,1,34,1,137523.02,1,0,0,24761.36,0,False,True,Middle,139999.156,0.4466304835438329,0,15721303
439,1,28,7,110976.23,2,1,0,138526.96,0,False,False,Young,207945.102,0.2819985653376874,0,15802256
549,0,38,8,107283.4,1,0,0,157442.75,0,False,False,Middle,233237.6,0.6077708422647013,1,15725664
622,1,38,5,0.0,2,0,0,105295.77,0,False,False,Middle,52647.885,0.36293903846730197,0,15674851
715,1,34,4,124314.45,1,0,0,97782.92,0,False,False,Middle,163427.618,0.37929626315967985,0,15701946
657,0,41,5,95858.37,1,1,1,68255.88,0,False,False,Middle,129986.31,0.3978477460987997,0,15748947
703,1,36,2,0.0,2,1,0,108790.95,0,False,False,Middle,21758.190000000002,0.3154118422176368,0,15673342
802,1,33,8,0.0,2,1,0,143706.18,0,False,False,Middle,114964.944,0.2465091592654985,0,15601008
793,0,36,0,0.0,1,0,0,148993.47,0,False,True,Middle,0.0,0.4866409167101752,0,15771636
554,0,35,6,117707.18,2,0,0,95277.15,1,False,False,Middle,174873.46999999997,0.527677615355381,1,15642002
533,1,38,1,135289.33,2,0,1,152956.33,0,False,True,Middle,150584.963,0.28784253514268227,0,15693381
658,1,36,8,174060.46,1,1,1,94925.62,0,False,False,Middle,250000.956,0.23646147557949526,0,15607691
713,1,40,3,114446.84,2,1,1,87308.18,0,True,False,Middle,140639.294,0.42222935520204424,0,15589380
711,1,37,2,0.0,2,1,0,83978.86,1,False,True,Middle,16795.772,0.3575068338977735,0,15603846
669,1,25,1,157848.53,1,0,0,37543.93,1,False,False,Young,161602.923,0.27088664327314776,0,15753549
439,0,43,8,0.0,1,0,1,104889.3,0,False,False,Middle,83911.44,0.4120227688727169,0,15725355
763,0,37,6,0.0,2,1,1,149705.25,0,False,True,Middle,89823.15000000001,0.26437307333446886,0,15773017
697,0,74,3,108071.36,2,1,1,16445.79,0,True,False,Elder,113005.09700000001,0.9457669269380145,1,15625641
702,0,35,8,14262.8,2,1,0,54689.16,0,False,True,Middle,58014.12800000001,0.4324282544264196,0,15776467
686,1,41,7,102749.72,1,0,1,194913.86,0,False,True,Middle,239189.42200000002,0.3164970875983365,0,15746451
629,1,36,1,161757.87,2,1,1,146371.72,0,False,True,Middle,176395.042,0.25161783277727034,0,15777922
823,1,38,1,0.0,2,1,0,156603.7,0,False,False,Middle,15660.370000000003,0.32768511533262873,0,15606841
683,0,35,5,95698.79,1,0,1,182566.76,0,True,False,Middle,186982.16999999998,0.48715294877537263,0,15757648
555,1,37,9,124969.13,1,1,0,60194.05,0,False,False,Middle,179143.77500000002,0.42754026934052225,0,15677173
647,1,44,4,93960.35,1,1,0,36579.53,1,True,False,Middle,108592.16200000001,0.725926095665402,1,15764170
714,0,51,4,88308.87,3,0,0,5862.53,1,False,False,Senior,90653.882,0.7453227344368692,1,15610446
850,0,39,10,0.0,2,1,1,143030.09,0,False,True,Middle,143030.09,0.277728394595016,0,15612776
713,0,59,3,0.0,2,1,1,62700.08,0,False,False,Senior,18810.024,0.6496156304998512,1,15794122
452,1,30,7,112935.87,1,1,1,99017.34,0,False,False,Young,182248.008,0.16302310251458055,0,15774931
683,0,24,8,98567.1,1,1,0,187987.01,0,False,True,Young,248956.708,0.3406394030771835,0,15779247
577,0,26,1,180530.51,1,0,0,123454.62,0,False,False,Young,192875.972,0.43165512316758453,0,15707078
552,1,33,5,140931.57,1,0,1,10921.5,0,False,False,Middle,146392.32,0.20357870347606372,0,15605263
769,0,31,7,148913.72,2,1,0,53817.23,0,True,False,Middle,186585.78100000002,0.6046379303782127,1,15607381
691,1,38,7,0.0,2,0,0,81617.4,0,False,False,Middle,57132.17999999999,0.34195544975302267,0,15683471
818,0,49,2,0.0,1,0,1,192298.84,1,False,False,Senior,38459.768000000004,0.47104940466578465,0,15605037
739,1,41,5,0.0,2,0,0,143882.25,0,False,False,Middle,71941.125,0.40040148042534957,0,15576085
639,0,50,6,115335.32,2,1,1,53130.41,0,False,False,Senior,147213.56600000002,0.5560528144273571,1,15770435
651,0,65,0,0.0,2,1,1,190454.04,0,False,False,Elder,0.0,0.7504791812525434,1,15592994
779,0,26,0,0.0,2,0,1,111906.0,0,False,False,Young,0.0,0.12905380087983093,0,15624068
850,0,33,7,134678.13,1,1,0,113177.95,0,True,False,Middle,213902.695,0.6495138058216399,1,15595221
829,1,38,9,0.0,2,1,0,30529.88,0,False,False,Middle,27476.892,0.2927664543725969,0,15637131
579,1,31,2,90547.48,2,1,1,18800.13,0,True,False,Middle,94307.506,0.28074273998129695,0,15613471
510,1,32,9,103324.78,1,1,1,46127.7,0,False,False,Middle,144839.71,0.16295157597274512,0,15583499
531,1,29,3,114590.58,1,0,0,75585.48,0,False,False,Young,137266.224,0.3195753770145656,0,15752816
628,0,36,3,91286.51,1,1,0,63085.94,0,True,False,Middle,110212.292,0.7187033943354395,1,15804075
633,1,32,5,163340.12,2,1,1,74415.2,0,False,True,Middle,200547.72,0.19196839801015772,0,15800517
714,1,45,8,150900.29,2,0,1,139889.15,0,False,True,Middle,262811.61,0.38042528692218425,0,15712319
604,1,23,9,124577.33,1,1,1,7267.25,0,False,True,Young,131117.855,0.09338638448289328,0,15797389
630,1,35,1,0.0,2,0,0,186826.22,0,False,True,Middle,18682.622,0.33664250339211477,0,15621432
850,0,31,4,91292.7,1,1,1,162149.07,0,False,True,Middle,156152.328,0.23209375533701887,0,15779390
788,0,57,8,93716.72,1,1,1,180150.49,1,True,False,Senior,237837.112,0.8225557415693893,1,15711219
798,0,37,4,111723.08,1,1,1,83478.12,0,False,False,Middle,145114.328,0.31870868908469113,0,15770498
770,1,45,4,110765.68,1,1,0,26163.74,1,True,False,Middle,121231.17599999999,0.7324408095180727,1,15678727
569,1,25,9,173459.45,2,1,1,44381.06,0,True,False,Young,213402.404,0.20605189792505108,0,15573893
425,0,22,7,169649.73,2,0,1,136365.0,1,False,True,Young,265105.23,0.19043132754371997,0,15740104
547,0,31,9,0.0,2,0,0,99294.22,0,False,True,Middle,89364.79800000001,0.39072825865402844,0,15792649
725,1,45,8,116917.07,1,0,0,173464.43,1,True,False,Middle,255688.614,0.7528302447736113,1,15605275
506,1,37,5,0.0,2,1,1,127543.81,0,False,False,Middle,63771.905000000006,0.18220285137090547,0,15572467
632,0,36,7,0.0,2,1,1,52526.65,0,False,False,Middle,36768.655,0.2334136698080511,0,15738219
620,1,22,0,0.0,1,1,0,32589.45,0,False,False,Young,0.0,0.16441394357321842,0,15600710
663,1,32,8,130627.66,1,1,0,47161.25,1,True,False,Middle,168356.66,0.5105803108335482,1,15804394
700,0,46,5,56580.95,2,0,1,45424.13,0,False,True,Senior,79293.015,0.4696659111881206,0,15694188
696,1,38,6,142316.14,1,1,1,8018.49,0,True,False,Middle,147127.23400000003,0.4072932730723425,0,15583718
767,1,31,6,0.0,2,1,1,195668.0,0,False,True,Middle,117400.8,0.1175582057269214,0,15802478
561,1,56,7,152759.0,2,1,0,133167.11,1,False,False,Senior,245975.977,0.7768072118718997,1,15619343
350,1,39,0,109733.2,2,0,0,123602.11,1,True,False,Middle,109733.2,0.6975146082751001,1,15758813
706,1,54,9,117444.51,1,1,1,186238.85,0,False,False,Senior,285059.47500000003,0.5281487973931589,1,15761374
464,0,34,5,76001.57,1,1,1,158668.87,0,False,True,Middle,155336.005,0.3251644342883205,0,15569209
501,0,34,3,107747.57,1,1,0,9249.36,0,False,False,Middle,110522.37800000001,0.5380652503941742,1,15788539
745,0,35,8,0.0,2,1,1,116581.1,0,False,True,Middle,93264.88,0.23107585533010164,0,15747222
587,0,36,1,134997.49,2,1,0,44688.08,0,False,False,Middle,139466.29799999998,0.567695901578782,1,15769346
667,0,48,2,0.0,2,1,1,148608.39,0,False,False,Senior,29721.678000000004,0.44996645502188615,0,15699634
737,1,36,9,0.0,1,0,1,188670.9,1,False,False,Middle,169803.81,0.17064639645810892,0,15589076
485,0,30,7,0.0,1,1,0,107067.37,0,False,True,Young,74947.159,0.4045741208608893,0,15812338
590,0,37,0,64345.21,1,0,1,61759.33,1,False,True,Middle,64345.21,0.3751639642023972,0,15758845
518,0,35,8,141665.63,1,0,1,192776.64,0,True,False,Middle,295886.94200000004,0.5527625667267901,1,15685844
581,0,29,8,0.0,2,1,0,46735.19,0,False,True,Young,37388.152,0.3332643461107354,0,15583090
785,0,33,5,136624.6,2,1,1,169117.74,0,True,False,Middle,221183.47,0.42536737929831514,0,15587581
799,0,52,4,161209.66,1,1,1,89081.41,0,False,False,Senior,196842.22400000002,0.6301087426816602,1,15633640
698,1,38,10,95010.92,1,1,1,105227.86,0,False,True,Middle,200238.78000000003,0.23702162016454925,0,15573741
730,0,41,4,167545.32,1,1,0,128246.81,0,False,False,Middle,218844.044,0.6621287926441486,1,15633574
740,0,36,4,109044.6,1,0,0,94554.74,1,True,False,Middle,146866.496,0.7159712202900257,1,15711455
785,0,47,9,122031.55,1,1,1,33823.5,1,False,False,Senior,152472.7,0.47735931674223014,0,15570601
527,0,29,2,27755.97,1,1,0,97468.44,1,False,True,Young,47249.658,0.4124067480907807,0,15690925
544,0,29,1,118560.55,1,1,1,164137.36,0,False,False,Young,134974.286,0.23828024291234282,0,15709338
705,1,61,4,0.0,2,1,1,191313.7,0,False,False,Elder,76525.48000000001,0.5549790348058367,1,15780746
684,1,34,9,0.0,2,1,1,65257.57,0,False,False,Middle,58731.813,0.12309517038681428,0,15681956
639,0,28,8,97840.72,1,1,1,178222.77,0,False,True,Young,240418.936,0.22312189572045196,0,15778190
565,0,38,2,158651.29,2,1,1,179445.28,0,True,False,Middle,194540.34600000002,0.5747136131355352,1,15786852
481,1,44,9,175303.06,1,1,0,65500.53,1,False,False,Middle,234253.537,0.6095511444664742,1,15726494
731,1,25,8,96950.21,1,1,0,97877.92,0,False,True,Young,175252.546,0.22180882906572105,0,15641183
607,1,45,7,123859.6,1,0,1,113051.57,0,False,False,Middle,202995.69900000002,0.37397857123213785,0,15805312
760,0,32,7,0.0,2,1,1,105969.05,0,False,False,Middle,74178.335,0.17478221752199374,0,15636572
559,0,70,9,0.0,1,1,1,122996.76,0,False,False,Elder,110697.08399999999,0.8335435317693832,1,15632575
715,0,33,3,85227.84,1,1,1,68087.15,0,False,False,Middle,105653.985,0.25681376689394114,0,15740164
656,1,36,8,97786.08,2,0,1,21478.36,0,False,False,Middle,114968.76800000001,0.18183846822964508,0,15574947
652,1,33,7,128135.99,1,1,0,158437.73,0,True,False,Middle,239042.401,0.5557868547274042,1,15597909
624,1,33,6,0.0,2,0,0,76551.7,0,False,True,Middle,45931.02,0.2959641458826734,0,15782574
634,1,36,2,85996.19,1,1,0,15887.68,0,False,True,Middle,89173.726,0.4355259129972392,0,15734999
850,0,50,10,0.0,2,1,1,33741.84,0,False,True,Senior,33741.84,0.43765025147014025,0,15706593
659,0,39,1,104502.11,1,1,0,20652.69,0,True,False,Middle,106567.379,0.7765298311653478,1,15766686
529,1,35,5,95772.97,1,1,1,112781.5,0,False,True,Middle,152163.72,0.2295706964267742,0,15590268
572,1,31,5,98108.79,1,0,1,119996.95,0,False,True,Middle,158107.265,0.1816140215129063,0,15763055
640,1,39,9,131607.28,4,0,1,6981.43,1,True,False,Middle,137890.567,0.34815157218568366,0,15664754
770,1,55,9,63127.41,2,1,0,185211.28,1,False,True,Senior,229817.562,0.7164965192880468,1,15643630
648,1,35,7,0.0,2,1,1,78436.36,0,False,True,Middle,54905.452000000005,0.15454618077932905,0,15641043
579,1,31,9,0.0,1,0,1,139048.0,0,False,False,Middle,125143.20000000001,0.12926875730473977,0,15768095
589,0,36,9,140355.56,2,1,0,136329.96,0,True,False,Middle,263052.524,0.723773726586258,1,15811314
530,0,36,2,0.0,2,1,1,14721.8,0,False,True,Middle,2944.36,0.29341027542443676,0,15669922
831,1,30,2,0.0,2,0,1,3430.38,0,False,False,Young,686.076,0.10148020600715218,0,15707114
790,1,24,7,107418.27,1,0,1,160450.21,0,True,False,Young,219733.41700000002,0.18159886402973882,0,15670602
656,1,35,6,0.0,2,1,0,1485.27,0,False,False,Middle,891.1619999999999,0.2848120359261216,0,15713479
563,1,32,6,0.0,2,1,1,19720.08,0,False,True,Middle,11832.048000000003,0.1322176639086219,0,15663830
667,1,39,7,167557.12,1,1,1,41183.02,0,False,True,Middle,196385.234,0.2934951241060942,0,15566958
613,1,34,8,117300.02,1,1,0,139410.08,0,False,True,Middle,228828.084,0.40564056487645267,0,15680918
429,1,60,7,0.0,2,1,1,163691.48,0,False,False,Senior,114584.03600000002,0.5835540281938507,1,15663921
665,0,23,9,143672.9,1,1,1,115147.33,0,False,False,Young,247305.497,0.1538382734408862,0,15716324
731,1,33,4,0.0,2,1,1,74945.11,0,False,False,Middle,29978.044,0.1223088106675454,0,15796969
584,0,37,1,0.0,2,1,1,180363.56,0,False,False,Middle,18036.356,0.2688751131536527,0,15574783
634,0,31,8,76798.92,1,0,0,196021.73,0,True,False,Middle,233616.304,0.6366809062568769,1,15773487
488,1,34,3,0.0,2,1,1,125979.36,0,False,False,Middle,37793.808000000005,0.15402157744614392,0,15802486
535,0,49,7,115309.75,1,1,0,111421.77,0,False,True,Senior,193304.989,0.796078236363763,1,15783398
776,0,29,7,178171.04,2,1,1,115818.51,0,False,False,Young,259243.997,0.21428464886263945,0,15649418
850,0,38,3,0.0,2,0,1,179360.76,0,False,True,Middle,53808.228,0.27601987077168766,0,15604588
673,0,37,0,0.0,2,0,0,82351.06,0,False,True,Middle,0.0,0.5156600621865239,1,15735428
850,0,45,5,127258.79,1,1,1,192744.23,1,True,False,Middle,223630.905,0.6575718738498918,1,15629078
627,0,30,6,0.0,1,1,1,113408.47,0,False,True,Young,68045.08200000001,0.1993685452538266,0,15806880
570,0,33,8,0.0,1,1,1,124641.42,0,False,False,Middle,99713.136,0.22448360766165842,0,15754999
796,1,67,5,0.0,2,0,1,54871.02,0,False,True,Elder,27435.51,0.6738818729747417,1,15781034
773,0,33,10,0.0,1,1,1,98820.09,0,False,True,Middle,98820.09,0.20957451450986075,0,15622017
752,1,36,2,0.0,2,1,1,45570.84,0,False,True,Middle,9114.168,0.16816654509839937,0,15705885
625,0,69,1,107569.96,1,1,1,182336.45,0,False,True,Elder,125803.60500000001,0.8738431576600614,1,15677382
535,1,20,9,134874.4,1,1,1,118825.56,0,True,False,Young,241817.404,0.1624930309554532,0,15566843
786,0,29,4,0.0,2,1,0,103372.79,0,False,False,Young,41349.116,0.2996970662624491,0,15608387
620,0,67,3,0.0,2,1,1,43486.73,0,False,False,Elder,13046.019,0.7863674731232738,1,15810786
605,0,48,6,0.0,2,1,1,40062.99,0,False,True,Senior,24037.794,0.47074982990850417,0,15626983
670,0,32,3,0.0,2,1,0,46175.7,0,False,True,Middle,13852.71,0.4000301727858626,0,15773605
617,1,42,0,70105.87,1,1,1,120830.73,0,False,True,Middle,70105.87,0.31971281882988567,0,15811261
595,1,41,9,0.0,2,1,0,5967.09,0,False,False,Middle,5370.381,0.37552167283969373,0,15590606
687,0,29,4,78939.15,1,1,0,122134.56,1,True,False,Young,127792.97399999999,0.5762876062434016,1,15576644
757,1,30,6,105128.85,2,1,1,62972.13,0,True,False,Young,142912.128,0.23091600026358905,0,15750264
746,1,31,2,113836.27,1,1,1,174815.54,0,False,True,Middle,148799.378,0.16645807869301807,0,15741554
503,1,25,7,0.0,1,0,1,192841.13,0,False,True,Young,134988.79100000003,0.1038977479102862,0,15769051
543,1,48,1,100900.5,1,0,0,33310.72,1,True,False,Senior,104231.572,0.8165745446872944,1,15812198
428,0,40,3,129248.11,2,1,0,72876.43,1,True,False,Middle,151111.039,0.8024027498872363,1,15699772
768,0,28,3,109118.05,2,0,1,50911.41,0,False,False,Young,124391.473,0.18594811319604646,0,15744105
618,1,56,7,0.0,1,1,1,142400.27,1,False,False,Senior,99680.189,0.4925327501906808,0,15739858
591,0,31,7,0.0,2,0,1,48778.46,0,False,False,Middle,34144.922,0.18071209100492067,0,15723720
658,0,35,5,126397.66,1,0,0,156361.58,1,False,False,Middle,204578.45,0.5464617397226246,1,15638355
625,1,36,9,108546.16,3,1,0,133807.77,1,False,False,Middle,228973.153,0.36141249298569667,0,15805637
717,1,36,2,148061.89,1,1,0,179128.69,1,False,False,Middle,183887.62800000003,0.4241873141911285,0,15629575
667,1,44,8,122277.87,1,1,1,91810.71,0,False,False,Middle,195726.43800000002,0.33033980054070566,0,15586243
804,1,24,3,0.0,2,1,0,173195.33,0,False,False,Young,51958.599,0.14299578750690214,0,15757931
693,1,31,1,0.0,2,0,1,182270.88,0,False,False,Middle,18227.088,0.11333814484783898,0,15716023
729,1,36,8,152899.24,2,1,0,177130.33,0,True,False,Middle,294603.50399999996,0.5961675116920646,1,15647782
484,1,54,3,134388.11,1,0,0,49954.79,1,True,False,Senior,149374.547,0.8844615123368416,1,15716609
632,0,40,3,109740.62,1,1,0,141896.74,0,False,True,Middle,152309.642,0.65142893052188,1,15623791
536,1,23,6,92366.72,2,1,0,120661.71,0,True,False,Young,164763.74599999998,0.3380842919895959,0,15627262
573,0,26,4,129109.02,1,0,0,149814.68,1,False,False,Young,189034.892,0.39244194857515174,0,15652693
655,0,56,5,0.0,2,1,1,41782.7,0,False,True,Senior,20891.350000000002,0.6200359951216651,1,15586993
666,1,74,7,105102.5,1,1,1,46172.47,0,True,False,Elder,137423.229,0.9101852464983712,1,15815560
726,1,30,5,111375.32,2,1,0,2704.09,0,True,False,Young,112727.365,0.4390403609126921,0,15584930
523,1,39,3,0.0,2,1,0,6726.53,0,False,False,Middle,2017.959,0.397296814243061,0,15799031
728,0,33,9,150412.14,2,1,0,170764.08,0,True,False,Middle,304099.81200000003,0.6675615853075699,1,15810457
701,1,30,3,156660.72,2,1,0,45742.42,0,False,False,Young,170383.446,0.30722756493807774,0,15697879
518,1,38,3,90957.81,1,0,1,162304.59,0,False,False,Middle,139649.187,0.26099255915656894,0,15594902
739,1,37,7,104960.46,1,0,1,80883.82,0,False,False,Middle,161579.13400000002,0.2137586647705135,0,15799710
531,0,31,7,117052.82,1,1,0,118508.09,1,True,False,Middle,200008.483,0.6567801387205862,1,15659651
452,1,44,3,88915.85,1,1,0,69697.74,0,False,True,Middle,109825.172,0.6135994876992026,1,15645956
684,1,45,6,148071.39,1,1,0,183575.01,0,False,False,Middle,258216.396,0.6042321826354154,1,15651713
728,1,39,6,152182.83,1,0,0,161203.6,0,True,False,Middle,248904.99,0.6764119560322128,1,15737265
783,1,39,9,0.0,2,1,0,143752.77,0,False,True,Middle,129377.493,0.3692734299753588,0,15687310
734,1,22,5,130056.23,1,0,0,121894.31,1,False,False,Young,191003.385,0.1942878098253376,0,15607347
648,1,34,3,95039.73,2,1,1,147055.87,0,True,False,Middle,139156.49099999998,0.31271213530920894,0,15698321
688,1,52,1,0.0,2,1,1,172033.57,0,False,False,Senior,17203.357,0.3857272996035785,0,15657812
680,1,35,9,0.0,2,0,0,143774.06,0,False,True,Middle,129396.65400000001,0.32452561526817314,0,15569187
516,0,43,2,112773.73,2,1,1,139366.58,0,False,False,Middle,140647.046,0.45880143379746163,0,15681562
680,0,37,10,123806.28,1,1,0,81776.84,1,False,False,Middle,205583.12,0.5428047879520165,1,15615456
604,1,53,8,144453.75,1,1,0,190998.96,1,False,False,Senior,297252.918,0.7504137166057002,1,15589793
624,1,27,9,94667.29,2,0,1,4470.52,0,True,False,Young,98690.758,0.18865758428064386,0,15781884
623,1,21,10,0.0,2,0,1,135851.3,0,False,False,Young,135851.30000000002,0.05659136729652949,0,15675190
624,1,51,5,174397.21,2,1,1,172372.63,0,False,True,Senior,260583.525,0.5238904462217568,1,15600734
565,0,58,3,108888.24,3,0,1,135875.51,1,True,False,Senior,149650.893,0.8396646583363394,1,15779176
565,1,55,4,118803.35,2,1,1,128124.7,1,False,False,Senior,170053.23,0.5443746310767885,1,15605286
710,1,54,6,171137.62,1,1,1,167023.95,1,False,False,Senior,271351.99,0.5588733752791492,1,15674922
645,1,42,6,0.0,1,0,0,149807.01,0,False,False,Middle,89884.206,0.45826576809161834,0,15737506
707,1,33,8,136678.52,1,1,0,54290.62,0,False,False,Middle,180111.016,0.3402742603200732,0,15780514
655,0,36,1,135515.76,1,1,0,86013.96,0,False,True,Middle,144117.15600000002,0.6006974082221791,1,15623647
705,0,24,5,177799.83,2,0,0,79886.06,0,False,True,Young,217742.86,0.3631405721336977,0,15668472
358,0,52,8,143542.36,3,1,0,141959.11,1,False,True,Senior,257109.648,0.8360337686819125,1,15692416
578,1,34,8,147487.23,2,1,0,66680.77,0,True,False,Middle,200831.84600000002,0.5569897974102712,1,15771139
800,0,40,5,97764.41,1,1,0,98640.15,1,False,False,Middle,147084.48500000002,0.5832877402065054,1,15738318
612,0,33,9,0.0,1,0,0,142797.5,1,False,False,Middle,128517.75,0.42410208637660307,0,15772243
681,0,48,8,139480.18,1,1,1,163581.67,0,True,False,Senior,270345.516,0.7364437296767531,1,15638463
559,1,25,5,0.0,2,1,1,163221.22,0,False,True,Young,81610.61,0.08757795616206299,0,15598088
488,0,39,9,140553.46,1,0,0,12440.44,0,False,True,Middle,151749.856,0.6450935468750879,1,15693468
717,0,36,5,0.0,2,1,1,145551.6,0,False,False,Middle,72775.8,0.23591972914470735,0,15671930
666,0,41,10,141162.08,1,1,0,50908.48,0,False,False,Middle,192070.56,0.6218451356336478,1,15762268
582,1,26,4,65848.36,2,1,0,30149.21,0,False,True,Young,77908.044,0.23140879161458075,0,15780954
733,0,30,0,83319.28,1,0,0,57769.2,0,False,True,Young,83319.28,0.45459108341818644,0,15700174
693,1,41,4,0.0,2,0,0,156381.47,0,False,False,Middle,62552.588,0.40995207434877207,0,15635728
694,0,33,4,129731.64,2,1,0,178123.86,0,False,False,Middle,200981.184,0.4727335864989894,0,15679283
622,0,35,5,0.0,2,1,0,51112.8,0,False,False,Middle,25556.4,0.42634214407633,0,15591386
598,0,38,6,0.0,2,0,0,173783.38,0,False,True,Middle,104270.028,0.5345062625185637,1,15694192
717,1,35,1,0.0,3,0,0,174770.14,1,False,True,Middle,17477.014000000003,0.30393676655500423,0,15585901
494,1,37,5,107106.33,2,1,0,172063.09,0,True,False,Middle,193137.875,0.6234707444531408,1,15792329
644,1,33,8,0.0,2,1,1,155294.17,0,False,False,Middle,124235.33600000001,0.1291014029313231,0,15635597
554,0,30,9,0.0,2,1,1,40320.3,0,False,False,Young,36288.270000000004,0.1604216906145797,0,15775880
476,0,69,1,105303.73,1,0,1,134260.34,0,False,True,Elder,118729.764,0.8905426512289919,1,15630913
667,1,28,6,165798.1,1,1,0,147090.9,0,False,False,Young,254052.64,0.3003433226684615,0,15756680
748,0,40,4,0.0,2,1,0,132368.47,0,False,True,Middle,52947.388000000006,0.5351436889901299,1,15587913
531,0,45,1,126495.57,2,1,1,164741.5,0,False,True,Middle,142969.72,0.5299243063378718,1,15737605
719,0,47,9,116393.59,1,1,0,63051.32,1,False,True,Senior,173139.778,0.7312728849572171,1,15627876
845,0,41,2,81733.74,2,0,0,199761.29,0,True,False,Middle,121685.998,0.7438016365138822,1,15772601
738,1,54,4,0.0,1,0,1,55725.04,1,False,False,Senior,22290.016000000003,0.4429324135164225,0,15758606
563,0,46,8,106171.68,1,1,0,163145.5,1,False,True,Senior,236688.08000000002,0.7541974174554961,1,15657107
695,1,28,0,96020.86,1,1,1,57992.49,0,False,True,Young,96020.86,0.14463293916105485,0,15622454
841,1,41,1,0.0,2,0,1,193093.77,0,False,True,Middle,19309.377,0.21622026205480965,0,15775803
626,1,36,2,181671.16,2,1,1,57531.14,0,True,False,Middle,193177.388,0.413336491858076,0,15570859
613,0,29,6,185709.28,2,1,1,77242.19,0,False,False,Young,232054.594,0.23685210815080626,0,15748381
824,1,60,8,134250.17,3,0,0,153046.16,1,True,False,Senior,256687.09800000003,0.88507867218842,1,15787189
705,0,49,7,0.0,1,1,0,63405.2,1,False,False,Senior,44383.64,0.6852456757438308,1,15666055
584,0,44,5,95671.75,2,1,1,106564.88,0,False,False,Middle,148954.19,0.44722860796679487,0,15617648
534,1,62,2,0.0,2,0,0,42763.12,1,False,False,Elder,8552.624000000002,0.8033179336072145,1,15755678
672,0,34,1,142151.75,2,1,1,168753.34,0,False,False,Middle,159027.084,0.2890784891708858,0,15624781
603,1,43,5,127823.93,1,1,1,19483.35,0,False,False,Middle,137565.60499999998,0.3319742391795201,0,15779497
633,1,43,3,144164.29,1,1,1,158646.46,0,True,False,Middle,191758.228,0.5360315973302984,1,15567399
842,1,58,1,63492.94,1,1,1,83172.19,0,False,False,Senior,71810.159,0.5488468914500378,1,15613656
661,0,27,3,0.0,2,1,1,76889.79,0,False,False,Young,23066.937,0.1401692596079065,0,15734311
601,1,74,2,0.0,2,0,1,51554.58,0,False,False,Elder,10310.916000000001,0.7965807776626983,1,15657214
632,1,41,0,106134.46,1,0,1,105570.39,0,False,False,Middle,106134.46,0.30829804594033505,0,15799350
684,1,29,8,127269.75,1,0,1,79495.01,0,True,False,Young,190865.758,0.25649545642177646,0,15729970
785,0,32,3,124493.03,2,0,1,52583.79,1,True,False,Middle,140268.167,0.4096075312411692,0,15725835
687,1,39,7,0.0,2,1,0,26848.25,0,False,False,Middle,18793.775,0.34302751537569093,0,15745543
705,0,43,10,146547.78,1,0,1,10072.55,1,True,False,Middle,156620.33,0.6170613307956886,1,15727384
639,1,43,6,99610.92,2,1,0,187296.78,0,False,False,Middle,211988.988,0.5193116209661155,1,15666916
729,1,46,5,117837.43,1,1,0,104016.61,1,True,False,Senior,169845.735,0.7557355408835962,1,15732917
556,0,48,8,168522.37,1,1,1,151310.16,0,False,True,Senior,289570.498,0.6281126814850709,1,15612050
570,1,32,9,117337.54,2,0,1,62810.91,0,False,False,Middle,173867.359,0.15711455698883353,0,15726267
841,1,74,9,108131.53,1,0,1,60830.38,0,False,False,Elder,162878.872,0.8066812157040857,1,15780124
705,1,35,4,136496.12,2,1,0,116672.02,0,True,False,Middle,183164.928,0.5673003659474981,1,15742238
553,1,32,3,116324.53,1,1,0,77304.49,0,False,False,Middle,139515.877,0.36080562124137905,0,15679024
779,0,40,2,75470.23,1,1,1,52894.01,0,True,False,Middle,86049.03199999999,0.5501230858812892,1,15715297
696,1,28,4,172646.82,1,1,1,116471.43,0,False,False,Young,219235.392,0.14686055496057981,0,15633612
728,0,37,4,0.0,1,0,0,4539.38,0,False,True,Middle,1815.7520000000002,0.5096100661308106,1,15602929
691,1,27,3,160358.68,2,1,0,142367.72,0,True,False,Young,203068.99599999998,0.43479409901113997,0,15696703
706,1,30,3,98415.37,1,1,1,110520.48,0,False,False,Young,131571.514,0.14121672732449475,0,15756668
627,0,30,6,57809.32,1,1,0,188258.49,0,True,False,Young,170764.414,0.5952458932678601,1,15565779
716,0,18,3,128743.8,1,0,0,197322.13,0,True,False,Young,187940.439,0.40469886856109566,0,15795519
501,1,24,4,130806.42,2,1,0,80241.14,0,True,False,Young,162902.876,0.38944835712642895,0,15761477
601,1,41,1,123971.16,1,0,1,172814.99,0,False,False,Middle,141252.659,0.3139768648869795,0,15731890
545,0,39,6,0.0,1,0,0,38410.74,1,False,True,Middle,23046.444000000003,0.5688773919204733,1,15633043
634,1,45,9,0.0,2,0,0,17622.82,0,False,False,Middle,15860.538,0.45531345985584193,0,15752953
451,0,23,9,0.0,2,0,1,48021.71,0,False,True,Young,43219.539000000004,0.12290472594696407,0,15603088
655,0,59,7,0.0,1,1,0,88958.49,1,False,False,Senior,62270.94300000001,0.8325136039463739,1,15606613
458,0,39,9,0.0,2,1,0,116343.09,0,False,False,Middle,104708.781,0.5273293149091036,1,15635939
520,1,33,4,156297.58,2,1,1,166102.61,0,False,False,Middle,222738.62399999998,0.20120994110011411,0,15666043
624,0,28,2,0.0,2,0,1,104353.26,0,False,True,Young,20870.652000000002,0.17466542688926096,0,15746190
765,1,51,3,123372.3,1,1,1,115429.32,0,False,False,Senior,158001.09600000002,0.4599739222008345,0,15591357
667,0,37,5,92171.35,3,1,0,178106.34,1,True,False,Middle,181224.52000000002,0.6894024922755326,1,15658716
665,1,41,8,0.0,2,1,0,132152.32,0,False,True,Middle,105721.85600000001,0.42522007602151424,0,15679909
709,1,34,4,148375.19,2,1,1,21521.38,0,True,False,Middle,156983.742,0.33089276029885056,0,15634262
583,0,44,8,0.0,2,1,1,27431.62,0,False,False,Middle,21945.296000000002,0.35830659179128976,0,15799825
782,1,34,6,147422.44,1,0,1,42143.61,0,False,True,Middle,172708.606,0.20743013711517982,0,15756875
668,0,24,7,173962.32,1,0,0,106457.11,1,False,True,Young,248482.29700000002,0.38493732651010276,0,15678146
621,1,47,0,0.0,1,1,1,133831.37,1,False,False,Senior,0.0,0.3353772921028635,0,15710743
579,0,64,6,145215.43,1,1,1,164083.72,0,True,False,Elder,243665.662,0.9131842606262235,1,15595831
547,0,38,5,167539.97,1,0,1,159207.34,0,False,False,Middle,247143.64,0.424405317000857,0,15626684
840,0,39,1,94968.97,1,1,0,84487.62,0,False,False,Middle,103417.732,0.5707572957083215,1,15709846
667,0,27,3,106116.5,2,1,0,3674.71,0,True,False,Young,107218.913,0.5419549947980723,1,15635459
723,1,34,5,0.0,2,0,1,12092.03,0,False,False,Middle,6046.015,0.13123565844533153,0,15642544
487,1,45,2,0.0,2,1,0,77475.73,0,False,False,Middle,15495.146,0.5210480250614709,1,15566494
668,0,31,9,0.0,2,0,0,41291.73,0,False,False,Middle,37162.557,0.3303302246095872,0,15655238
520,1,34,8,120018.86,2,1,1,343.38,0,True,False,Middle,120293.564,0.3140053240583444,0,15733429
549,1,37,2,112541.54,2,0,0,47432.43,0,False,False,Middle,122028.026,0.44418501745145983,0,15814536
567,0,35,5,166118.45,2,1,0,127827.18,0,False,False,Middle,230032.04,0.5554818258186166,1,15771702
720,0,45,1,102882.4,2,1,1,35633.15,1,False,False,Middle,106445.715,0.46754341603970706,0,15723008
492,0,49,8,0.0,1,1,1,182865.09,1,False,False,Senior,146292.07200000001,0.5258974619075082,1,15797160
712,0,37,1,106881.5,2,0,0,169386.81,0,False,False,Middle,123820.181,0.5394654109863504,1,15792222
689,1,26,4,120727.97,1,0,1,149073.88,0,True,False,Young,180357.522,0.2247371098730302,0,15644765
850,1,63,8,169832.57,1,0,0,184107.26,1,False,False,Elder,317118.378,0.8573510283260882,1,15610686
747,1,41,5,0.0,2,1,1,22750.17,0,False,False,Middle,11375.085,0.19774258811005507,0,15730868
469,1,38,9,113599.42,1,0,0,11950.29,0,True,False,Middle,124354.681,0.6391351736937374,1,15705991
539,1,38,6,0.0,1,1,1,152880.07,1,False,True,Middle,91728.04200000002,0.224472577794971,0,15577078
743,1,32,9,0.0,2,1,0,175252.78,0,False,False,Middle,157727.502,0.24571448743219784,0,15679550
707,1,47,3,0.0,2,1,0,174303.29,0,False,False,Senior,52290.987,0.513278713032842,1,15787655
581,0,50,4,0.0,2,1,1,80701.72,0,False,True,Senior,32280.688000000002,0.5275450605752788,1,15668081
737,1,38,6,146282.79,2,1,0,198516.2,0,False,True,Middle,265392.51,0.466299015232817,0,15747980
445,0,38,6,119413.62,2,1,0,175756.36,0,True,False,Middle,224867.436,0.769183209432127,1,15710295
703,0,29,3,122084.63,1,0,1,82824.08,0,True,False,Young,146931.854,0.3885197476321925,0,15724443
588,0,35,1,103060.63,1,1,0,179866.01,1,True,False,Middle,121047.231,0.7125770942941367,1,15571305
765,1,44,6,0.0,2,1,1,159899.97,0,False,False,Middle,95939.98200000002,0.24220661837640511,0,15569503
626,1,33,8,0.0,2,1,0,138504.28,0,False,False,Middle,110803.424,0.2699850886523129,0,15581840
545,1,37,9,110483.86,1,1,1,127394.67,0,True,False,Middle,225139.06300000002,0.4028869758208372,0,15772262
744,1,31,9,120718.28,1,1,1,58961.49,0,False,False,Middle,173783.621,0.13932481220782297,0,15767794
658,0,31,2,36566.96,1,1,0,103644.98,1,False,True,Middle,57295.956,0.432374899073898,0,15629338
629,1,28,8,108601.0,1,1,1,119647.7,0,True,False,Young,204319.16,0.24006245473686685,0,15790379
719,0,42,4,0.0,1,1,0,28465.86,1,False,False,Middle,11386.344000000001,0.5711916468477164,1,15750684
686,0,36,5,0.0,2,1,1,152979.14,0,False,True,Middle,76489.57,0.2611513500238777,0,15697214
743,1,36,4,0.0,2,1,1,190911.02,0,False,False,Middle,76364.408,0.14999771975913814,0,15711015
626,0,48,2,0.0,2,1,1,95794.98,0,False,True,Senior,19158.996,0.4885447181794568,0,15573309
661,1,44,1,141136.62,1,1,0,189742.78,1,True,False,Middle,160110.898,0.7499577805373485,1,15805303
710,1,45,9,108231.37,1,1,1,188574.08,0,True,False,Middle,277948.042,0.5413755691634343,1,15741385
654,1,40,6,0.0,1,0,0,183872.88,1,False,False,Middle,110323.728,0.42297987525004993,0,15780254
569,0,34,6,144855.34,1,0,0,196555.32,0,False,True,Middle,262788.532,0.5873403672895311,1,15744843
640,1,63,2,68432.45,2,1,1,112503.24,1,False,False,Elder,90933.098,0.6508789507494601,1,15815626
562,1,45,6,136855.24,1,1,0,46864.0,0,False,False,Middle,164973.63999999998,0.6011726524565855,1,15784736
721,0,55,3,44020.89,1,1,0,65864.4,1,False,False,Senior,63780.21,0.8074110382035989,1,15813412
456,1,32,9,133060.63,1,1,1,125167.92,0,True,False,Middle,245711.75800000003,0.3418259044282432,0,15809143
811,1,39,7,0.0,2,1,1,177519.39,0,False,True,Middle,124263.573,0.19182358527237647,0,15617617
534,1,24,1,0.0,1,1,1,169653.32,0,False,False,Young,16965.332000000002,0.0817519854142393,0,15779738
423,0,36,5,97665.61,1,1,0,118372.55,1,False,False,Middle,156851.885,0.5760536160606127,1,15668669
594,1,28,5,185013.02,1,1,0,16481.12,0,True,False,Young,193253.58,0.49893304016097123,0,15687477
725,0,32,0,0.0,2,1,1,138525.19,0,False,True,Middle,0.0,0.2056325545170725,0,15578908
716,0,52,7,65971.61,2,1,0,14608.0,1,False,False,Senior,76197.21,0.7416100555276047,1,15687658
595,0,41,9,150463.11,2,0,1,81548.38,0,True,False,Middle,223856.652,0.6061118937452783,1,15615020
679,0,33,1,0.0,2,0,0,69608.48,0,False,False,Middle,6960.848,0.4081633229957311,0,15608886
667,1,39,9,0.0,2,1,0,68873.8,0,False,True,Middle,61986.42000000001,0.3694427083884248,0,15602551
661,0,37,5,136425.18,1,1,0,81102.81,0,False,False,Middle,176976.585,0.5759199323732258,1,15672945
655,1,38,3,250898.09,3,0,1,81054.0,1,False,True,Middle,275214.29,0.31638539095632207,0,15757408
555,1,55,4,146798.81,1,1,1,74149.77,0,False,False,Senior,176458.718,0.5863497602043068,1,15806132
531,1,70,1,0.0,2,0,0,99503.19,0,False,True,Elder,9950.319000000001,0.8942011801685613,1,15813022
611,0,40,7,128486.91,2,1,0,10109.47,0,True,False,Middle,135563.539,0.7587793978038377,1,15673578
600,0,38,9,0.0,2,1,1,58855.85,0,False,False,Middle,52970.26500000001,0.25905991868838835,0,15757916
531,1,37,1,143407.29,2,0,1,84402.46,0,False,True,Middle,151847.53600000002,0.2836742277710719,0,15689168
601,0,43,2,0.0,1,1,0,49713.87,1,False,False,Middle,9942.774000000001,0.6222141561383121,1,15769216
548,1,57,6,76165.65,1,1,1,133537.53,0,False,False,Senior,156288.168,0.5762619627254921,1,15593295
759,1,40,4,0.0,2,1,0,124615.59,0,False,False,Middle,49846.236000000004,0.3707703955190922,0,15804814
678,0,49,8,0.0,2,0,1,98090.69,0,False,True,Senior,78472.55200000001,0.4862954472969082,0,15778934
755,0,33,6,90560.3,2,1,1,42607.69,0,True,False,Middle,116124.914,0.38453581474601406,0,15802351
594,1,61,3,62391.22,1,1,1,192434.11,0,False,False,Elder,120121.45300000001,0.6366367856830357,1,15630241
768,1,42,5,0.0,3,0,0,60686.4,0,False,False,Middle,30343.2,0.3853140363462013,0,15719561
492,0,31,7,0.0,2,1,1,49463.44,0,False,False,Middle,34624.408,0.18609550963509613,0,15615096
637,0,55,1,123378.2,1,1,0,81431.99,1,True,False,Senior,131521.399,0.9253844874768791,1,15659931
646,0,42,3,99836.47,1,0,1,22909.56,0,False,True,Middle,106709.338,0.4679915209183069,0,15714586
593,1,74,5,161434.36,2,1,1,65532.17,0,True,False,Elder,194200.44499999998,0.9230730616656428,1,15634949
596,1,41,5,0.0,2,0,1,141053.85,0,False,True,Middle,70526.925,0.24837330689045203,0,15589224
722,0,48,10,138311.76,1,1,1,3472.63,1,True,False,Senior,141784.39,0.6863142043330774,1,15795990
642,1,25,7,0.0,2,1,0,102083.78,0,False,False,Young,71458.646,0.1620277860652366,0,15603216
472,0,28,4,0.0,2,1,0,1801.77,0,False,True,Young,720.7080000000001,0.3543426218739704,0,15631201
738,1,35,6,101744.84,1,0,0,85185.44,0,True,False,Middle,152856.104,0.5607469319597247,1,15686255
732,1,33,8,0.0,1,1,0,119882.7,0,False,True,Middle,95906.16,0.29218136859377636,0,15746594
404,0,54,4,125456.07,1,1,0,83715.66,1,True,False,Senior,158942.334,0.9284662476490237,1,15718893
701,1,44,7,0.0,2,1,0,23425.78,0,False,False,Middle,16398.046,0.4312317067757387,0,15671609
683,1,31,2,0.0,2,0,1,77326.78,0,False,False,Middle,15465.356,0.11737718500263114,0,15652540
460,0,27,7,0.0,2,1,0,156150.08,1,False,False,Young,109305.05599999998,0.3168535650768284,0,15774857
690,1,29,5,0.0,2,1,0,108577.97,0,False,False,Young,54288.985,0.20734123699238047,0,15791836
618,0,54,4,118449.21,1,1,1,133573.29,1,True,False,Senior,171878.526,0.8143532495658451,1,15651554
671,1,30,2,0.0,1,0,1,102057.86,0,False,False,Young,20411.572,0.11923003417384712,0,15583576
765,0,32,9,178095.55,1,0,0,47247.56,0,False,True,Middle,220618.354,0.4997347199167969,0,15732740
651,0,25,2,109175.14,2,1,0,114566.47,0,True,False,Young,132088.434,0.508869158429989,1,15723320
704,1,32,7,127785.17,4,0,0,184464.7,1,False,False,Middle,256910.46000000002,0.2912828950327339,0,15603851
544,0,45,6,0.0,2,0,1,151401.33,0,False,False,Middle,90840.79800000001,0.4203555055999919,0,15777923
790,0,40,9,0.0,2,1,1,70607.1,0,False,False,Middle,63546.39000000001,0.2648197280376645,0,15735719
710,1,34,9,134260.36,2,1,0,147074.67,0,True,False,Middle,266627.56299999997,0.5414647583226251,1,15703482
743,1,37,8,69143.91,2,0,1,105780.18,0,False,False,Middle,153768.054,0.18370587906395652,0,15605835
702,1,34,4,100054.77,1,1,0,109496.45,0,False,False,Middle,143853.35,0.3578987131798833,0,15664881
704,0,45,6,0.0,1,1,1,137739.45,0,False,False,Middle,82643.67000000001,0.40440569192282405,0,15757568
614,1,38,2,116248.88,1,1,0,105140.92,0,False,False,Middle,137277.064,0.46425187726984174,0,15792660
609,0,43,6,86053.52,2,1,1,113276.46,1,False,True,Middle,154019.396,0.44227940261932125,0,15599722
688,0,32,6,123157.95,1,1,0,172531.23,0,False,False,Middle,226676.68800000002,0.4735666715545198,0,15726354
713,1,44,1,63438.91,1,1,0,64375.4,0,False,False,Middle,69876.45000000001,0.5337403390407028,1,15610355
736,1,57,9,95295.39,1,1,0,28434.44,1,True,False,Senior,120886.386,0.8551418622912887,1,15704284
727,1,18,4,133550.67,1,1,1,46941.41,0,False,False,Young,152327.23400000003,0.06486769071425541,0,15621893
850,0,38,1,106871.81,2,1,0,29333.01,0,False,False,Middle,109805.111,0.5415543575311892,1,15588219
718,1,45,3,105266.32,2,1,1,193724.51,0,False,True,Middle,163383.673,0.347955087672561,0,15688619
643,0,51,2,105229.53,1,1,0,34967.75,1,False,False,Senior,112223.08,0.7987152602576219,1,15765518
653,1,41,8,102768.42,1,1,0,55663.85,0,False,False,Middle,147299.5,0.4755611402254576,0,15616931
674,1,18,7,0.0,2,1,1,55753.12,1,False,False,Young,39027.184,0.04086536738866093,0,15758372
690,1,35,6,112689.95,1,1,0,176962.31,0,False,False,Middle,218867.336,0.38869186749254725,0,15782591
819,1,38,9,122334.26,2,1,1,181507.44,0,False,False,Middle,285690.956,0.2162052265172067,0,15612109
634,1,34,1,0.0,2,1,0,61995.57,0,False,True,Middle,6199.557000000001,0.32422176961719684,0,15613712
633,1,33,4,137847.41,2,1,0,98349.13,0,False,True,Middle,177187.062,0.37940745324169806,0,15639322
850,1,49,5,122486.47,1,0,1,59748.19,0,False,False,Senior,152360.565,0.405864109394283,0,15594349
665,1,33,2,101286.11,1,1,1,159840.51,0,False,False,Middle,133254.212,0.17672310879259037,0,15574167
630,1,26,7,0.0,2,1,1,6656.64,0,False,True,Young,4659.648,0.08079527994810408,0,15811842
836,1,57,4,101247.06,1,1,0,37141.62,1,False,True,Senior,116103.708,0.7680738374529108,1,15648794
668,1,38,10,86977.96,1,0,1,37094.75,0,False,False,Middle,124072.71,0.20867750927245984,0,15771211
753,1,57,7,0.0,1,1,0,159475.08,1,False,False,Senior,111632.55599999998,0.7064592323792167,1,15588614
745,0,55,9,110123.59,1,0,1,51548.14,1,False,False,Senior,156516.916,0.640713860424854,1,15630698
693,1,36,8,178111.82,1,0,0,58719.63,1,False,False,Middle,225087.524,0.43371241777713876,0,15694200
606,1,65,10,126306.64,3,0,0,7861.68,1,True,False,Elder,134168.32,0.9142440378246284,1,15721426
660,0,35,6,100768.77,1,1,0,19199.61,0,False,False,Middle,112288.53600000001,0.5013795315161148,1,15725997
608,1,42,5,0.0,2,1,0,178504.29,0,False,False,Middle,89252.14500000002,0.43606456611159805,0,15762138
744,0,44,3,0.0,2,1,1,189016.14,0,False,False,Middle,56704.842000000004,0.36070871617894745,0,15750649
731,0,40,7,118991.79,1,1,1,156048.64,0,False,False,Middle,228225.838,0.3872423013974432,0,15685706
683,1,72,3,140997.26,1,0,1,52876.41,0,False,False,Elder,156860.18300000002,0.8331377856787658,1,15641835
727,1,28,5,0.0,2,0,1,19653.08,0,False,False,Young,9826.54,0.08680536541592368,0,15586821
561,1,32,6,166824.59,1,1,0,139451.98,0,True,False,Middle,250495.77800000002,0.5771706002257355,1,15569678
700,0,34,2,76322.69,1,1,0,128136.29,0,False,False,Middle,101949.948,0.48013847094866424,0,15793842
605,1,35,6,0.0,2,1,1,45206.57,0,False,False,Middle,27123.942,0.14456910438346696,0,15667554
767,1,77,8,149083.7,1,1,1,190146.83,0,False,True,Elder,301201.164,0.8848766434909197,1,15794479
511,1,33,7,0.0,2,0,1,158313.87,0,False,False,Middle,110819.70899999999,0.14532802864177402,0,15585041
667,1,40,9,0.0,1,1,1,96670.2,0,False,False,Middle,87003.18,0.20418072158947642,0,15780650
787,1,33,1,126588.81,2,0,1,62163.53,0,False,False,Middle,132805.163,0.17280502979987672,0,15780846
705,0,56,2,143249.67,1,1,0,88428.41,1,True,False,Senior,160935.352,0.929627447803378,1,15805260
773,1,43,8,81844.91,2,1,1,35908.46,0,True,False,Middle,110571.678,0.41513604339165205,0,15621629
554,1,40,4,0.0,1,0,1,168780.04,0,False,False,Middle,67512.016,0.23819488431676744,0,15662151
526,1,58,9,190298.89,2,1,1,191263.76,0,True,False,Senior,362436.27400000003,0.8079063672889211,1,15747174
661,1,35,2,117212.18,1,1,1,83052.03,0,True,False,Middle,133822.58599999998,0.3673808795203698,0,15651585
698,0,46,0,0.0,2,1,1,125962.02,0,False,False,Senior,0.0,0.412371094098039,0,15649738
646,1,26,4,139848.17,1,1,0,164696.27,0,False,False,Young,205726.678,0.26012253701408167,0,15633108
757,0,34,9,101861.36,2,0,0,187011.96,0,True,False,Middle,270172.124,0.662482007402671,1,15769254
699,1,35,2,167455.66,2,1,1,55324.49,0,False,True,Middle,178520.55800000002,0.23489683377103712,0,15704746
667,0,24,4,0.0,2,0,1,34335.55,0,False,False,Young,13734.220000000001,0.11541811769199266,0,15637644
774,0,43,1,116360.07,1,1,0,17004.14,0,False,True,Middle,118060.48400000001,0.6990369308429372,1,15609562
745,1,40,3,88466.82,1,0,0,116331.42,0,False,True,Middle,123366.24600000001,0.49326470840727293,0,15787459
649,0,42,7,0.0,2,0,1,22974.01,0,False,False,Middle,16081.806999999999,0.3265917953599931,0,15762902
634,0,46,5,123642.36,1,1,1,49725.16,1,True,False,Senior,148504.94,0.6965505446591159,1,15738605
665,1,38,9,0.0,1,0,1,87412.74,0,False,True,Middle,78671.46600000001,0.20151690083537854,0,15724889
713,1,38,9,72286.84,2,1,1,26136.89,0,False,False,Middle,95810.041,0.17929024421335124,0,15730735
652,0,40,1,0.0,2,1,0,126554.96,0,False,False,Middle,12655.496000000001,0.5310112916753028,1,15689147
739,1,40,1,109681.61,1,1,1,193321.3,0,False,True,Middle,129013.74,0.282234657993807,0,15730397
556,1,37,9,145018.64,2,1,0,90928.02,1,True,False,Middle,226853.858,0.6168361860890093,1,15762169
699,1,34,8,0.0,1,1,1,76510.46,0,False,True,Middle,61208.36800000001,0.14932471230548727,0,15589320
708,0,32,8,187487.63,1,1,1,120115.5,0,False,True,Middle,283580.03,0.3108493411603652,0,15799211
480,1,35,2,165692.91,1,1,1,197984.58,0,False,False,Middle,205289.826,0.25261939722908117,0,15798310
700,0,59,5,137648.41,1,1,0,142977.05,1,True,False,Senior,209136.935,0.9410324600430636,1,15609998
525,0,47,6,118560.0,1,1,0,82522.61,1,False,True,Senior,168073.566,0.7721290954921204,1,15583548
845,1,33,8,164385.53,1,1,0,150664.97,0,False,False,Middle,284917.506,0.35479807295888255,0,15761763
613,1,37,9,108286.5,1,1,1,114153.44,0,False,False,Middle,211024.59600000002,0.22510191839863575,0,15764409
850,0,34,2,0.0,2,1,1,171706.66,0,False,False,Middle,34341.332,0.19476121918156358,0,15710161
798,0,58,9,0.0,2,0,0,119071.56,1,False,True,Senior,107164.40400000001,0.8143005563973478,1,15735246
773,1,47,2,118079.47,4,1,1,143007.49,1,True,False,Senior,146680.968,0.5017071078487615,1,15791700
614,1,35,2,127283.78,1,1,1,31302.35,0,False,True,Middle,133544.25,0.2442350000171151,0,15670753
473,1,48,8,0.0,2,1,0,71139.8,0,False,True,Senior,56911.840000000004,0.5797403104379696,1,15573876
762,1,29,6,141389.06,1,1,0,54122.89,0,False,False,Young,173862.794,0.2784716644058496,0,15770174
701,1,37,8,130091.5,1,1,1,120031.29,0,False,False,Middle,226116.532,0.22725411535074105,0,15641114
600,1,35,4,143744.77,2,1,0,104076.51,0,False,False,Middle,185375.37399999998,0.39950573689835667,0,15682435
850,1,28,9,97408.03,1,1,1,175853.64,0,False,True,Young,255676.30600000004,0.12427251152971745,0,15751788
613,1,30,9,111927.45,1,1,1,175795.87,0,False,True,Young,270143.733,0.16979559290107912,0,15672598
509,1,31,3,0.0,2,1,0,15360.91,0,False,False,Middle,4608.273,0.26420073008596784,0,15762803
509,1,38,2,0.0,1,0,0,168460.12,0,False,True,Middle,33692.024,0.43600884643749105,0,15812982
609,1,34,1,0.0,1,1,1,181177.9,0,False,False,Middle,18117.79,0.15349559398452733,0,15597901
456,0,33,1,188285.68,1,0,0,58363.94,0,False,False,Middle,194122.074,0.5998530485150889,1,15731507
728,0,46,2,109705.52,1,1,0,20276.87,1,False,False,Senior,113760.894,0.7206355226082918,1,15809826
663,1,33,9,0.0,2,0,0,91514.62,0,False,True,Middle,82363.158,0.2823045646616916,0,15764237
673,0,34,1,127122.79,3,0,1,76703.1,0,True,False,Middle,134793.1,0.4546895591503612,0,15769917
717,1,40,0,98241.04,1,1,0,110887.14,0,False,False,Middle,98241.04,0.4771046477851029,0,15641850
741,0,37,8,170840.08,2,0,0,109843.16,0,True,False,Middle,258714.608,0.7373821440342961,1,15770974
498,0,41,4,87541.06,2,1,1,12577.21,1,True,False,Middle,92571.944,0.5916745459062311,1,15803749
850,0,26,4,62610.96,2,0,1,179365.1,0,False,False,Young,134357.0,0.1386945636568077,0,15684999
493,1,36,9,0.0,2,1,1,65816.53,0,False,False,Middle,59234.87700000001,0.158375037703468,0,15770225
686,0,47,5,113328.93,1,1,0,124170.9,0,False,False,Senior,175414.38,0.7328887738057097,1,15627484
666,1,35,2,104832.49,1,1,0,175015.12,0,False,True,Middle,139835.514,0.41269911826331246,0,15610337
733,0,31,9,102289.85,1,1,1,115441.66,0,False,True,Middle,206187.344,0.24234476323202347,0,15752488
631,0,34,6,125227.82,2,0,1,128247.03,0,True,False,Middle,202176.038,0.4679995627229413,0,15610056
714,0,49,5,140510.89,1,1,0,141914.94,0,True,False,Senior,211468.36000000002,0.8803999882331296,1,15806049
767,0,35,6,132253.22,1,1,0,115566.57,1,True,False,Middle,201593.162,0.6977856281968459,1,15736069
711,1,43,2,39043.29,2,1,1,175423.69,0,True,False,Middle,74128.028,0.4264470664085579,0,15763662
722,1,34,8,0.0,2,1,1,133447.49,0,False,False,Middle,106757.992,0.1291844119305227,0,15615575
631,1,55,9,99685.06,1,1,0,114474.98,0,False,True,Senior,202712.54200000002,0.7581510418472965,1,15691723
701,1,38,3,125385.49,2,0,1,52044.66,0,True,False,Middle,140998.888,0.4037024536952576,0,15774098
790,1,46,2,131365.37,2,1,1,180290.68,0,False,True,Senior,167423.506,0.3698911258832218,0,15750808
633,1,58,6,98308.51,1,1,1,132034.13,0,False,True,Senior,177528.988,0.6209137001587531,1,15744368
644,0,37,8,0.0,2,1,0,20968.88,0,False,False,Middle,16775.104000000003,0.43633561053413217,0,15610594
757,1,44,5,140856.16,2,1,0,158735.1,0,False,True,Middle,220223.71000000002,0.5694974640012936,1,15756125
696,0,30,8,0.0,2,1,1,196134.44,0,False,False,Young,156907.552,0.16935597810846958,0,15623277
746,1,35,2,172274.01,1,1,0,22374.97,0,False,False,Middle,176749.00400000002,0.4272469736180206,0,15795954
649,1,36,8,0.0,2,1,0,161668.15,0,False,True,Middle,129334.52,0.34333888278497415,0,15671969
565,1,38,0,122447.76,1,0,0,67339.34,0,False,True,Middle,122447.76,0.5266581937305129,1,15791268
720,0,38,10,0.0,2,1,1,56229.72,1,False,False,Middle,56229.72,0.2381306666880929,0,15713655
648,0,56,6,157559.59,2,1,0,140991.23,1,False,True,Senior,242154.328,0.8663737928412306,1,15633930
632,1,41,3,126550.7,1,0,0,177644.52,1,True,False,Middle,179844.05599999998,0.7096501807658585,1,15712849
622,0,30,2,158584.82,3,1,0,142342.55,1,False,False,Young,187053.33000000002,0.42648547253889124,0,15639077
835,1,28,2,163569.61,2,1,1,154559.28,0,False,False,Young,194481.466,0.12258812132645522,0,15808784
493,0,31,3,0.0,1,1,1,176570.28,1,False,False,Middle,52971.084,0.21434236342974403,0,15648577
785,0,33,6,127211.45,1,0,0,191961.83,0,True,False,Middle,242388.548,0.6750591623678949,1,15670345
681,1,42,3,118199.97,2,1,0,9452.88,1,True,False,Middle,121035.834,0.6893393669365643,1,15633112
621,0,30,2,101014.08,2,1,1,165257.31,0,True,False,Young,134065.54200000002,0.3750917409729718,0,15714397
756,1,38,6,119208.85,1,1,0,169763.89,1,False,True,Middle,221067.184,0.46390362248553396,0,15780038
515,0,66,6,0.0,2,1,1,160663.11,0,False,False,Elder,96397.866,0.7837527775249971,1,15756305
625,0,58,10,53772.73,1,1,1,192072.1,1,False,False,Senior,245844.83000000002,0.7040742463266652,1,15578799
717,0,39,6,0.0,2,1,0,93275.61,0,False,True,Middle,55965.36600000001,0.5129124396590121,1,15800326
595,0,41,2,138878.81,1,0,1,112269.67,0,True,False,Middle,161332.744,0.6467550235304934,1,15785485
539,0,37,1,130922.81,2,0,0,2186.83,0,False,True,Middle,131141.493,0.6318529066659306,1,15783958
762,1,35,9,0.0,2,1,1,43075.7,0,False,False,Middle,38768.13,0.12266587158925066,0,15727546
706,1,20,8,0.0,2,1,1,12368.11,0,False,True,Young,9894.488000000001,0.04850931278553771,0,15739576
677,0,25,8,130866.19,1,1,0,42410.21,0,False,True,Young,164794.358,0.3490525195518252,0,15631333
733,0,33,7,187257.94,1,0,1,190430.81,0,True,False,Middle,320559.507,0.5051401747199424,1,15604782
684,0,41,7,0.0,1,1,1,138394.37,0,False,True,Middle,96876.05900000001,0.359770602836579,0,15589643
679,1,36,6,147733.64,1,0,1,172501.38,0,False,False,Middle,251234.46800000002,0.2397144180655741,0,15585533
478,1,43,1,0.0,2,1,1,197916.43,0,False,True,Middle,19791.643,0.2871199760743523,0,15681506
696,1,33,2,163139.27,1,1,1,7035.36,0,False,False,Middle,164546.342,0.2061335307418195,0,15630551
686,0,35,4,0.0,2,1,1,159676.55,0,False,True,Middle,63870.619999999995,0.24726506305462037,0,15698349
466,0,36,5,119540.15,1,0,1,80603.99,0,False,False,Middle,159842.145,0.3642967654601139,0,15776631
686,0,41,4,129553.76,2,1,0,187599.8,0,False,False,Middle,204593.68,0.6257788015416547,1,15762216
576,1,55,9,0.0,2,1,1,94450.97,0,False,False,Senior,85005.873,0.4419087219470734,0,15623927
763,0,61,1,66101.89,1,1,1,143981.27,0,True,False,Elder,80500.01699999999,0.8563935854852223,1,15681402
572,1,43,2,140431.98,1,1,0,26450.57,1,False,False,Middle,145722.094,0.589344680428157,1,15586264
757,0,49,2,0.0,2,0,0,164482.92,0,False,False,Senior,32896.584,0.6812250983932561,1,15594685
582,0,29,0,0.0,1,1,1,84012.81,0,False,False,Young,0.0,0.18854567647349313,0,15812945
623,0,35,5,0.0,2,1,0,101192.08,0,False,False,Middle,50596.04000000001,0.43002934001358034,0,15734628
617,0,37,4,116471.43,2,1,0,175324.74,1,True,False,Middle,186601.326,0.7293026724129541,1,15629323
425,1,39,4,0.0,2,1,0,197226.32,0,False,False,Middle,78890.528,0.41195412159265743,0,15666823
659,0,56,9,123785.24,1,1,0,99504.03,1,False,False,Senior,213338.86700000003,0.844082290572011,1,15777553
605,0,33,4,0.0,2,0,1,83700.66,0,False,False,Middle,33480.264,0.21552849494893028,0,15613097
538,0,38,8,88758.95,2,0,0,28226.15,1,False,False,Middle,111339.87,0.5458815889741815,1,15622217
665,1,25,5,153611.83,2,1,0,35321.65,0,True,False,Young,171272.655,0.38690107013929487,0,15703588
491,0,57,4,112044.72,1,1,1,41229.73,1,True,False,Senior,128536.61200000001,0.8548937046850729,1,15570835
726,0,27,7,123826.07,1,0,1,78970.58,0,False,True,Young,179105.47600000002,0.20539363269670816,0,15679299
580,0,65,9,106804.26,3,1,0,107890.69,1,False,False,Elder,203905.881,0.9017244301395733,1,15808044
550,0,48,6,0.0,2,1,1,191870.28,0,False,False,Senior,115122.168,0.4726062977281845,0,15579208
542,0,59,2,68892.77,2,1,0,7905.06,1,False,False,Senior,70473.782,0.8679655030384157,1,15684951
732,0,43,6,0.0,2,1,0,65731.53,0,False,False,Middle,39438.918000000005,0.5559373626620341,1,15667620
473,0,33,5,125827.43,1,0,1,145698.73,0,False,False,Middle,198676.79499999998,0.31964293672119354,0,15582960
745,1,34,9,0.0,2,1,0,50046.25,0,False,True,Middle,45041.625,0.2694223811167156,0,15590730
732,1,36,7,0.0,2,1,1,60830.24,0,False,False,Middle,42581.168000000005,0.1411192377273047,0,15763747
848,0,40,5,148495.64,1,0,0,158853.98,0,True,False,Middle,227922.63,0.780509709245105,1,15778320
572,1,37,1,133043.66,1,0,0,111243.09,0,False,False,Middle,144167.969,0.475509263541909,0,15642787
702,1,45,9,74989.58,1,1,1,171014.69,0,False,False,Middle,228902.80099999998,0.32920113288214375,0,15624633
664,1,39,7,60263.23,1,1,0,170835.32,0,True,False,Middle,179847.954,0.6226375399098086,1,15766765
630,1,50,3,129370.91,4,1,1,47775.34,1,True,False,Senior,143703.512,0.592779097316577,1,15783615
618,1,44,5,157955.83,2,0,0,139297.71,0,True,False,Middle,227604.685,0.7539357082322858,1,15640161
556,1,26,4,0.0,1,1,0,195167.38,0,False,False,Young,78066.952,0.20419772263106217,0,15619889
619,0,30,7,70729.17,1,1,1,160948.87,0,False,False,Young,183393.379,0.21790646438222752,0,15579166
644,1,48,8,0.0,2,0,1,44965.54,1,False,False,Senior,35972.432,0.3064711031602835,0,15789097
658,1,50,2,0.0,2,1,0,52137.73,0,False,True,Senior,10427.546000000002,0.6138749958949893,1,15674880
598,1,27,8,90721.52,2,1,0,109296.18,0,False,True,Young,178158.464,0.24889488117471203,0,15778157
677,1,27,2,0.0,2,1,1,20092.89,0,False,False,Young,4018.578,0.08773024889632042,0,15779064
689,0,45,0,57784.22,1,1,0,197804.0,1,False,True,Middle,57784.22,0.6910365135806881,1,15801265
591,1,33,9,131765.72,1,1,0,118782.06,0,False,False,Middle,238669.57400000002,0.3675711121964168,0,15589204
699,1,40,7,0.0,1,0,1,152876.13,1,False,False,Middle,107013.29100000003,0.21777562127884337,0,15664543
749,1,47,9,110022.74,1,0,1,135655.29,1,True,False,Senior,232112.50100000002,0.5681174059012041,1,15582714
709,0,40,9,131569.63,1,1,1,103970.58,0,False,False,Middle,225143.152,0.38430606698481257,0,15797595
607,1,61,2,164523.5,2,1,1,35786.76,0,True,False,Elder,171680.852,0.8249914880180451,1,15614034
650,0,25,2,114330.95,1,1,1,25325.07,0,True,False,Young,119395.96399999999,0.32129206416077283,0,15763171
651,0,45,10,135923.16,1,1,0,18732.84,0,False,True,Middle,154656.0,0.7048670105755144,1,15647266
676,0,61,8,0.0,2,1,1,118522.73,0,False,False,Elder,94818.18400000001,0.6778789777729735,1,15757577
723,0,49,4,0.0,2,0,1,89972.25,0,False,False,Senior,35988.9,0.46437616248834174,0,15736656
714,1,45,0,124693.48,1,0,1,187194.15,0,False,True,Middle,124693.48,0.3886098166644172,0,15635078
759,0,35,7,147936.42,1,1,1,106785.7,0,False,True,Middle,222686.41000000003,0.3295793934341822,0,15680141
582,1,29,0,0.0,1,1,0,142516.35,0,False,False,Young,0.0,0.24357085299877224,0,15576945
697,0,34,2,126558.92,1,1,0,73334.43,0,False,False,Middle,141225.80599999998,0.5189741157390568,1,15602034
610,1,57,6,106938.11,2,0,1,186612.47,0,True,False,Senior,218905.592,0.7483948784409498,1,15732020
488,0,33,4,140002.35,1,1,0,123613.81,0,True,False,Middle,189447.874,0.716606090002256,1,15611029
599,1,46,9,123444.72,1,1,1,31368.08,1,True,False,Senior,151675.992,0.5474415471946377,1,15621210
781,1,32,6,147107.91,1,1,1,40066.95,0,False,False,Middle,171148.08000000002,0.16212227582314642,0,15569222
645,1,19,9,128514.84,1,0,0,175969.19,0,False,False,Young,286887.11100000003,0.17214235798222757,0,15664639
545,0,55,5,0.0,1,0,0,10034.77,1,False,False,Senior,5017.385000000001,0.8049687160539135,1,15724223
597,0,40,9,106756.01,2,1,0,151167.94,0,True,False,Middle,242807.15600000002,0.7667872863737002,1,15644621
561,0,28,3,0.0,2,1,0,191387.76,0,False,True,Young,57416.32800000001,0.34367381688467585,0,15756056
662,0,37,6,0.0,2,1,0,51229.17,0,False,False,Middle,30737.502000000004,0.4514528411226467,0,15700353
649,0,50,5,155393.32,1,1,1,87351.42,1,True,False,Senior,199069.03,0.7733774787399879,1,15624388
630,0,36,2,110414.48,1,1,1,48984.95,0,False,False,Middle,120211.47,0.33731355624160864,0,15627212
672,1,33,2,0.0,2,1,1,182738.0,0,False,True,Middle,36547.6,0.14054023364475127,0,15648005
636,0,37,9,157098.52,1,1,1,153535.27,0,True,False,Middle,295280.263,0.5616980052881143,1,15681446
593,0,38,5,85626.6,1,1,1,125079.65,0,True,False,Middle,148166.42500000002,0.5406964418925471,1,15775888
545,1,45,6,93796.42,2,1,1,162321.26,0,True,False,Middle,191189.176,0.5317080729040039,1,15749019
567,0,41,1,0.0,2,1,0,3414.72,0,False,True,Middle,341.472,0.6064660447004135,1,15709928
583,1,51,6,125268.03,2,1,0,165082.25,0,False,False,Senior,224317.38,0.6886222014749263,1,15784676
681,0,29,2,148143.84,1,1,1,52021.39,0,False,False,Young,158548.118,0.24060436630753423,0,15748116
762,1,29,10,115545.33,2,1,0,148256.43,0,False,True,Young,263801.76,0.27420980626040253,0,15612193
648,1,35,7,0.0,2,0,0,122899.01,0,False,True,Middle,86029.307,0.3285034105690899,0,15762984
644,1,30,5,44928.88,1,1,1,10771.46,0,False,False,Young,50314.61,0.12329811355774925,0,15613713
706,1,29,2,0.0,2,1,1,18255.51,0,False,True,Young,3651.102,0.10934073545168616,0,15664204
850,1,35,3,162442.35,1,1,0,183566.78,0,False,False,Middle,217512.38400000002,0.3922733163094681,0,15639415
484,0,39,5,0.0,2,1,1,175224.12,0,False,True,Middle,87612.06,0.34176115839967525,0,15806332
508,1,28,0,96213.82,2,1,0,147913.56,0,True,False,Young,96213.82,0.44598208348404683,0,15614929
439,0,29,6,156569.43,1,1,0,180598.66,0,False,False,Young,264928.626,0.48470726536254055,0,15695492
484,1,36,8,0.0,2,1,0,186136.48,0,False,True,Middle,148909.184,0.37596223815453733,0,15635972
803,0,37,1,0.0,2,0,0,7455.2,0,False,True,Middle,745.52,0.49686890459045263,0,15616380
724,0,48,6,110463.25,2,1,1,80552.11,1,True,False,Senior,158794.516,0.6863107381073723,1,15581440
640,1,33,7,154575.76,1,1,0,25722.28,1,False,False,Middle,172581.356,0.36305024446381096,0,15654390
701,0,35,9,0.0,2,0,0,170996.86,0,False,True,Middle,153897.17399999997,0.45821093703640664,0,15660688
537,1,37,3,0.0,2,1,1,20603.32,0,False,False,Middle,6180.996,0.1826083029299985,0,15806307
651,1,26,5,147037.32,1,0,0,141763.26,0,True,False,Young,217918.95,0.44318524306801493,0,15647975
523,1,41,0,119276.31,1,0,0,122284.38,1,True,False,Middle,119276.31,0.7280533033086447,1,15595728
717,0,25,7,108664.85,2,1,0,190011.85,0,False,False,Young,241673.14500000002,0.3129709566440084,0,15735388
593,1,44,5,0.0,1,1,0,128046.98,0,False,True,Middle,64023.490000000005,0.5238858930267513,1,15788535
706,1,38,5,163034.82,2,1,1,135662.17,0,True,False,Middle,230865.90500000003,0.41421215841418774,0,15765902
714,0,49,4,93059.34,1,1,0,7571.51,1,True,False,Senior,96087.944,0.8648005095971979,1,15642345
794,1,38,9,179581.31,1,1,0,23596.24,0,False,True,Middle,200817.926,0.45804986937393827,0,15641250
518,1,46,4,113625.93,1,0,0,92727.42,1,True,False,Senior,150716.898,0.7888952976019915,1,15706163
589,1,55,7,119961.48,1,1,0,65156.83,1,True,False,Senior,165571.261,0.8672950008382042,1,15746708
824,1,45,3,129209.48,1,0,0,60151.77,0,False,False,Middle,147255.011,0.5762664726335628,1,15775203
719,0,42,5,137227.04,3,1,0,149097.38,1,True,False,Middle,211775.73,0.7789773128306882,1,15787907
617,0,58,3,119024.75,2,1,0,35199.24,1,True,False,Senior,129584.522,0.9326272166689588,1,15646764
651,1,35,7,74623.5,3,1,0,129451.29,1,False,False,Middle,165239.403,0.3213583426422373,0,15678284
637,0,45,2,157929.45,1,1,1,145134.49,1,False,True,Middle,186956.348,0.5565852251402302,1,15726791
554,0,26,7,92606.86,2,1,0,192709.69,0,False,False,Young,227503.64300000004,0.3467591505416184,0,15813144
731,1,35,2,127862.93,2,1,0,139083.7,0,True,False,Middle,155679.66999999998,0.5603641404444295,1,15669342
569,0,42,1,0.0,1,1,1,83629.6,1,False,True,Middle,8362.960000000001,0.41246370389262615,0,15710366
625,0,37,4,142711.81,1,1,0,35625.41,0,True,False,Middle,156961.974,0.7566173487665109,1,15614934
592,0,38,4,0.0,2,1,0,35338.96,0,False,False,Middle,14135.584,0.4944473305119746,0,15588701
669,1,43,1,163159.85,1,0,1,15602.8,0,False,False,Middle,164720.13,0.3790808519703212,0,15665438
663,1,32,3,108586.86,1,1,1,182355.21,0,True,False,Middle,163293.423,0.30467042765531366,0,15644896
518,0,41,5,110624.99,1,1,0,89327.67,0,True,False,Middle,155288.825,0.8057441758609496,1,15670205
686,0,43,5,154846.24,2,1,1,151903.6,0,True,False,Middle,230798.03999999998,0.6425786749043503,1,15635776
709,1,45,4,122917.71,1,1,1,11.58,1,True,False,Middle,122922.342,0.5411468404479797,1,15791053
571,0,33,9,0.0,2,0,1,77519.62,0,False,False,Middle,69767.658,0.20448031418244572,0,15644005
707,0,31,2,82787.93,2,0,0,91423.69,0,False,False,Middle,101072.66799999999,0.41464456014625184,0,15796343
701,1,32,5,102500.34,1,0,0,106287.77,0,True,False,Middle,155644.225,0.5162242223803887,1,15751057
672,1,34,9,0.0,2,1,0,161800.77,0,False,False,Middle,145620.693,0.2827340316971509,0,15623430
620,1,39,9,159492.79,1,1,0,80582.34,1,True,False,Middle,232016.896,0.6693905218406385,1,15682600
557,1,48,10,0.0,2,1,1,185094.48,0,False,True,Senior,185094.48,0.3670230118450085,0,15769312
648,0,54,7,118241.02,1,1,0,172586.89,1,False,True,Senior,239051.843,0.8477975955100765,1,15708212
479,0,35,2,113090.4,1,1,0,195649.79,0,False,False,Middle,152220.358,0.5595588003649576,1,15650258
730,0,22,9,65763.57,1,1,1,145792.01,0,False,False,Young,196976.37900000002,0.11830221445015308,0,15604345
737,0,43,1,125537.38,1,1,0,138510.01,1,True,False,Middle,139388.381,0.8173620481870555,1,15578297
616,1,31,3,94263.91,2,1,0,168895.06,0,False,False,Middle,144932.428,0.298206616230949,0,15671789
639,1,29,4,133434.57,2,1,0,97983.44,0,False,True,Young,172627.946,0.3063979057603244,0,15726186
815,0,39,6,0.0,1,1,1,85167.88,0,False,True,Middle,51100.728,0.3001089182856922,0,15764618
786,1,31,9,0.0,2,1,1,18210.36,0,False,True,Middle,16389.324,0.09881387162224686,0,15730738
549,1,50,9,94748.76,2,0,1,13608.18,0,False,False,Senior,106996.122,0.4029407578121776,0,15637650
622,0,38,4,98640.74,1,1,1,110457.99,0,False,False,Middle,142823.93600000002,0.3570976365459142,0,15606267
624,1,26,9,74681.9,2,0,0,31231.35,0,False,False,Young,102790.11499999999,0.19510027240724734,0,15625904
841,1,34,4,0.0,2,1,0,141582.66,0,False,False,Middle,56633.064000000006,0.25942189336064897,0,15654463
614,0,41,7,179915.85,1,0,0,14666.35,1,False,True,Middle,190182.295,0.6968310521500879,1,15774151
676,1,30,1,128207.23,1,1,1,55400.17,0,False,False,Young,133747.247,0.16080943845425405,0,15693259
697,1,42,9,132739.26,2,0,0,174667.65,0,False,False,Middle,289940.145,0.5206066311099632,1,15642468
732,0,40,10,0.0,2,1,0,154189.08,0,False,False,Middle,154189.08,0.5068697103498583,1,15758531
623,1,27,4,120509.81,1,0,0,142170.44,0,False,False,Young,177377.986,0.2746716675248469,0,15728352
541,1,46,4,124547.13,2,1,0,94499.06,0,False,False,Senior,162346.75400000002,0.6057946007619563,1,15637240
773,0,39,4,0.0,2,0,1,182081.45,0,False,True,Middle,72832.58,0.30386404452748167,0,15595588
762,1,34,4,88815.56,2,1,0,68562.26,1,True,False,Middle,116240.46399999999,0.5040271067802446,1,15778395
655,0,35,1,82231.51,2,1,0,88798.02,0,False,True,Middle,91111.31199999999,0.5226324529530548,1,15711825
602,1,32,7,184715.86,2,1,0,113781.99,0,True,False,Middle,264363.253,0.5531297737323806,1,15599251
850,1,31,3,0.0,2,1,0,121866.87,0,False,False,Middle,36560.061,0.21757538849501296,0,15570004
649,1,51,4,0.0,1,1,1,150390.57,0,False,True,Senior,60156.228,0.4228737165163365,0,15656912
850,1,28,4,147972.19,1,1,0,60708.72,1,True,False,Young,172255.678,0.4364101890091921,0,15657342
543,1,43,9,0.0,2,1,1,78858.07,0,False,False,Middle,70972.26300000002,0.24007816781252342,0,15716284
672,1,52,8,170008.84,1,0,0,56407.42,1,False,False,Senior,215134.776,0.7227182550278558,1,15672374
600,0,27,3,0.0,2,0,1,125698.97,0,False,False,Young,37709.691000000006,0.14961734670903404,0,15732476
671,0,34,10,0.0,1,1,0,23235.38,0,False,True,Middle,23235.380000000005,0.41117984507170807,0,15747724
706,0,42,8,95386.82,1,1,1,75732.25,0,False,True,Middle,155972.62,0.42148693308314394,0,15633877
541,1,51,7,90373.28,2,1,0,179861.79,0,True,False,Senior,216276.533,0.8192112530945024,1,15672516
711,1,34,4,133467.77,2,1,1,42976.64,0,True,False,Middle,150658.42599999998,0.3221308091259052,0,15607827
630,1,30,3,0.0,2,0,1,10486.69,0,False,True,Young,3146.007,0.12363532727782414,0,15751336
531,1,31,3,96288.26,1,1,0,56794.73,0,False,False,Middle,113326.679,0.3348518786295706,0,15646539
641,0,26,4,91547.84,2,0,1,28157.34,0,False,False,Young,102810.776,0.16615686907390814,0,15756901
631,1,37,8,138292.64,2,0,0,152422.91,1,True,False,Middle,260230.96800000002,0.625072208449969,1,15809286
685,1,35,9,0.0,1,1,0,167033.83,0,False,False,Middle,150330.44700000001,0.3177247555904735,0,15759021
702,1,32,8,71667.74,1,1,1,126082.18,0,False,True,Middle,172533.484,0.16050148066428285,0,15725039
708,0,43,0,118994.84,1,1,0,181499.77,1,True,False,Middle,118994.84,0.8143213984712546,1,15579130
653,1,55,7,0.0,2,1,1,41967.03,0,False,True,Senior,29376.921,0.4534586375984548,0,15754112
654,1,37,2,145610.07,2,0,0,186300.59,0,True,False,Middle,182870.18800000002,0.6281157574638004,1,15735522
596,0,33,1,138162.81,1,1,0,85412.54,0,False,False,Middle,146704.06399999998,0.5291814702634385,1,15613326
549,0,31,9,135020.21,2,1,1,23343.18,0,True,False,Middle,156029.072,0.3893375880502026,0,15739502
754,1,38,2,0.0,2,1,0,180698.32,0,False,False,Middle,36139.664000000004,0.33673193070768065,0,15670914
815,0,25,8,135161.67,1,1,1,136071.05,0,True,False,Young,244018.51,0.29317763904273764,0,15604073
556,0,52,9,0.0,1,1,0,175149.2,1,False,False,Senior,157634.28000000003,0.7684411696380231,1,15806027
706,1,32,6,94486.47,1,1,1,146949.74,0,False,False,Middle,182656.314,0.15741033745535765,0,15574886
850,1,46,9,117640.39,1,1,0,88920.68,0,False,False,Senior,197669.00199999998,0.5499541712312774,1,15707120
732,0,33,8,111379.55,1,1,1,45098.62,0,False,True,Middle,147458.446,0.26627485938181433,0,15800845
614,1,40,6,0.0,1,1,1,20339.79,1,False,False,Middle,12203.874000000002,0.21108422214959957,0,15603914
580,0,57,0,136820.99,1,0,1,108528.74,0,False,True,Senior,136820.99,0.7696625049136302,1,15722765
593,0,46,7,98752.51,1,1,0,145560.38,0,False,False,Senior,200644.776,0.7225534344915426,1,15783305
653,0,25,2,158266.42,3,1,1,199357.24,0,True,False,Young,198137.86800000002,0.2963141657147717,0,15574842
746,0,29,4,105599.67,1,1,1,43106.17,0,False,False,Young,122842.138,0.20416100885735539,0,15607837
662,0,29,10,0.0,2,1,0,137508.31,0,False,False,Young,137508.31000000003,0.31174160045976707,0,15714877
573,1,31,2,0.0,2,1,1,91957.39,0,False,False,Middle,18391.478,0.12150957760677368,0,15782941
684,0,39,4,139723.9,1,1,1,120612.11,0,False,True,Middle,187968.744,0.41788703129560373,0,15630167
793,0,41,3,141806.46,1,1,0,102921.17,0,False,False,Middle,172682.811,0.6380026407446665,1,15759038
798,0,49,5,132571.67,1,1,1,31686.33,1,True,False,Senior,148414.83500000002,0.7236015470822984,1,15661821
524,1,40,2,180516.9,1,1,0,180002.42,0,False,False,Middle,216517.384,0.5575680564968429,1,15728006
816,1,31,8,0.0,2,1,1,28407.4,0,False,False,Middle,22725.920000000002,0.09084258086530575,0,15712176
742,0,41,4,92805.72,1,0,1,73743.95,1,True,False,Middle,122303.3,0.585456380881149,1,15689351
540,1,22,4,0.0,3,1,1,186233.26,1,False,False,Young,74493.304,0.059466144816440775,0,15782247
537,1,39,3,135309.36,1,1,0,31728.86,1,True,False,Middle,144828.01799999998,0.6917143813081834,1,15769064
759,0,74,6,128917.84,1,1,1,48244.64,0,False,True,Elder,157864.624,0.9026841486200889,1,15718153
774,0,52,2,56580.93,1,1,0,113266.28,1,False,False,Senior,79234.186,0.7694268972514257,1,15613189
608,1,42,8,131390.75,2,1,0,71178.09,0,True,False,Middle,188333.222,0.6865668012342778,1,15661734
704,1,37,4,0.0,2,0,0,25684.93,0,False,True,Middle,10273.972000000002,0.35770327634750576,0,15592645
581,1,41,8,0.0,2,0,0,29737.14,0,False,False,Middle,23789.712,0.39932998534698866,0,15768387
628,0,61,1,97361.66,1,1,1,149922.38,1,True,False,Elder,112353.898,0.8772061538656777,1,15792525
566,0,42,6,0.0,1,1,0,180702.12,1,False,False,Middle,108421.272,0.6034813428331993,1,15586976
701,1,59,7,0.0,2,0,1,27597.59,0,False,True,Senior,19318.313000000002,0.5282085089906874,1,15790659
735,1,29,10,0.0,2,1,1,95025.27,0,False,True,Young,95025.27000000002,0.09474381238344738,0,15691446
680,0,34,1,0.0,2,1,0,167035.07,0,False,False,Middle,16703.507,0.4065556777453832,0,15772632
560,1,57,0,0.0,2,0,1,116781.71,0,False,False,Senior,0.0,0.5214726993088737,1,15706587
663,0,29,4,102714.65,2,0,0,21170.81,0,True,False,Young,111182.97399999999,0.5796720811415741,1,15572461
665,0,34,5,67816.72,1,1,1,29641.58,0,False,False,Middle,82637.51000000001,0.2593933123419505,0,15654409
758,1,51,8,81710.46,1,1,1,116520.07,0,False,False,Senior,174926.516,0.4203279379746356,0,15568025
621,1,26,2,75237.54,1,0,1,44220.4,0,False,False,Young,84081.62,0.11411948946962336,0,15715769
764,1,28,10,124023.18,1,1,0,166188.28,0,True,False,Young,290211.46,0.4379104485025315,0,15667458
537,0,46,5,100727.5,1,0,1,140857.76,1,True,False,Senior,171156.38,0.7116009453895203,1,15567980
589,0,46,10,107238.85,2,1,0,37024.28,0,False,False,Senior,144263.13,0.6757421856213568,1,15679294
555,1,24,5,0.0,2,1,0,27513.47,0,False,False,Young,13756.735,0.16050749552077476,0,15606507
734,0,29,0,139994.66,1,1,0,17744.72,0,False,False,Young,139994.66,0.4442588553927705,0,15578825
783,0,59,9,126224.87,1,1,1,4423.63,0,False,True,Senior,130206.13699999999,0.7161507608366329,1,15619935
678,0,51,1,145751.03,1,0,0,109718.44,1,True,False,Senior,156722.874,0.9058235430904227,1,15636089
661,1,47,5,0.0,1,0,1,107243.31,1,False,False,Senior,53621.655000000006,0.3274911414304173,0,15727490
607,0,25,4,121166.89,1,0,1,115288.24,0,False,True,Young,167282.186,0.20250998084356478,0,15591766
537,0,38,1,0.0,2,0,1,41233.97,0,False,True,Middle,4123.397,0.3372252456742169,0,15641629
513,1,88,10,0.0,2,1,1,52952.24,0,False,True,Elder,52952.240000000005,0.9166960444875939,1,15813303
576,1,63,9,70655.48,1,0,0,78955.8,1,False,False,Elder,141715.7,0.8328499097534727,1,15756920
660,1,41,1,129901.21,1,1,0,26025.6,1,True,False,Middle,132503.77000000002,0.7141655966655451,1,15726403
637,1,40,8,125470.81,1,1,1,174536.17,0,False,False,Middle,265099.74600000004,0.2871698481772419,0,15592765
672,0,53,9,169406.33,4,1,1,147311.47,1,False,False,Senior,301986.653,0.6059714405270812,1,15704442
629,1,32,2,0.0,2,0,1,77965.44,0,False,False,Middle,15593.088000000002,0.12993967627023265,0,15641136
583,1,40,4,107041.3,1,1,1,5635.63,0,True,False,Middle,109295.552,0.4570239664576135,0,15725818
763,0,32,10,95153.77,1,0,1,81310.1,0,False,True,Middle,176463.87,0.24543136376453414,0,15612071
516,1,32,3,145166.09,2,0,0,111421.45,0,True,False,Middle,178592.525,0.5614326878852993,1,15719809
617,0,27,4,0.0,2,0,0,190269.21,0,False,False,Young,76107.684,0.30271594441487404,0,15716518
700,1,38,9,65962.63,1,1,1,100950.48,0,False,False,Middle,156818.062,0.20541491502642525,0,15742210
727,1,36,6,140418.81,1,1,1,113033.73,1,True,False,Middle,208239.048,0.3768278998710318,0,15630617
689,0,31,3,139799.63,1,0,1,120663.57,0,False,True,Middle,175998.701,0.28780157616270424,0,15720838
626,1,49,9,171787.84,2,1,0,187192.23,0,True,False,Senior,340260.847,0.8221935148256003,1,15595537
686,1,38,6,149238.97,1,1,1,97825.23,0,False,False,Middle,207934.108,0.254351772135079,0,15623196
351,0,57,4,163146.46,1,1,0,169621.69,1,True,False,Senior,230995.136,0.9500941455337553,1,15679249
739,0,37,8,0.0,2,1,0,191557.1,1,False,False,Middle,153245.68000000002,0.45780949758519246,0,15693199
627,1,32,10,0.0,2,1,0,103287.62,0,False,False,Middle,103287.62,0.24404942758808718,0,15661219
451,0,38,9,61482.47,1,1,1,167538.66,0,True,False,Middle,212267.264,0.5528868155928326,1,15617136
512,0,41,8,145150.28,1,1,0,64869.32,1,False,False,Middle,197045.736,0.6635823787808428,1,15760294
774,0,41,5,126670.37,1,1,0,102426.06,0,False,False,Middle,177883.4,0.6254383600297523,1,15652808
652,0,40,8,84390.8,2,0,1,107876.2,0,False,False,Middle,170691.76,0.35433009138074045,0,15657139
638,1,37,2,89728.86,2,1,1,37294.88,0,True,False,Middle,97187.836,0.3709260978008011,0,15803790
475,0,57,1,0.0,2,1,0,89248.99,0,False,False,Senior,8924.899000000001,0.829374269633706,1,15764105
567,1,40,4,118628.8,1,0,0,91973.63,0,False,True,Middle,155418.252,0.5427458070397949,1,15672610
750,1,37,3,0.0,2,1,0,16870.2,0,False,False,Middle,5061.060000000001,0.32386076222452903,0,15766896
850,1,39,6,96863.13,1,1,1,121681.19,0,False,False,Middle,169871.844,0.22295998189481825,0,15587735
753,0,38,6,142263.45,1,0,1,33730.43,0,False,False,Middle,162501.708,0.35675336323081447,0,15659501
683,0,36,7,0.0,2,1,0,104786.59,0,False,True,Middle,73350.613,0.4596300774290379,0,15745001
710,0,32,3,0.0,1,1,0,94790.34,0,False,False,Middle,28437.102000000003,0.38803892279980134,0,15651140
645,0,21,1,0.0,2,0,0,28726.07,0,False,True,Young,2872.607,0.2419053189980799,0,15571148
714,1,28,6,122724.37,1,1,1,67057.27,0,False,False,Young,162958.732,0.12395476418795841,0,15776824
696,0,35,4,174902.26,1,1,0,69079.85,0,True,False,Middle,202534.2,0.7351271380066788,1,15633141
612,0,26,4,0.0,2,1,1,179780.74,0,False,True,Young,71912.296,0.1478701908436592,0,15764174
520,0,31,3,108914.17,1,1,1,183572.39,1,True,False,Middle,163985.887,0.4384282171954729,0,15778155
782,1,23,10,98052.66,1,1,1,142587.32,0,False,True,Young,240639.98000000004,0.08872563479048036,0,15715920
666,1,46,5,123873.19,1,1,1,177844.06,0,False,False,Senior,212795.22000000003,0.383565502976311,0,15671917
466,0,56,2,111920.13,3,1,0,197634.11,1,True,False,Senior,151446.952,0.920624906261823,1,15666548
567,0,45,4,0.0,2,0,1,121053.19,0,False,False,Middle,48421.276000000005,0.41709809610102877,0,15625623
613,1,20,3,0.0,2,1,1,149613.77,0,False,False,Young,44884.130999999994,0.053381418697630155,0,15748123
718,1,37,8,0.0,2,1,1,142.81,0,False,False,Middle,114.248,0.14239172024865548,0,15648735
614,0,37,8,75150.34,4,0,1,131766.67,1,False,False,Middle,180563.676,0.2701633149436341,0,15634974
711,1,38,10,0.0,2,0,0,53311.78,0,False,False,Middle,53311.780000000006,0.319079087725688,0,15713378
691,0,38,5,114753.76,1,1,0,107665.02,0,True,False,Middle,168586.27,0.7470904880642805,1,15753370
527,1,32,0,0.0,1,1,0,109523.88,0,False,False,Middle,0.0,0.30161579609319045,0,15782659
476,0,32,6,111871.93,1,0,0,112132.86,0,False,False,Middle,179151.646,0.5054383879691093,1,15583364
619,0,45,0,0.0,2,0,0,113645.4,0,False,True,Middle,0.0,0.6676061090391551,1,15625942
607,0,37,4,135927.06,1,0,0,180890.4,0,True,False,Middle,208283.22,0.7652514337595238,1,15720284
695,1,44,8,0.0,2,1,1,70974.13,0,False,True,Middle,56779.304000000004,0.25653059362129915,0,15679642
653,1,33,1,0.0,2,0,0,53379.52,0,False,False,Middle,5337.952,0.2899993838677971,0,15628007
677,1,46,2,57037.74,1,1,1,158531.01,0,False,False,Senior,88743.94200000001,0.33941635051324437,0,15661974
655,0,50,10,0.0,4,1,0,179267.94,1,False,False,Senior,179267.94,0.6683832637636292,1,15689341
625,0,52,2,79468.96,1,1,1,84606.03,0,False,False,Senior,96390.16600000001,0.6147317993831647,1,15607993
679,0,34,7,121063.85,1,1,0,56984.58,0,True,False,Middle,160953.056,0.6770703190849169,1,15693267
734,1,51,1,118537.47,1,1,1,116912.45,0,False,False,Senior,130228.715,0.46732569540649743,0,15769522
666,1,39,10,0.0,2,1,0,102999.33,0,False,False,Middle,102999.33000000002,0.3499181325213619,0,15755825
592,0,26,4,105082.07,2,1,0,132801.57,0,True,False,Young,158202.698,0.5311429237112499,1,15598175
564,1,40,4,0.0,1,1,0,85455.62,1,False,False,Middle,34182.248,0.42575885103434574,0,15744327
814,0,36,6,0.0,2,1,1,98657.01,0,False,False,Middle,59194.206,0.2185651468902237,0,15798666
592,1,36,2,104702.65,2,1,0,107948.72,0,True,False,Middle,126292.394,0.5903946386164476,1,15577064
758,0,50,2,95813.76,3,1,1,67944.09,1,False,False,Senior,109402.578,0.5199798935841429,1,15759436
612,0,62,0,167026.61,2,1,1,192892.05,0,False,True,Elder,167026.61,0.8122886052243036,1,15690231
498,1,61,7,102453.26,1,1,0,187247.56,1,True,False,Elder,233526.55199999997,0.920184393064192,1,15751561
638,1,25,4,148045.45,2,1,1,114722.42,0,True,False,Young,193934.418,0.20802197863735677,0,15739068
558,1,35,1,0.0,2,0,0,111687.57,0,False,False,Middle,11168.757000000001,0.33171089922517133,0,15758056
756,0,24,1,0.0,2,1,0,184182.25,0,False,False,Young,18418.225000000002,0.2292373645911353,0,15742269
782,1,52,4,0.0,1,1,1,52759.82,1,False,True,Senior,21103.928,0.41545585951682973,0,15726490
505,1,34,10,104498.79,1,0,1,126451.14,0,False,False,Middle,230949.93,0.20452243113359247,0,15738411
671,0,29,6,0.0,2,0,0,12048.67,0,False,True,Young,7229.202000000001,0.3336356689679367,0,15727919
801,1,42,6,0.0,2,1,1,95804.33,0,False,False,Middle,57482.598,0.20523983136911933,0,15709396
604,1,26,8,149542.52,2,0,1,197911.52,0,False,False,Young,307871.73600000003,0.1262496606610622,0,15654106
716,0,29,10,87946.39,1,1,1,182531.74,0,False,False,Young,270478.13,0.20518682240782984,0,15621653
624,0,45,3,68639.57,1,1,0,168002.31,1,False,False,Middle,119040.263,0.6881263411088272,1,15598086
607,1,47,4,148826.32,1,1,1,79450.61,0,True,False,Senior,180606.564,0.6161633564279796,1,15752300
827,0,60,2,0.0,2,0,1,60615.83,0,False,False,Senior,12123.166000000001,0.661455653681446,1,15658693
606,1,61,5,108166.09,2,0,1,8643.21,0,False,False,Elder,112487.69499999999,0.6392966259092093,1,15631838
717,0,35,5,103214.71,1,1,0,172172.7,0,True,False,Middle,189301.06,0.6945912984772048,1,15803804
651,1,40,1,134760.21,2,0,0,174434.06,1,True,False,Middle,152203.61599999998,0.6748166544005385,1,15578809
691,1,58,3,0.0,1,0,1,194930.3,1,False,False,Senior,58479.09,0.5309840483843943,1,15752026
573,0,33,0,90124.64,1,1,0,137476.71,0,False,False,Middle,90124.64,0.4957138480953354,0,15723706
723,1,38,6,0.0,2,1,1,94415.6,0,False,True,Middle,56649.360000000015,0.1829964484168774,0,15752838
584,0,46,6,87361.02,2,1,0,120376.87,1,True,False,Senior,159587.142,0.8325266943377122,1,15569571
550,0,45,8,111257.59,1,0,0,97623.42,1,True,False,Middle,189356.326,0.8463345371590523,1,15769703
611,0,61,3,131583.59,4,0,1,66238.23,1,False,False,Elder,151455.059,0.741901716587064,1,15679770
549,1,41,9,95020.8,3,1,1,131710.59,1,True,False,Middle,213560.331,0.4226657586384792,0,15791102
850,0,24,1,0.0,2,0,1,69052.87,0,False,True,Young,6905.287,0.1197091110341508,0,15655192
668,1,34,5,80242.37,2,0,0,56780.97,0,True,False,Middle,108632.855,0.518293530504281,1,15709487
686,0,43,0,0.0,1,1,1,170072.9,0,False,False,Middle,0.0,0.3743348321571559,0,15687130
660,1,50,1,0.0,3,1,1,191849.15,1,False,False,Senior,19184.915,0.33137398027144216,0,15755178
682,0,59,0,122661.39,1,0,1,84803.76,0,False,True,Senior,122661.39,0.7797343840563378,1,15634772
524,1,50,4,0.0,2,1,1,31840.59,1,False,False,Senior,12736.236,0.3740239958381515,0,15617197
645,0,36,8,0.0,2,1,1,12096.61,1,False,False,Middle,9677.288,0.22123194623272938,0,15631240
850,1,42,0,0.0,2,1,0,44165.84,0,False,False,Middle,0.0,0.41315792230336607,0,15784301
537,0,53,3,0.0,1,1,1,91406.62,0,False,False,Senior,27421.986,0.5921382050024093,1,15631310
599,0,46,7,81742.84,2,1,0,83282.21,0,False,True,Senior,140040.38700000002,0.7066124365537756,1,15756560
727,1,71,8,0.0,1,1,1,198446.91,1,False,True,Elder,158757.52800000002,0.7692960208152642,1,15732270
756,1,30,2,145127.85,1,0,0,7554.68,0,False,True,Young,146638.786,0.3521528994029061,0,15739357
755,1,38,9,148912.44,1,1,0,80416.16,0,False,False,Middle,221286.984,0.432572759431733,0,15771540
634,0,41,4,0.0,2,1,1,164549.74,0,False,True,Middle,65819.896,0.3515200931538122,0,15567486
837,1,26,4,89900.24,2,1,0,175477.03,0,False,False,Young,160091.05200000003,0.1958440635627648,0,15714634
727,0,30,8,119027.28,2,1,1,137903.54,0,True,False,Young,229350.11200000002,0.36204603507993716,0,15727021
567,0,40,2,105222.86,2,1,0,93795.86,0,True,False,Middle,123982.032,0.7769558240761741,1,15650670
650,0,30,6,0.0,1,0,0,67997.13,1,False,True,Young,40798.278000000006,0.3828340841460359,0,15711834
655,1,34,1,116114.93,1,1,1,49492.15,0,False,True,Middle,121064.14499999999,0.22296464114744913,0,15729763
763,0,58,9,187911.55,1,0,1,35825.18,0,False,False,Senior,220154.212,0.7296167527743003,1,15646566
843,0,27,5,0.0,2,1,1,67494.23,0,False,False,Young,33747.115,0.12078668094942618,0,15645463
667,0,38,6,144432.04,1,1,1,73963.17,1,False,False,Middle,188809.942,0.36893331936351775,0,15672144
705,0,50,4,77065.9,2,0,1,145159.26,0,False,False,Senior,135129.604,0.5412065208272356,1,15596088
660,0,29,6,180520.29,1,1,1,123850.58,0,True,False,Young,254830.638,0.4186420476355566,0,15614878
553,1,42,1,0.0,2,0,0,23822.04,0,False,False,Middle,2382.204,0.4713403417263586,0,15635240
612,0,47,6,130024.87,1,1,1,45750.21,1,True,False,Senior,157474.99599999998,0.714184110927505,1,15775905
641,0,40,2,110086.69,1,1,0,159773.14,0,True,False,Middle,142041.318,0.7828524789909427,1,15700657
513,0,31,5,174853.46,1,1,0,84238.63,0,False,True,Middle,216972.775,0.5417194502234112,1,15611905
680,1,44,7,108724.98,1,0,1,72330.46,0,False,False,Middle,159356.302,0.3283432575029203,0,15652527
711,1,58,9,91285.13,2,1,1,26767.85,0,False,False,Senior,115376.195,0.5188415864089145,1,15785865
689,1,40,2,0.0,2,1,1,164768.82,0,False,True,Middle,32953.764,0.21785023058420422,0,15645942
665,0,51,9,110610.41,2,0,1,1112.76,1,True,False,Senior,111611.894,0.721674970812832,1,15688691
551,1,54,5,102994.04,1,1,0,176680.16,1,True,False,Senior,191334.12,0.8649890420493024,1,15592736
645,1,36,4,59893.85,2,1,0,43999.64,0,False,True,Middle,77493.706,0.38000276293933877,0,15673529
616,1,29,8,149318.55,1,1,0,140746.13,0,True,False,Young,261915.454,0.4954106310474869,0,15724145
582,0,32,1,116409.55,1,0,1,152790.92,0,False,False,Middle,131688.642,0.2844401035496346,0,15704629
365,1,30,0,127760.07,1,1,0,81537.85,1,True,False,Young,127760.07,0.5660216557285335,1,15597896
697,0,38,6,132591.36,1,1,1,7387.8,1,True,False,Middle,137024.03999999998,0.5368224697505418,1,15731790
704,1,31,0,0.0,2,1,0,183038.33,0,False,False,Middle,0.0,0.23361940527793107,0,15634719
656,0,46,5,113402.14,2,1,1,138849.06,0,False,False,Senior,182826.67,0.48726788768478085,0,15703205
712,0,31,7,0.0,2,1,0,170333.38,0,False,False,Middle,119233.36600000002,0.34704452743969827,0,15567333
748,1,40,0,0.0,1,0,0,60416.76,0,False,False,Middle,0.0,0.4223724717796893,0,15754537
724,1,28,9,0.0,2,1,1,100240.2,0,False,False,Young,90216.18,0.08194566617126782,0,15612030
691,1,50,6,136953.47,1,1,1,2704.98,0,False,False,Senior,138576.458,0.44117817759837913,0,15573242
563,1,33,8,0.0,2,0,1,68815.05,0,False,False,Middle,55052.04000000001,0.1309001605941492,0,15601892
741,1,32,5,0.0,1,1,1,64839.23,0,False,False,Middle,32419.615000000005,0.12092230993035606,0,15663885
778,1,44,8,123863.64,1,1,0,144494.94,0,False,False,Middle,239459.592,0.545364916259676,1,15701096
848,1,22,7,120811.89,1,1,1,185510.34,0,False,True,Young,250669.128,0.08740908509957836,0,15710450
634,1,38,2,148430.55,1,1,1,56055.72,0,True,False,Middle,159641.694,0.4503291232128737,0,15790846
505,1,40,6,47869.69,2,1,1,155061.97,0,True,False,Middle,140906.87200000003,0.41112052500716334,0,15658956
692,1,53,7,150926.99,2,0,0,119817.19,0,True,False,Senior,234799.023,0.8475382682850222,1,15755223
537,0,47,6,103163.35,1,1,0,16259.64,1,True,False,Senior,112919.134,0.8578741127023243,1,15787318
633,1,29,10,130206.28,1,1,0,184654.87,0,False,False,Young,314861.15,0.3080295826036832,0,15737310
833,0,28,4,136674.51,2,0,0,5278.78,0,False,False,Young,138786.022,0.3635055513350552,0,15763665
592,0,40,2,200322.45,1,1,1,113244.73,0,False,True,Middle,222971.396,0.4998946073206375,0,15668818
587,1,48,1,0.0,2,1,1,8908.0,0,False,True,Senior,890.8000000000001,0.3747729629740159,0,15765812
550,1,62,7,80927.56,1,0,1,64490.67,0,False,True,Elder,126071.02900000001,0.6889121161006326,1,15704844
680,0,24,10,0.0,3,1,0,154971.63,1,False,False,Young,154971.63,0.22082303837104938,0,15744582
622,0,41,9,0.0,2,1,1,155786.39,0,False,True,Middle,140207.75100000002,0.3503968237518215,0,15616700
594,1,28,0,142574.71,2,1,0,129084.82,0,True,False,Young,142574.71,0.4652605676850588,0,15683521
643,0,34,7,160426.07,1,0,1,188533.11,0,True,False,Middle,292399.247,0.5219494572043364,1,15583049
540,1,25,5,116160.23,1,1,0,13411.67,0,False,False,Young,122866.065,0.23882376831144375,0,15643752
635,0,34,5,98683.47,2,1,0,15733.19,0,False,True,Middle,106550.065,0.4966586657605713,0,15620398
657,1,32,3,118829.03,2,1,1,73127.61,0,False,False,Middle,140767.313,0.16116245325594852,0,15715707
814,1,31,1,118870.92,1,1,0,101704.19,0,False,False,Middle,129041.339,0.30867288013965705,0,15814209
600,1,32,1,0.0,1,1,1,101986.16,0,False,False,Middle,10198.616000000002,0.13978627930595006,0,15733768
682,0,46,2,0.0,1,1,1,114442.66,0,False,False,Senior,22888.532000000003,0.4346046707433497,0,15755242
682,1,38,4,107192.38,1,1,1,15669.17,0,False,False,Middle,113460.04800000001,0.23696367326662926,0,15729412
566,1,42,3,108010.78,1,1,1,157486.1,0,False,False,Middle,155256.61000000002,0.3194936455922329,0,15746564
550,1,34,3,0.0,2,0,0,131281.28,0,False,True,Middle,39384.384,0.3350149342763736,0,15588446
630,1,26,7,129837.72,2,0,1,197001.15,0,False,False,Young,267738.525,0.11774986110530367,0,15665221
546,0,58,3,106458.31,4,1,0,128881.87,1,True,False,Senior,145122.87099999998,0.9206029467525191,1,15640846
486,1,63,9,97009.15,1,1,1,85101.0,0,False,False,Elder,173600.05,0.6894400913962336,1,15700209
762,1,35,9,122929.42,2,0,0,149822.04,0,False,True,Middle,257769.256,0.38972244117498894,0,15658360
692,1,45,6,152296.83,4,0,1,108040.86,1,True,False,Middle,217121.346,0.5007556561362881,1,15602735
498,0,30,1,0.0,2,0,0,135795.53,0,False,False,Young,13579.553,0.37665639358219366,0,15724834
850,1,49,8,0.0,1,0,0,25867.67,1,False,True,Senior,20694.136,0.5533092832457315,1,15800062
603,1,35,6,128993.76,2,1,0,130483.56,0,False,False,Middle,207283.896,0.3864632136438873,0,15685300
551,0,36,5,0.0,1,1,0,183479.12,0,False,False,Middle,91739.56,0.49164842814242576,0,15760102
627,1,27,0,185267.45,2,1,1,77027.34,0,True,False,Young,185267.45,0.2681183435391294,0,15787026
515,0,28,9,0.0,2,0,0,94141.75,0,False,False,Young,84727.57500000001,0.3167862365795974,0,15653696
605,0,29,3,116805.82,1,0,0,4092.75,0,False,True,Young,118033.645,0.46595039547969114,0,15788946
567,1,29,5,129750.68,1,1,0,109257.59,0,True,False,Young,184379.47499999998,0.4925114878536252,0,15600724
568,0,29,2,129177.01,2,0,1,104617.99,0,True,False,Young,150100.608,0.39683713096675727,0,15574324
571,1,25,6,82506.72,2,1,0,167705.07,0,True,False,Young,183129.76200000002,0.3668403462258344,0,15707144
634,1,48,2,107247.69,1,1,1,103712.05,1,True,False,Senior,127990.1,0.6095473456114932,1,15775891
768,0,42,3,0.0,1,0,0,161242.99,1,False,True,Middle,48372.897,0.602215074894548,1,15711789
554,0,36,3,157780.93,2,1,0,6089.13,0,True,False,Middle,159607.669,0.7475410585455308,1,15600879
629,1,35,1,172170.36,1,1,1,159777.37,0,False,False,Middle,188148.09699999998,0.23825866358409606,0,15681196
638,1,48,2,0.0,2,1,1,7919.08,0,False,True,Senior,1583.816,0.35889149443980006,0,15716000
576,1,41,1,0.0,1,1,1,188274.6,0,False,False,Middle,18827.460000000003,0.24100646724112545,0,15766776
661,0,42,9,75361.44,1,1,0,27608.12,1,False,True,Middle,100208.748,0.6237618330043754,1,15680278
592,0,27,4,0.0,2,1,1,183569.25,0,False,False,Young,73427.7,0.14556853437659115,0,15688637
702,1,30,2,0.0,2,1,1,145537.32,0,False,True,Young,29107.464000000004,0.11371173433108317,0,15591179
647,0,29,0,98263.46,2,1,0,164717.95,0,False,False,Young,98263.46,0.3849645694628547,0,15677435
593,1,43,9,0.0,2,1,1,76357.43,0,False,False,Middle,68721.68699999999,0.2330419770862867,0,15698619
712,0,40,3,109308.79,2,1,0,120158.72,1,True,False,Middle,145356.406,0.7571732897018153,1,15581036
625,0,31,8,0.0,2,1,0,151843.54,0,False,True,Middle,121474.83200000001,0.38339194243189795,0,15622117
538,0,28,6,164365.44,1,0,1,5698.97,0,True,False,Young,167784.82200000001,0.4046656611588765,0,15599301
637,0,22,5,98800.0,1,1,0,122865.55,0,False,True,Young,160232.775,0.3072636411139563,0,15581548
632,1,27,4,193125.85,1,1,1,152665.85,0,False,False,Young,254192.19,0.15060493731374044,0,15586870
736,1,27,5,51522.75,1,0,1,192131.77,0,False,False,Young,147588.635,0.10451302719131327,0,15735263
755,1,23,5,84284.48,2,1,1,62851.6,0,False,False,Young,115710.28,0.07239290609707127,0,15765322
425,0,39,5,0.0,2,1,0,140941.47,0,False,True,Middle,70470.735,0.5727198717632412,1,15582944
461,1,51,9,119889.84,1,0,0,56767.67,1,False,False,Senior,170980.743,0.7056164560522947,1,15687162
745,1,21,4,137910.45,1,1,1,177235.23,0,False,False,Young,208804.54200000002,0.08144070717472776,0,15644962
616,0,37,6,0.0,2,1,0,86242.18,0,False,False,Middle,51745.308,0.4641840959973035,0,15612615
587,1,33,5,100116.82,1,1,0,34215.58,0,False,False,Middle,117224.61000000002,0.3512204325533201,0,15813439
850,1,40,4,166082.15,2,0,1,44406.17,0,True,False,Middle,183844.618,0.4363264570038513,0,15604544
601,0,38,0,0.0,2,1,0,165196.65,0,False,False,Middle,0.0,0.49723477749724065,0,15761348
730,1,26,3,0.0,1,1,0,34542.41,0,False,True,Young,10362.723000000002,0.20298147874360542,0,15785078
532,1,44,3,148595.55,1,1,0,74838.64,1,False,False,Middle,171047.142,0.6124052120023441,1,15759874
850,1,53,2,94078.97,2,1,0,36980.54,0,True,False,Senior,101475.07800000001,0.8146817533037763,1,15643658
779,0,34,5,0.0,2,0,1,111676.63,0,False,True,Middle,55838.315,0.2247220211976738,0,15713267
562,1,29,9,0.0,1,1,1,25858.68,0,False,False,Young,23272.812,0.09873607406636094,0,15737782
670,1,40,2,164948.98,3,0,0,177028.0,1,True,False,Middle,200354.58000000002,0.6696053886753905,1,15815490
729,0,62,4,140549.4,1,1,0,30990.16,1,False,False,Elder,152945.464,0.900929767509136,1,15679410
767,0,44,2,152509.25,1,1,1,136915.15,0,False,False,Middle,179892.28,0.4832960854559139,0,15756241
742,0,28,2,191864.51,1,1,0,108457.99,1,False,False,Young,213556.108,0.4377994897927129,0,15688409
669,0,44,8,96418.09,1,0,0,131609.48,1,False,False,Middle,201705.674,0.6814475011467565,1,15742272
542,1,32,2,131945.94,1,0,1,159737.56,0,False,True,Middle,163893.452,0.21482427992543876,0,15717898
586,1,29,3,0.0,2,1,1,142238.54,0,False,False,Young,42671.562000000005,0.10328505143765256,0,15769582
612,1,30,9,142910.15,1,1,0,105890.55,1,True,False,Young,238211.64500000002,0.4999557497333886,0,15635660
740,0,37,7,0.0,2,1,1,194270.91,0,False,False,Middle,135989.63700000002,0.25179270740276344,0,15576723
584,1,35,3,146311.58,1,1,1,105443.47,0,False,False,Middle,177944.62099999998,0.23155375769974307,0,15591577
524,1,52,2,87894.26,1,1,0,173899.42,1,False,False,Senior,122674.144,0.7118409215869155,1,15582325
614,0,19,5,97445.49,2,1,0,122823.34,0,False,False,Young,158857.16,0.22531516984984795,0,15693947
598,0,64,9,0.0,1,0,1,13181.37,1,False,False,Elder,11863.233,0.7377246116414349,1,15760446
799,1,35,7,0.0,2,0,1,140780.8,0,False,True,Middle,98546.56,0.15084335546265215,0,15611105
724,1,34,2,154485.74,2,0,0,78560.64,0,False,False,Middle,170197.868,0.38321877748909083,0,15630920
601,1,50,2,115625.07,1,1,0,185855.21,0,False,False,Senior,152796.11200000002,0.6828893403128878,1,15574910
804,1,25,7,108396.67,1,1,0,128276.95,0,False,False,Young,198190.535,0.20566258868026885,0,15756472
745,1,38,5,65095.41,2,1,1,140197.42,0,True,False,Middle,135194.12,0.3447907064098133,0,15682890
667,1,43,1,103018.45,1,1,0,32462.39,1,True,False,Middle,106264.689,0.7286990928594711,1,15641994
518,0,38,10,84764.79,1,1,1,162253.9,0,False,False,Middle,247018.69,0.36536285264870483,0,15733297
819,0,38,10,0.0,2,1,0,30498.7,0,False,False,Middle,30498.7,0.4129469203391982,0,15767793
520,0,35,4,115680.81,1,1,1,90280.7,0,False,True,Middle,151793.09,0.35647326965739035,0,15725698
625,0,39,5,0.0,2,1,0,32615.21,0,False,False,Middle,16307.605,0.5009173349840543,1,15813532
673,1,36,5,73088.06,2,0,0,196142.26,0,True,False,Middle,171159.19,0.5617128971373639,1,15576760
656,0,27,3,150905.03,2,1,0,16998.72,0,True,False,Young,156004.646,0.5739349410001405,1,15732102
850,0,23,9,143054.85,1,0,1,62980.96,0,False,True,Young,199737.714,0.14782524997609114,0,15739046
574,0,28,7,0.0,2,0,0,185660.3,0,False,True,Young,129962.20999999999,0.35297089474528914,0,15631927
679,1,60,6,0.0,2,1,1,77331.77,0,False,False,Senior,46399.062000000005,0.5282205046846042,1,15672115
530,0,42,0,99948.45,1,0,1,97338.62,0,True,False,Middle,99948.45,0.6580671882368295,1,15618765
508,1,44,3,115451.05,2,0,0,67234.33,0,False,False,Middle,135621.349,0.581159128316475,1,15679148
558,1,32,4,108235.91,1,1,1,143783.28,0,True,False,Middle,165749.222,0.32041994634062504,0,15728474
414,1,38,8,0.0,1,0,1,77661.12,1,False,False,Middle,62128.896,0.21443759982117214,0,15636999
648,1,42,2,98795.61,2,1,0,89123.99,0,False,True,Middle,116620.408,0.5285956078439868,1,15754261
721,0,37,1,0.0,2,1,0,70810.8,0,False,False,Middle,7081.080000000001,0.467481296741903,0,15629150
751,1,31,8,0.0,2,0,0,17550.49,0,False,False,Middle,14040.392000000002,0.21189311019134366,0,15736274
662,1,34,2,0.0,2,0,1,21497.27,0,False,False,Middle,4299.454000000001,0.14739013694980538,0,15627697
628,1,29,3,113146.98,2,0,1,124749.08,0,True,False,Young,150571.704,0.25523739627286895,0,15721585
597,0,39,8,162532.14,3,1,0,36051.46,1,True,False,Middle,191373.30800000002,0.7448595888275058,1,15639946
698,0,40,0,92053.44,1,1,1,143681.83,0,False,True,Middle,92053.44,0.40785661586183847,0,15792176
723,1,48,7,0.0,2,1,1,150694.58,0,False,False,Senior,105486.20599999999,0.3078838525442073,0,15699450
586,0,28,5,0.0,3,1,0,170487.4,1,False,False,Young,85243.70000000001,0.29606808809548063,0,15729954
633,0,29,8,104944.1,1,1,1,97684.46,0,True,False,Young,183091.668,0.3640708002409143,0,15600103
564,1,31,4,0.0,2,1,0,53520.03,0,False,False,Middle,21408.012000000002,0.25160119238822215,0,15786200
649,0,31,2,0.0,2,1,0,15200.61,0,False,False,Middle,3040.1220000000003,0.36711844377162106,0,15797010
622,0,30,4,107879.04,1,0,1,196894.62,0,False,False,Young,186636.88799999998,0.24354429791936189,0,15670172
459,1,46,7,110356.42,1,1,0,4969.13,1,True,False,Senior,113834.811,0.7699472525158885,1,15627352
718,1,27,2,0.0,2,0,0,26229.24,0,False,False,Young,5245.848000000001,0.19460442018084104,0,15622494
655,0,34,4,109783.69,2,1,0,134034.32,0,False,True,Middle,163397.418,0.5116834314197771,1,15585835
696,1,22,9,149777.0,1,1,1,198032.93,0,False,False,Young,328006.637,0.09569996817451075,0,15595071
637,0,38,3,104339.56,1,0,0,119882.86,0,False,False,Middle,140304.418,0.5939354778099918,1,15628203
630,0,21,1,85818.18,1,1,1,133102.3,0,False,True,Young,99128.40999999999,0.1411517363240915,0,15667190
592,1,37,4,212692.97,1,0,0,176395.02,0,False,False,Middle,283250.978,0.51983139246002,1,15780212
634,1,37,1,89696.84,2,1,1,193179.88,0,True,False,Middle,109014.828,0.3602402863889162,0,15766869
608,0,28,9,0.0,2,1,1,125062.02,0,False,False,Young,112555.818,0.14751539803149086,0,15775741
565,0,32,9,68067.24,1,1,0,143287.58,0,True,False,Middle,197026.062,0.639866005258473,1,15628170
763,1,67,9,148564.66,1,0,1,87236.4,0,False,True,Elder,227077.41999999998,0.7677936012446989,1,15701318
665,0,55,8,136354.16,1,1,1,93769.89,0,False,False,Senior,211370.072,0.6756628829794721,1,15710928
649,1,38,1,122214.0,1,0,1,88965.46,0,False,False,Middle,131110.546,0.26655770717626176,0,15682547
695,1,45,3,0.0,2,1,1,30793.61,0,False,False,Middle,9238.083,0.26952432479295124,0,15631170
775,1,70,6,119684.88,2,1,1,74532.02,0,True,False,Elder,164404.092,0.8715025391917782,1,15648702
788,0,39,3,135139.33,1,0,1,113086.08,0,False,False,Middle,169065.15399999998,0.3814556422085804,0,15783444
569,0,42,9,146100.75,1,1,0,32574.01,1,True,False,Middle,175417.359,0.8075299232313019,1,15809178
726,0,56,8,123110.9,3,0,1,130113.78,1,False,True,Senior,227201.924,0.6734815224571477,1,15806688
564,0,44,3,111760.4,3,1,1,104722.47,1,True,False,Middle,143177.141,0.6343960849718957,1,15576824
544,0,32,9,110728.39,1,1,1,14559.62,0,False,False,Middle,123832.048,0.2450177265048872,0,15675422
614,0,41,8,121558.46,1,1,1,598.8,0,False,False,Middle,122037.5,0.39308041410638533,0,15681550
453,0,38,8,120623.21,1,1,0,129697.99,0,True,False,Middle,224381.602,0.7782148147603153,1,15812628
471,0,58,4,114713.57,1,1,1,36315.03,0,False,False,Senior,129239.58200000001,0.7500865161747121,1,15597951
829,0,37,3,103457.76,1,0,0,1114.12,0,True,False,Middle,103791.996,0.7199889514021633,1,15807045
754,1,57,2,101134.87,2,1,1,70954.41,0,True,False,Senior,115325.752,0.7214988752649963,1,15581748
749,1,46,10,78136.36,2,1,1,73470.98,0,True,False,Senior,151607.34,0.47308310846407226,0,15770420
667,1,23,1,0.0,2,1,0,91573.19,0,False,False,Young,9157.319000000001,0.15043055883714135,0,15608230
670,1,30,3,133446.34,1,0,0,3154.95,0,False,True,Young,134392.82499999998,0.3518182518995015,0,15730339
670,0,33,7,0.0,2,1,1,88187.81,0,False,False,Middle,61731.467,0.19426304856255355,0,15712584
623,0,48,1,108076.33,1,1,0,118855.26,1,True,False,Senior,119961.856,0.8730512201077582,1,15592816
571,1,32,5,131354.25,1,1,0,125256.53,0,False,False,Middle,193982.515,0.3624283992933022,0,15641480
641,0,37,7,62974.64,2,0,1,39016.43,0,True,False,Middle,90286.141,0.4634471541031797,0,15708505
551,0,30,2,143340.44,1,1,0,145796.49,0,True,False,Young,172499.738,0.6618388853652725,1,15791131
741,1,36,8,116993.43,2,1,0,168816.22,0,True,False,Middle,252046.406,0.5682621092018816,1,15618225
472,1,31,4,58662.92,2,0,1,73322.0,0,False,False,Middle,87991.72,0.1492315511719263,0,15644724
650,1,41,3,128808.65,3,0,0,113677.53,1,False,True,Middle,162911.90899999999,0.5108631058744367,1,15662098
625,1,45,7,137555.44,1,0,0,124607.7,0,False,False,Middle,224780.83000000002,0.6068567341059949,1,15723894
650,1,34,4,142393.11,1,1,1,11276.48,0,True,False,Middle,146903.702,0.35758004606848925,0,15787699
535,0,38,8,0.0,2,1,0,136620.64,0,False,False,Middle,109296.51200000002,0.5013648015052885,1,15687738
649,0,41,2,125785.23,1,1,1,70523.92,0,False,False,Middle,139890.014,0.4335516961240259,0,15576126
689,1,22,4,136444.25,1,1,0,51980.25,1,False,False,Young,157236.35,0.19665474414077105,0,15658889
694,1,38,7,121527.4,1,1,0,113481.02,0,False,True,Middle,200964.114,0.46672618798918514,0,15667046
655,1,52,9,144696.75,1,1,1,49025.79,0,True,False,Senior,188819.961,0.6660610009708469,1,15669957
620,1,36,8,0.0,2,1,1,145937.99,0,False,False,Middle,116750.39199999999,0.15859098468250368,0,15655794
577,0,35,10,0.0,2,1,1,25161.61,0,False,False,Middle,25161.61,0.2089064752293131,0,15599829
401,1,48,8,128140.17,1,1,0,175753.55,1,True,False,Senior,268743.01,0.8286751837171823,1,15753332
599,1,25,6,120383.41,1,1,1,24903.09,0,False,False,Young,135325.264,0.10605155515060022,0,15671124
481,0,57,9,0.0,3,1,1,169719.35,1,False,False,Senior,152747.415,0.6295969422097073,1,15767474
704,1,42,8,129735.3,2,1,1,179565.57,0,False,False,Middle,273387.756,0.2931140514189948,0,15720671
698,0,31,8,185078.26,1,0,0,115337.74,1,False,True,Middle,277348.45200000005,0.5189177673146543,1,15626787
480,0,28,6,0.0,2,0,0,48131.92,0,False,False,Young,28879.152000000002,0.3268336685560615,0,15774491
682,1,42,0,0.0,1,1,1,160828.98,0,False,False,Middle,0.0,0.24378400425774233,0,15579647
700,1,31,7,0.0,2,0,1,145151.96,0,False,True,Middle,101606.372,0.12328296408915851,0,15625522
492,1,29,1,144591.96,1,1,1,196293.76,0,False,False,Young,164221.33599999998,0.1653411638985664,0,15765806
444,0,45,4,0.0,2,1,0,161653.5,1,False,False,Middle,64661.4,0.6546097927968049,1,15566708
624,1,36,6,0.0,2,0,0,84635.64,0,False,False,Middle,50781.384,0.3226757933744353,0,15668347
709,1,37,7,0.0,1,1,0,159486.76,0,False,False,Middle,111640.73200000002,0.3470103156023644,0,15575214
557,1,68,2,100194.44,1,1,1,38596.34,0,True,False,Elder,107913.708,0.8851828213953952,1,15591123
646,1,50,6,145295.31,2,1,1,27814.74,0,True,False,Senior,161984.154,0.6251774463333031,1,15573280
719,1,28,3,106070.29,2,1,1,183893.31,0,True,False,Young,161238.283,0.21851504548844936,0,15589018
706,0,47,6,120621.89,1,1,1,140803.7,0,True,False,Senior,205104.11000000002,0.7049234403006465,1,15654495
660,1,38,7,0.0,2,0,1,146585.53,0,False,False,Middle,102609.871,0.18207682776514714,0,15597265
667,1,36,9,0.0,2,1,1,40062.29,0,False,False,Middle,36056.061,0.13884585144252473,0,15733876
705,1,30,1,0.0,1,1,1,181300.32,0,False,False,Young,18130.032000000003,0.11052049391293094,0,15677217
598,0,27,10,171283.91,1,1,1,84136.12,0,True,False,Young,255420.03,0.3657258238379022,0,15747265
669,1,26,4,0.0,2,1,1,197594.34,0,False,False,Young,79037.736,0.07933299178081522,0,15713379
580,0,38,1,128218.47,1,1,0,125953.83,1,True,False,Middle,140813.853,0.7755657292602464,1,15730433
676,0,32,5,0.0,2,1,1,75465.41,0,False,False,Middle,37732.70500000001,0.18602317267197413,0,15693347
714,1,28,7,77776.39,1,1,0,177737.07,0,True,False,Young,202192.339,0.418062483954115,0,15715465
597,0,72,6,124978.19,2,1,1,7144.46,0,True,False,Elder,129264.86600000001,0.9386395630439168,1,15680736
559,1,29,1,0.0,2,0,0,155639.76,0,False,False,Young,15563.976000000002,0.23415161214580033,0,15610765
564,0,28,1,0.0,1,1,1,162428.05,0,False,False,Young,16242.805,0.17106406886766878,0,15650034
850,1,51,3,109799.55,2,1,1,12457.76,1,False,True,Senior,113536.878,0.44191261090312833,0,15782468
689,1,39,7,0.0,2,0,0,14917.09,0,False,False,Middle,10441.963000000002,0.34896202988681174,0,15685109
758,0,61,8,125397.21,1,1,0,182184.09,1,True,False,Elder,271144.482,0.9463029878704806,1,15776233
604,0,71,10,0.0,2,1,1,129984.2,0,False,True,Elder,129984.20000000001,0.8419564077545092,1,15761141
733,1,38,9,111347.37,2,0,1,194872.97,0,True,False,Middle,286733.043,0.393647200045958,0,15781702
778,1,40,8,104291.41,2,1,1,117507.11,0,False,True,Middle,198297.098,0.24897534199804192,0,15790235
732,0,61,9,94867.18,2,1,1,157527.6,1,True,False,Elder,236642.02000000002,0.8544477988100995,1,15641416
646,1,24,8,0.0,2,0,0,92612.88,0,False,False,Young,74090.304,0.15330739965856632,0,15775234
597,0,33,6,135703.59,2,0,0,74850.84,0,False,False,Middle,180614.09399999998,0.4910848136995666,0,15659475
821,0,37,5,106453.53,2,0,1,127413.0,0,True,False,Middle,170160.03,0.48048829945875593,0,15642202
640,1,43,7,132412.38,1,0,0,69584.3,1,False,False,Middle,181121.39,0.5537117965788654,1,15771417
511,0,40,9,124401.6,1,1,0,198814.24,1,True,False,Middle,303334.41599999997,0.8095388801473125,1,15585100
805,1,46,6,118022.06,3,1,0,162643.15,1,False,False,Senior,215607.95,0.5332401491188383,1,15700487
540,1,39,1,82531.11,1,1,0,114092.52,0,True,False,Middle,93940.362,0.6628482563558907,1,15726589
705,1,44,0,184552.12,1,1,0,68860.3,1,False,True,Middle,184552.12,0.6459408049300488,1,15747503
540,1,39,4,127278.31,1,1,1,16150.34,0,True,False,Middle,133738.446,0.45968850196064787,0,15595883
532,0,66,3,0.0,1,1,1,115227.02,0,False,True,Elder,34568.106,0.8156826802517865,1,15663826
535,0,45,2,0.0,2,0,1,170621.55,0,False,False,Middle,34124.31,0.4239322634295315,0,15742820
627,1,23,5,184244.86,1,1,0,103099.22,0,True,False,Young,235794.46999999997,0.40407042383309216,0,15624793
646,1,52,8,59669.43,1,0,0,172495.81,1,False,False,Senior,197666.078,0.6856917085831377,1,15597930
515,0,25,7,79543.59,1,0,1,38772.82,0,False,False,Young,106684.564,0.16589472802810737,0,15665110
697,0,39,6,151553.19,1,1,1,44946.29,0,False,False,Middle,178520.964,0.38301318318767885,0,15770719
652,1,27,2,166527.88,2,0,1,146007.7,0,True,False,Young,195729.42,0.2509888459159154,0,15731327
579,1,28,6,150329.15,1,1,0,145558.42,0,True,False,Young,237664.202,0.4868969211495651,0,15576044
760,1,43,8,121911.59,1,1,0,193312.33,0,False,False,Middle,276561.454,0.539182882123944,1,15775662
769,1,51,9,156773.78,2,1,0,40257.79,0,False,False,Senior,193005.791,0.6467465527866336,1,15646817
498,1,29,8,127864.26,1,1,1,46677.9,0,False,True,Young,165206.58,0.1602301378728924,0,15596060
774,1,53,4,113709.28,1,1,1,153887.93,1,False,False,Senior,175264.452,0.4886712831878762,0,15723299
705,0,43,7,79974.55,1,1,1,103108.33,0,True,False,Middle,152150.381,0.6032999321809036,1,15636982
648,0,44,2,0.0,2,1,1,58652.23,0,False,False,Middle,11730.446000000002,0.38458060341388844,0,15751175
688,0,51,5,0.0,1,1,0,91624.11,1,False,False,Senior,45812.055,0.7301193107746742,1,15618936
592,1,38,0,0.0,1,1,0,65986.48,1,False,True,Middle,0.0,0.42948843878181286,0,15787529
705,1,33,3,144427.96,2,1,0,113845.19,0,False,False,Middle,178581.517,0.3489031073735558,0,15780128
654,1,42,7,99263.09,1,1,1,67607.9,0,False,False,Middle,146588.62,0.28564929584345594,0,15615991
624,0,32,2,79368.87,2,1,1,145471.94,0,False,False,Middle,108463.258,0.23416465871725953,0,15757001
594,0,30,10,0.0,2,1,1,124071.71,0,False,False,Young,124071.71000000002,0.16801044369089993,0,15595388
695,0,34,9,0.0,2,1,1,67502.12,0,False,True,Middle,60751.907999999996,0.21281386472708044,0,15699550
597,1,28,2,0.0,3,1,1,78707.97,0,False,False,Young,15741.594000000001,0.08977720038283435,0,15581620
758,0,52,7,125095.94,1,1,0,171189.83,1,False,False,Senior,244928.821,0.8007501525616783,1,15600934
737,0,40,2,162485.8,2,1,0,149381.32,0,True,False,Middle,192362.06399999998,0.7801234095378144,1,15738672
694,1,37,1,95668.82,2,1,0,100335.55,0,True,False,Middle,105702.375,0.5889975659466942,1,15721307
683,1,25,4,0.0,2,1,0,152698.24,0,False,False,Young,61079.296,0.16418918664867768,0,15619280
538,0,30,8,0.0,2,1,1,41192.95,0,False,True,Young,32954.36,0.18141322614868885,0,15768244
669,1,37,4,0.0,1,1,0,132540.33,0,False,False,Middle,53016.132,0.35410578604059656,0,15806837
730,0,34,5,74197.38,2,1,0,96875.52,0,False,False,Middle,122635.14000000001,0.441736177294125,0,15643496
622,0,31,1,89688.94,1,1,1,152305.47,0,False,False,Middle,104919.48700000001,0.24271555562519592,0,15813916
714,0,33,10,103121.33,2,1,1,49672.01,0,False,True,Middle,152793.34000000003,0.23875603239171342,0,15626385
569,0,34,3,0.0,1,1,0,133997.53,0,False,True,Middle,40199.259,0.4769828543974727,0,15603582
668,0,59,5,120170.07,1,0,1,50454.8,0,True,False,Senior,145397.47,0.8624404119064195,1,15764351
628,1,32,9,149136.31,2,1,1,16402.11,0,False,False,Middle,163898.209,0.151566488501309,0,15667938
600,1,40,1,141136.79,1,1,1,67803.83,0,False,False,Middle,147917.173,0.3107601719639963,0,15576360
693,0,43,4,152341.55,1,1,0,9241.78,0,False,False,Middle,156038.262,0.6896064993154485,1,15628813
704,1,36,7,120026.98,2,0,1,100601.73,0,False,False,Middle,190448.191,0.19909170653731,0,15584190
527,1,33,9,132168.28,1,0,0,98734.15,0,False,True,Middle,221029.015,0.40831992911070203,0,15716449
553,1,43,6,85200.82,2,1,1,160574.09,0,True,False,Middle,181545.27400000003,0.48563071275514347,0,15759913
575,1,53,1,84903.33,2,0,1,26015.8,0,False,True,Senior,87504.91,0.5357655630142872,1,15701555
626,0,32,0,0.0,2,0,0,187172.54,0,False,False,Middle,0.0,0.38447282459322124,0,15758482
582,1,20,4,0.0,1,1,1,55763.66,0,False,False,Young,22305.464000000004,0.058719115058232844,0,15758171
683,1,40,8,0.0,1,1,0,75848.22,0,False,True,Middle,60678.576,0.413450269590701,0,15680346
850,1,30,9,121535.18,1,0,0,40313.47,0,False,False,Young,157817.30299999999,0.26105116005374523,0,15649124
653,1,35,6,116662.96,2,1,1,23864.21,0,False,True,Middle,130981.486,0.19890655492988524,0,15812917
679,1,60,8,0.0,2,1,1,51380.9,0,False,False,Senior,41104.72,0.5132604620469512,1,15768455
549,0,49,6,124829.16,1,0,1,93551.36,0,True,False,Senior,180959.97600000002,0.7617189974733928,1,15703059
850,0,36,2,155180.56,2,0,0,169415.54,0,False,True,Middle,189063.668,0.5558374347247715,1,15646196
558,0,32,1,108262.87,1,1,1,6935.31,0,True,False,Middle,108956.401,0.4698451170427856,0,15585451
528,1,40,4,0.0,2,1,0,25399.7,0,False,True,Middle,10159.880000000001,0.43466258612825337,0,15714057
801,1,38,5,0.0,2,1,0,66256.27,0,False,False,Middle,33128.135,0.3228609965115715,0,15748473
513,1,48,2,0.0,1,1,1,114709.13,1,False,True,Senior,22941.826,0.3949228443268135,0,15785782
666,1,38,6,99812.88,2,1,1,158357.97,0,True,False,Middle,194827.662,0.38085921781046467,0,15693233
606,1,35,2,132164.26,1,0,1,164815.59,0,False,False,Middle,165127.37800000003,0.22753145067381336,0,15757521
599,1,45,10,103583.05,1,1,0,132127.69,1,True,False,Middle,235710.74,0.7464972781929149,1,15812513
544,1,39,4,142406.43,2,1,0,146637.45,0,True,False,Middle,201061.41,0.671616988882535,1,15674950
529,1,38,7,99842.5,2,1,0,90256.06,1,False,True,Middle,163021.742,0.45435179396277986,0,15678572
850,0,41,5,0.0,2,1,1,34827.43,0,False,False,Middle,17413.715,0.2848053486394477,0,15713608
497,1,41,9,0.0,1,0,0,22074.48,0,False,False,Middle,19867.032000000003,0.4278993784157915,0,15579262
764,0,39,5,81042.42,1,0,1,109805.17,0,False,False,Middle,135945.005,0.3458199278092887,0,15610426
603,0,48,5,0.0,1,1,0,100478.6,1,False,False,Senior,50239.3,0.6959709016899408,1,15776454
609,1,40,6,0.0,2,1,1,97416.34,0,False,False,Middle,58449.804000000004,0.20289159569824972,0,15771483
487,1,53,4,199689.49,1,1,1,24207.86,1,False,False,Senior,209372.634,0.5946332880979095,1,15648489
748,1,33,1,142645.43,1,0,0,69132.66,0,False,False,Middle,149558.696,0.38053609082820533,0,15646609
710,0,75,5,0.0,2,1,1,9376.89,0,False,True,Elder,4688.445,0.870442440830025,1,15693203
432,0,45,3,110219.14,1,1,0,43046.7,1,True,False,Middle,123133.15,0.8614646786618758,1,15813067
534,1,51,3,0.0,2,0,1,20856.31,0,False,True,Senior,6256.893000000001,0.4328056209045429,0,15769829
607,1,25,3,0.0,2,0,0,187048.72,0,False,False,Young,56114.61600000001,0.1771298936849531,0,15662434
551,1,32,4,0.0,2,1,0,53420.53,0,False,True,Middle,21368.212,0.29045698165037803,0,15773503
674,1,45,7,142072.02,1,1,0,37013.29,0,False,False,Middle,167981.32299999997,0.5774673821732244,1,15705890
525,0,25,6,0.0,2,1,0,89566.64,0,False,False,Young,53739.984,0.26868009893169076,0,15711398
645,1,33,8,149564.61,1,0,0,149913.84,0,True,False,Middle,269495.682,0.5779441768167529,1,15752375
755,0,43,9,0.0,2,1,0,18066.69,0,False,False,Middle,16260.021,0.5234170057009748,1,15659175
708,1,37,8,153366.13,1,1,1,26912.34,0,True,False,Middle,174896.002,0.382893492964969,0,15597033
715,1,21,6,76467.16,1,1,1,173511.72,0,False,False,Young,180574.192,0.07121507089606653,0,15590228
727,0,26,9,121508.28,1,1,1,146785.44,0,False,False,Young,253615.176,0.17595961081559952,0,15631848
559,0,27,1,0.0,1,0,1,1050.33,0,False,True,Young,105.033,0.19350822452539088,0,15654211
545,1,36,8,73211.12,2,1,0,89587.34,1,False,True,Middle,144880.992,0.3921856001032937,0,15707968
524,1,22,9,0.0,2,1,0,74405.34,0,False,False,Young,66964.806,0.13630204600300524,0,15594084
707,0,55,1,0.0,2,0,1,54409.48,0,False,False,Senior,5440.948,0.5976061264795758,1,15651093
671,1,38,0,92674.94,2,1,0,3647.57,0,False,True,Middle,92674.94,0.46563510495962085,0,15798824
439,1,52,3,96196.24,4,1,0,198874.52,1,False,True,Senior,155858.59600000002,0.6939278112186913,1,15671591
667,0,36,1,114391.62,1,1,1,53412.54,0,True,False,Middle,119732.874,0.5257942265296248,1,15707189
831,1,32,9,80262.66,1,1,0,194867.78,0,True,False,Middle,255643.662,0.4806641267527556,0,15733581
545,0,33,7,173331.52,1,1,0,150452.88,0,False,True,Middle,278648.536,0.5763655754638782,1,15641640
604,0,35,7,147285.52,1,1,1,57807.05,0,False,True,Middle,187750.455,0.34645916041152736,0,15585284
657,1,67,5,119785.47,2,1,1,107534.32,0,False,True,Elder,173552.63,0.7568276901287126,1,15617866
487,0,36,1,140137.15,1,1,0,194073.33,0,False,True,Middle,159544.483,0.6202577798939919,1,15667751
750,0,52,6,107467.56,1,1,0,126233.18,1,True,False,Senior,183207.468,0.8906634699612784,1,15669411
694,0,37,8,98218.04,2,1,0,182354.46,1,True,False,Middle,244101.608,0.7103714314285927,1,15789425
711,0,35,2,133607.75,1,1,1,120586.32,0,True,False,Middle,157725.014,0.5012952967492837,1,15570943
551,1,37,3,0.0,2,1,1,50578.4,0,False,False,Middle,15173.520000000002,0.18073252037423398,0,15685829
559,0,38,8,95139.41,1,1,1,86575.46,0,False,False,Middle,164399.778,0.3497918381265628,0,15721917
620,0,29,3,0.0,2,0,1,153392.28,0,False,False,Young,46017.684,0.16796133403751182,0,15776047
660,1,42,5,0.0,2,1,0,115509.59,0,False,True,Middle,57754.795,0.44912169005364183,0,15716024
449,0,37,6,0.0,2,1,0,82176.48,0,False,False,Middle,49305.888000000006,0.49381337416040566,0,15675328
703,0,26,1,97331.19,1,1,0,63717.49,0,True,False,Young,103702.939,0.5426043230138796,1,15604314
795,1,37,2,139265.63,2,1,1,198745.94,0,True,False,Middle,179014.818,0.36551363340702253,0,15658339
594,0,31,9,0.0,1,0,1,5719.11,0,False,False,Middle,5147.1990000000005,0.18004728934847727,0,15630402
586,1,34,5,168094.01,1,0,0,20058.61,0,False,True,Middle,178123.315,0.4483733682895217,0,15689616
613,0,30,5,131563.88,2,1,0,170638.98,0,True,False,Young,216883.37,0.6213932640955729,1,15774224
601,1,44,3,0.0,2,1,0,30607.11,0,False,False,Middle,9182.133,0.47761709347979453,0,15701291
657,1,50,9,0.0,2,0,0,37171.46,0,False,False,Senior,33454.314000000006,0.5526623416979052,1,15719606
531,1,31,3,0.0,1,1,1,42589.33,0,False,False,Middle,12776.799,0.13403085139523332,0,15644119
621,1,47,7,107363.29,1,1,1,66799.28,0,True,False,Senior,154122.786,0.5713264927598742,1,15646859
782,0,33,2,94493.03,1,0,1,101866.39,0,False,False,Middle,114866.308,0.2613367732789865,0,15606836
528,0,29,9,170214.23,2,1,0,49284.0,0,True,False,Young,214569.83000000002,0.6112942365832315,1,15664150
696,1,52,6,139781.06,1,1,0,27445.4,1,False,False,Senior,156248.3,0.7008249336947171,1,15624510
586,0,35,7,0.0,2,1,0,70760.69,0,False,False,Middle,49532.48300000001,0.4247180017977441,0,15810944
626,0,26,8,148610.41,3,0,1,104502.02,1,False,True,Young,232212.026,0.18686063003798473,0,15668575
498,1,73,2,170241.7,2,1,1,165407.96,0,False,False,Elder,203323.29200000002,0.8533546902111908,1,15603246
691,0,33,1,128306.83,1,1,1,113580.79,0,False,False,Middle,139664.909,0.28720545672720144,0,15804002
568,0,47,7,0.0,2,1,1,45978.39,0,False,False,Senior,32184.873,0.42574742288982936,0,15728773
715,0,35,3,0.0,1,1,1,152012.36,0,False,False,Middle,45603.708,0.24065304440650037,0,15598044
680,1,32,7,175454.0,1,0,1,77349.92,0,True,False,Middle,229598.944,0.3358863696637358,0,15694829
802,1,41,6,0.0,2,1,0,47322.05,0,False,True,Middle,28393.230000000007,0.394198956546294,0,15600575
539,0,22,0,100885.93,2,1,1,38772.65,0,False,False,Young,100885.93,0.14756202649548658,0,15727311
494,1,69,9,93320.8,1,1,1,24489.44,0,False,False,Elder,115361.296,0.7643946647614628,1,15570769
594,1,38,6,63176.44,2,1,1,14466.08,0,True,False,Middle,71856.088,0.3524509947957497,0,15606274
596,1,33,2,139451.67,1,0,0,63142.12,0,False,False,Middle,152080.094,0.4003239775484189,0,15746139
649,0,52,8,49113.75,1,1,0,41858.43,0,False,False,Senior,82600.494,0.7584146547344063,1,15704987
699,1,32,1,123906.22,3,1,1,127443.82,1,True,False,Middle,136650.602,0.27395506477636195,0,15628972
787,0,40,6,0.0,2,1,1,84151.98,0,False,False,Middle,50491.188,0.27818022248115526,0,15697686
604,1,28,7,0.0,2,0,0,58595.64,0,False,False,Young,41016.948000000004,0.20113644908197476,0,15733883
489,0,52,1,131441.51,1,1,0,37240.11,1,True,False,Senior,135165.521,0.9196050852115437,1,15617482
651,1,56,2,0.0,1,1,0,114522.68,1,False,False,Senior,22904.536,0.7102401051008209,1,15704583
698,1,57,6,136325.48,2,1,1,72549.27,1,False,False,Senior,179855.04200000002,0.5595616063526642,1,15621083
578,0,38,4,113150.44,2,1,0,176712.59,1,True,False,Middle,183835.47600000002,0.747906433536429,1,15649487
538,0,42,9,0.0,1,0,0,152855.96,0,False,True,Middle,137570.364,0.6371984081725489,1,15736760
696,0,33,4,0.0,2,1,1,73371.65,0,False,False,Middle,29348.66,0.19858619750463002,0,15714658
507,0,46,8,102785.16,1,1,1,70323.68,0,True,False,Senior,159044.104,0.6928588712346979,1,15599081
685,1,34,6,83264.28,1,0,0,9663.28,0,False,True,Middle,89062.24799999999,0.36668730797914584,0,15705113
705,1,41,4,72252.64,2,1,1,142514.66,0,True,False,Middle,129258.504,0.41187950166592463,0,15631159
499,0,29,6,148051.52,1,1,0,118623.94,0,True,False,Young,219225.884,0.6486094739948727,1,15792818
717,0,76,9,138489.66,1,1,1,68400.14,0,False,False,Elder,200049.78600000002,0.9070806181357939,1,15633531
510,1,63,8,0.0,2,1,1,115291.86,0,False,False,Elder,92233.48800000001,0.6142013246855652,1,15744529
632,1,32,6,111589.33,1,1,1,170382.99,0,False,False,Middle,213819.124,0.17291454797470088,0,15669656
668,0,39,0,122104.79,1,1,0,112946.67,1,True,False,Middle,122104.79,0.777987510827951,1,15581198
744,1,32,4,96106.83,1,1,1,79812.77,0,True,False,Middle,128031.93800000001,0.28350493207293026,0,15729054
663,1,42,7,115930.87,1,1,0,19862.78,0,True,False,Middle,129834.81599999999,0.6852139754337958,1,15573452
638,0,37,7,124513.66,2,1,0,158610.89,0,True,False,Middle,235541.283,0.7291150657118571,1,15776733
688,0,54,9,0.0,1,1,0,191212.63,1,False,False,Senior,172091.367,0.781783319979549,1,15724858
588,1,46,8,0.0,1,1,0,61931.21,0,False,True,Senior,49544.968,0.5421554205209178,1,15713144
631,1,33,7,0.0,1,1,1,58043.02,1,False,False,Middle,40630.114,0.13318348268922064,0,15690188
687,1,35,8,100988.39,2,1,0,22247.27,0,False,True,Middle,118786.206,0.35359956208818116,0,15689425
599,1,44,10,118577.24,1,1,1,31448.52,0,False,False,Middle,150025.76,0.3149240188540352,0,15671766
718,1,28,6,0.0,2,1,0,146875.86,0,False,True,Young,88125.516,0.2107826577652198,0,15782806
730,1,27,5,0.0,2,1,1,116081.93,0,False,False,Young,58040.965,0.08029393329949581,0,15764419
533,0,39,2,0.0,1,0,1,73669.94,1,False,False,Middle,14733.988000000001,0.3435785589705564,0,15591915
711,0,28,5,0.0,2,1,1,93959.96,0,False,True,Young,46979.98000000001,0.15530200322853616,0,15772798
555,0,26,9,0.0,2,0,1,158918.03,0,False,True,Young,143026.227,0.1563191803556802,0,15792008
850,0,42,9,113311.11,1,1,1,198193.75,0,False,False,Middle,291685.485,0.40987495771330296,0,15715541
678,0,41,9,0.0,1,0,0,13160.03,0,False,False,Middle,11844.027000000002,0.5297468788894494,1,15639277
576,1,32,7,0.0,2,1,0,4660.91,0,False,False,Middle,3262.637,0.24505967492110317,0,15798850
835,1,20,4,124365.42,1,0,0,180197.74,1,True,False,Young,196444.516,0.29390242144633005,0,15776348
592,1,42,1,147249.29,2,1,1,63023.02,0,False,False,Middle,153551.592,0.3294550787057244,0,15727696
774,1,36,7,103688.19,1,0,1,118971.74,0,False,False,Middle,186968.408,0.20081913843702784,0,15793813
620,0,29,1,138740.24,2,0,0,154700.61,0,False,False,Young,154210.30099999998,0.4261193210268078,0,15694395
519,1,39,4,111900.14,1,1,1,97577.17,0,False,True,Middle,150931.008,0.30122137804529586,0,15764195
734,0,37,0,152760.24,1,1,1,48990.5,0,False,True,Middle,152760.24,0.4014769315337418,0,15744919
763,1,31,7,143966.3,2,1,1,140262.96,1,True,False,Middle,242150.37199999997,0.2709696506123894,0,15671655
733,1,51,10,141556.96,1,1,0,130189.53,0,False,False,Senior,271746.49,0.6845115826026102,1,15654901
650,0,43,6,0.0,2,1,1,16301.91,0,False,False,Middle,9781.145999999999,0.3412097455185747,0,15649136
538,0,33,5,0.0,2,1,0,126962.41,0,False,False,Middle,63481.20500000001,0.4094284911507544,0,15775562
577,0,46,1,0.0,1,1,1,158750.53,0,False,False,Senior,15875.053,0.45074317509559786,0,15807481
792,1,30,8,0.0,2,1,0,199644.2,0,False,False,Young,159715.36000000002,0.21578623383691367,0,15642885
686,0,41,10,0.0,1,1,1,144272.71,1,False,False,Middle,144272.71,0.332153256199086,0,15789109
589,1,29,2,0.0,2,0,1,98320.27,0,False,False,Young,19664.054000000004,0.1081642254935498,0,15814004
530,1,25,9,162560.32,1,1,0,64129.03,0,False,False,Young,220276.44700000001,0.2512980924927656,0,15673619
778,0,29,7,123229.46,1,1,0,181221.09,0,True,False,Young,250084.223,0.5933123347059295,1,15595135
616,1,31,7,76665.71,2,1,1,163809.08,0,False,True,Middle,191332.066,0.15271037035531543,0,15583681
550,1,38,9,140278.99,3,1,1,171457.06,1,False,False,Middle,294590.34400000004,0.24078697723421616,0,15605000
655,0,51,3,0.0,2,0,1,15801.02,0,False,False,Senior,4740.306,0.5206069520862128,1,15718071
721,1,46,1,115764.32,2,0,0,102950.79,0,False,False,Senior,126059.399,0.5870038899960126,1,15679760
499,1,36,5,131142.53,2,1,0,174918.46,0,True,False,Middle,218601.76,0.6202013151224338,1,15654574
511,1,45,5,68375.27,1,1,0,193160.25,1,False,False,Middle,164955.39500000002,0.5816938542705185,1,15577178
579,0,39,5,117833.3,3,0,0,5831.0,1,True,False,Middle,120748.8,0.7441248933464656,1,15595324
696,0,36,7,0.0,2,1,1,82298.59,0,False,True,Middle,57609.013000000006,0.24902846037080145,0,15756932
681,1,34,7,0.0,2,0,0,130686.59,0,False,False,Middle,91480.61300000001,0.28479144427313746,0,15726358
815,1,45,7,0.0,1,0,1,52885.23,1,False,False,Middle,37019.66100000001,0.25953904766116087,0,15595228
681,1,30,2,111093.01,1,1,0,68985.99,0,False,True,Young,124890.208,0.3313295370833711,0,15782530
641,1,42,9,132657.55,1,1,0,35367.19,0,False,True,Middle,164488.021,0.5337879162675664,1,15592877
591,0,56,9,128882.49,1,1,1,196241.94,1,False,False,Senior,305500.23600000003,0.7197261458236625,1,15651983
565,1,59,9,69129.59,1,1,1,170705.53,0,True,False,Senior,222764.567,0.7726461714132911,1,15746737
487,1,37,6,0.0,2,1,1,126477.41,0,False,False,Middle,75886.446,0.18295802928930693,0,15774179
729,1,39,4,121404.64,1,1,1,159618.17,0,False,False,Middle,185251.908,0.25528937463546475,0,15667265
505,0,45,9,131355.3,3,1,0,195395.33,1,False,True,Middle,307211.097,0.7317480763809218,1,15655123
580,0,35,1,102097.33,1,0,1,168285.85,0,False,False,Middle,118925.91500000001,0.32377848357115313,0,15595917
642,1,40,1,154863.15,1,1,1,138052.51,0,False,False,Middle,168668.40099999998,0.3051052063771641,0,15668385
850,0,41,3,99945.93,2,1,0,71179.31,0,False,True,Middle,121299.723,0.6059959700188704,1,15709476
616,1,39,2,121704.32,2,1,0,55556.3,0,True,False,Middle,132815.58000000002,0.6549758901992175,1,15711218
526,0,43,3,0.0,2,1,0,31705.19,0,False,True,Middle,9511.556999999999,0.633749622670245,1,15798659
523,1,35,8,138782.76,1,1,1,186118.93,0,True,False,Middle,287677.904,0.40314184871988956,0,15663939
663,1,35,9,0.0,2,1,1,195580.28,0,False,False,Middle,176022.252,0.15106260811783218,0,15694946
840,1,30,8,136291.71,1,1,0,54113.38,0,False,False,Young,179582.414,0.270736634296862,0,15631912
570,1,42,0,107856.57,2,1,0,127528.84,0,True,False,Middle,107856.57,0.7034179849932679,1,15768816
676,0,26,1,108348.66,1,0,0,60231.74,1,True,False,Young,114371.834,0.5642557044996552,1,15682268
689,1,47,1,93871.95,3,1,0,156878.42,1,False,False,Senior,109559.792,0.5588561920849938,1,15684801
703,0,45,1,0.0,1,1,0,182784.11,1,False,True,Middle,18278.411,0.6568769832240796,1,15636428
491,1,19,2,125860.2,1,0,0,129690.5,0,True,False,Young,151798.3,0.3338070963574474,0,15809823
584,1,49,8,172713.44,1,1,0,113860.81,0,False,False,Senior,263802.088,0.6929554112703563,1,15699284
810,0,51,5,0.0,2,0,1,184524.74,0,False,False,Senior,92262.37,0.49067955340728014,0,15786993
745,0,59,8,0.0,1,1,1,36124.98,0,False,True,Senior,28899.984000000004,0.6611195385595735,1,15709441
625,0,39,3,130786.92,1,0,1,121316.07,0,False,False,Middle,167181.741,0.4066002401487547,0,15710257
535,0,29,2,112367.34,1,1,0,185630.76,0,False,False,Young,149493.492,0.4346255721734455,0,15582492
729,0,45,7,91091.06,2,1,0,71133.12,0,False,True,Middle,140884.244,0.6736570199561,1,15575694
655,0,26,7,106198.5,1,0,1,32020.42,0,False,False,Young,128612.794,0.17208711697076165,0,15756820
751,1,47,5,142669.93,2,1,0,162760.96,0,False,False,Senior,224050.40999999997,0.6014041392434103,1,15766289
525,1,33,1,112833.35,1,0,1,175178.56,0,False,False,Middle,130351.206,0.20178049875035087,0,15593014
532,0,40,5,0.0,2,0,1,177099.71,0,False,False,Middle,88549.855,0.3347642496083485,0,15584545
696,0,43,4,0.0,2,1,1,66406.37,0,False,True,Middle,26562.548,0.3741634528715357,0,15675949
786,0,32,2,104336.43,2,0,0,59559.81,0,True,False,Middle,116248.39199999999,0.6262155904486496,1,15672091
580,1,55,6,104305.74,1,0,1,175750.21,0,False,False,Senior,209755.866,0.5658986131980057,1,15801658
596,1,47,5,140187.1,2,1,1,174311.3,0,True,False,Senior,227342.75,0.5930459878235571,1,15706185
683,1,39,4,0.0,2,1,0,171716.81,0,False,False,Middle,68686.724,0.3668949345399907,0,15789863
747,0,45,1,114959.12,1,1,0,189362.39,1,False,False,Middle,133895.359,0.6940912912725891,1,15720943
602,1,33,5,164704.38,1,0,1,180716.1,1,False,False,Middle,255062.43,0.21728855679387787,0,15697997
779,1,62,10,119096.55,1,0,1,116977.89,0,False,False,Elder,236074.44,0.6525586467570533,1,15665416
551,1,31,1,0.0,2,1,1,185105.44,0,False,False,Middle,18510.544,0.12005864653098117,0,15660200
666,1,47,2,0.0,1,1,0,35046.97,1,False,False,Senior,7009.394,0.5533139755413786,1,15619653
526,1,30,8,0.0,1,1,0,36251.0,0,False,True,Young,29000.800000000003,0.26049782319473763,0,15773447
849,0,41,9,115465.28,1,1,0,103174.5,0,False,False,Middle,208322.33000000002,0.5928968522981221,1,15739160
471,0,27,4,0.0,2,1,0,122642.09,0,False,False,Young,49056.836,0.31587824766064415,0,15689237
628,1,43,3,184926.61,1,1,0,122937.57,0,False,True,Middle,221807.881,0.6264285767870035,1,15679297
674,1,43,8,85957.88,2,1,0,8757.39,0,True,False,Middle,92963.792,0.6529206411528689,1,15591433
797,1,32,10,114084.6,1,0,1,125782.29,0,False,False,Middle,239866.89,0.15467577578208422,0,15642725
590,0,29,2,166930.76,2,1,0,122487.73,0,False,True,Young,191428.306,0.4705120629128131,0,15701962
588,0,27,8,0.0,1,1,0,20066.38,0,False,False,Young,16053.104000000001,0.29021723766387,0,15811613
577,1,29,7,0.0,2,1,1,55473.15,0,False,False,Young,38831.205,0.09643450102659946,0,15741049
571,0,38,6,107193.82,2,0,0,38962.94,0,False,False,Middle,130571.584,0.5676014532591391,1,15724423
680,1,36,3,116275.12,1,1,1,63795.8,0,False,False,Middle,135413.86,0.21911181087782877,0,15574305
648,0,27,7,0.0,2,1,1,163060.43,0,False,True,Young,114142.301,0.15374867673289797,0,15678168
618,1,39,2,91068.56,1,1,0,26578.69,0,False,False,Middle,96384.298,0.4710496943891334,0,15697020
648,1,41,5,123049.21,1,0,1,5066.76,0,True,False,Middle,125582.59000000001,0.4763312180474433,0,15610801
759,0,39,6,0.0,2,1,1,140497.67,0,False,False,Middle,84298.60200000001,0.2726170507838342,0,15745232
585,1,40,7,0.0,2,0,0,146156.98,0,False,False,Middle,102309.88600000001,0.4067013210241941,0,15722758
774,0,42,3,137781.65,1,0,0,199316.19,0,False,False,Middle,197576.507,0.6625591301593193,1,15792102
697,0,48,2,108128.96,2,1,1,103944.37,0,True,False,Senior,128917.834,0.7025452608209966,1,15675185
605,1,39,10,105317.73,2,1,0,138021.36,0,False,True,Middle,243339.08999999997,0.46752942754211785,0,15801247
676,1,20,1,80569.73,1,0,0,68621.98,0,False,False,Young,87431.928,0.16690907036533537,0,15725660
678,0,22,4,174852.89,1,1,1,28149.06,0,False,False,Young,186112.51400000002,0.15937801300591178,0,15638963
495,0,45,3,89158.94,3,1,0,135169.76,1,False,True,Middle,129709.86800000002,0.704289849387607,1,15800061
787,0,85,10,0.0,2,1,1,116537.96,0,False,False,Elder,116537.96000000002,0.9235795196187861,1,15578006
770,1,36,2,89800.14,1,1,1,105922.69,0,False,False,Middle,110984.678,0.19787186554598082,0,15668504
817,1,45,9,101207.75,1,0,0,88211.12,1,True,False,Middle,180597.758,0.7130713639526309,1,15687491
659,1,43,1,106086.42,2,1,0,26900.63,0,False,False,Middle,108776.483,0.534686251479207,1,15610403
693,1,21,1,0.0,2,1,1,3494.02,0,False,False,Young,349.40200000000004,0.0585012579157499,0,15741094
744,1,47,9,0.0,2,1,0,113163.17,0,False,False,Senior,101846.853,0.49135083498814486,0,15807909
829,0,26,8,101440.36,2,1,1,19324.5,0,False,True,Young,116899.96,0.1458467823358136,0,15666141
716,1,38,4,0.0,2,1,0,189678.7,0,False,False,Middle,75871.48000000001,0.3442364409323357,0,15617134
671,1,34,7,106603.74,2,1,1,26387.71,0,False,False,Middle,125075.137,0.16134309606128075,0,15783029
835,0,29,10,130420.2,2,0,0,106276.55,0,True,False,Young,236696.75,0.5519582969764966,1,15622833
636,0,38,1,0.0,1,1,0,45015.38,0,False,False,Middle,4501.538,0.5284556962466224,1,15746422
649,1,29,2,45022.23,1,1,1,173495.77,0,False,True,Young,79721.384,0.1320036938236557,0,15750839
621,1,27,1,74298.43,1,1,1,52581.96,0,True,False,Young,79556.62599999999,0.2283765791354756,0,15749130
658,0,31,3,133003.03,1,0,1,146339.27,1,True,False,Middle,176904.811,0.43977816941172715,0,15779862
784,1,48,7,0.0,2,1,1,182609.97,0,False,True,Senior,127826.979,0.3271735076112472,0,15767871
783,0,37,1,136689.66,1,1,0,197890.65,0,False,True,Middle,156478.725,0.5847393703649345,1,15679651
615,1,32,4,0.0,2,1,1,6225.63,0,False,False,Middle,2490.2520000000004,0.12218551048137764,0,15576219
791,0,44,5,0.0,2,1,1,123977.86,1,False,False,Middle,61988.93000000001,0.350097733374936,0,15699247
762,1,53,1,102520.37,1,1,1,170195.4,0,False,False,Senior,119539.91,0.483385686752377,0,15619087
607,1,35,2,0.0,2,1,1,114190.3,0,False,False,Middle,22838.06,0.15438365032184187,0,15605327
601,0,34,5,0.0,2,1,0,27022.57,0,False,False,Middle,13511.285000000002,0.40943498146031865,0,15610140
540,1,67,1,88382.01,1,0,1,59457.0,0,False,True,Elder,94327.70999999999,0.7916455671186405,1,15791174
812,1,44,4,115049.15,2,1,0,165038.41,0,False,False,Middle,181064.514,0.5153608087644763,1,15602373
685,1,58,1,104796.54,1,1,1,154181.41,0,False,False,Senior,120214.681,0.5959850899857381,1,15762605
680,1,33,1,123082.08,1,1,0,134960.98,0,False,False,Middle,136578.178,0.36364552515644955,0,15598840
680,0,58,8,0.0,2,1,1,65708.5,0,False,True,Senior,52566.8,0.6392317091268882,1,15744279
631,0,33,8,0.0,2,0,0,117374.22,0,False,False,Middle,93899.376,0.3938961707733021,0,15670619
569,0,43,7,0.0,2,1,1,77703.19,0,False,False,Middle,54392.23300000001,0.3576038194994069,0,15599533
584,1,33,3,88311.48,2,1,1,177651.38,0,True,False,Middle,141606.894,0.30168987270116776,0,15757837
582,0,40,9,0.0,3,1,1,60954.45,0,False,False,Middle,54859.005,0.27399632385027034,0,15697574
609,1,32,7,71872.19,1,1,1,151924.9,0,False,False,Middle,178219.62,0.15839905942975058,0,15578738
506,1,35,6,110046.93,2,1,0,26318.73,0,False,True,Middle,125838.16799999999,0.4044088863023618,0,15762228
503,1,42,8,104430.08,1,1,1,147557.71,0,False,False,Middle,222476.24800000002,0.32293975793307805,0,15614827
503,0,28,5,0.0,2,1,0,125918.17,0,False,False,Young,62959.085,0.3258741376170258,0,15789815
806,1,31,10,138653.51,1,1,0,190803.37,0,True,False,Middle,329456.88,0.5059226741718759,1,15579781
653,0,31,7,102575.04,1,1,1,11043.54,0,False,False,Middle,110305.518,0.2235723017116996,0,15587013
666,1,43,7,137780.74,2,1,1,119100.05,1,False,False,Middle,221150.775,0.3102466214716757,0,15570932
674,1,32,2,0.0,2,1,0,140579.17,0,False,True,Middle,28115.834000000003,0.2766853595454074,0,15794661
798,1,32,7,0.0,2,0,1,37731.95,0,False,False,Middle,26412.364999999998,0.10503046804642487,0,15581654
740,0,30,8,105209.54,1,1,0,1852.58,0,False,False,Young,106691.60399999999,0.37730293604835047,0,15644296
531,0,32,0,109570.21,2,1,1,172049.84,0,True,False,Middle,109570.21,0.4326725406722123,0,15614420
614,0,44,6,118715.86,1,1,0,133591.11,1,True,False,Middle,198870.526,0.833920265053757,1,15609653
556,1,35,10,0.0,2,1,1,192751.18,0,False,False,Middle,192751.18,0.16149253664689292,0,15594577
678,0,43,2,153393.18,2,1,1,193828.27,0,True,False,Middle,192158.834,0.6425461554312165,1,15584114
587,1,33,6,132603.36,1,1,0,55775.72,0,True,False,Middle,166068.792,0.5578827694682512,1,15673367
527,0,36,6,0.0,2,1,1,102280.29,0,False,True,Middle,61368.174,0.2780653352501028,0,15685576
757,0,34,1,129398.01,2,0,0,44965.44,0,True,False,Middle,133894.554,0.6875456013473716,1,15774727
468,1,28,3,0.0,2,1,0,170661.02,0,False,True,Young,51198.306,0.24445820466101395,0,15694288
693,1,29,2,151352.74,1,0,0,197145.89,0,False,False,Young,190781.918,0.3126162863119479,0,15603319
483,0,44,5,136836.49,1,1,0,192359.9,1,False,False,Middle,233016.44,0.7331880942085676,1,15759066
466,1,40,4,91592.06,1,1,0,141210.18,1,False,False,Middle,148076.13199999998,0.5073620437236972,1,15814816
770,0,30,8,0.0,2,1,0,100557.03,0,False,False,Young,80445.62400000001,0.306948105053386,0,15724402
734,0,54,3,0.0,1,1,0,130805.54,1,False,False,Senior,39241.662000000004,0.7721722562344956,1,15571059
716,0,22,8,0.0,2,1,1,92606.98,0,False,False,Young,74085.584,0.08980286536637008,0,15674206
439,1,36,2,165536.28,2,1,1,123956.83,0,False,False,Middle,190327.646,0.2591045032005323,0,15715160
538,1,25,5,62482.95,1,1,1,102758.43,0,True,False,Young,113862.165,0.19458115121196548,0,15730448
743,1,40,8,68155.59,1,1,0,94876.65,0,False,False,Middle,144056.90999999997,0.42574190289538977,0,15662067
734,0,43,3,55853.33,2,0,1,94811.85,1,False,True,Middle,84296.88500000001,0.4171331596698801,0,15779581
656,1,37,2,0.0,2,0,1,67840.81,0,False,False,Middle,13568.162,0.17761362493393462,0,15662901
666,0,31,2,79589.43,1,0,0,4050.57,0,False,False,Middle,80399.544,0.4486583299813489,0,15689751
627,1,41,5,100880.76,1,0,1,134665.25,0,False,True,Middle,168213.385,0.31823975401478793,0,15667742
480,0,25,3,174330.35,2,0,0,181647.13,0,True,False,Young,228824.489,0.5885178138684721,1,15738448
792,1,19,7,143390.51,1,1,0,33282.84,0,False,False,Young,166688.49800000002,0.1446679491554762,0,15680243
613,1,59,8,91415.76,1,0,0,27965.0,1,True,False,Senior,113787.76,0.8881257028959386,1,15745083
476,1,30,3,134366.42,1,1,0,68343.53,0,True,False,Young,154869.47900000002,0.5380834294608585,1,15708228
539,0,24,3,0.0,2,1,1,198161.07,0,False,False,Young,59448.320999999996,0.12271129204915282,0,15628523
696,1,60,8,88786.81,1,1,1,196858.4,0,False,True,Senior,246273.53,0.6503540266660268,1,15708196
810,1,35,3,96814.46,2,1,1,120511.03,0,True,False,Middle,132967.769,0.30565346780305397,0,15735549
763,1,32,9,160680.41,1,1,0,30886.35,0,True,False,Middle,188478.125,0.5025413064225411,1,15809347
640,0,29,3,0.0,2,1,0,2743.69,0,False,False,Young,823.107,0.3269996779534152,0,15660866
655,0,47,10,0.0,2,1,0,167778.62,0,False,False,Senior,167778.62,0.6549383226901426,1,15766609
526,1,31,5,145537.21,1,1,0,132404.64,0,True,False,Middle,211739.53,0.5509578510089964,1,15654230
678,0,28,4,0.0,2,1,1,144423.17,1,False,False,Young,57769.26800000001,0.14685865533945097,0,15794566
554,0,45,6,0.0,2,1,1,181204.5,0,False,False,Middle,108722.70000000001,0.4135255875972813,0,15800890
597,0,30,2,119370.11,1,1,1,182726.22,1,False,True,Young,155915.354,0.26564432519313197,0,15697424
560,0,28,1,0.0,2,1,1,120880.72,0,False,True,Young,12088.072,0.17682925754713613,0,15724536
850,0,47,10,134381.52,1,0,0,26812.89,1,True,False,Senior,161194.41,0.8300115862689236,1,15735878
546,0,74,8,114888.74,2,1,1,66732.63,1,True,False,Elder,168274.844,0.9469131539625723,1,15707596
623,1,42,1,149332.48,2,1,0,100834.22,0,True,False,Middle,159415.902,0.7198539168930005,1,15657163
698,0,40,7,105061.74,3,1,0,107815.31,1,False,False,Middle,180532.457,0.5554046072376818,1,15622478
620,1,32,7,0.0,2,1,1,34665.79,0,False,False,Middle,24266.053,0.11384059592917362,0,15779529
619,0,40,10,0.0,1,1,1,147093.84,1,False,False,Middle,147093.84,0.3266458234497721,0,15636023
561,1,21,4,0.0,1,1,1,36942.35,0,False,False,Young,14776.94,0.06390320425948207,0,15582066
753,0,39,7,155062.8,1,1,1,16460.77,0,False,False,Middle,166585.33899999998,0.3652666769678809,0,15666675
721,1,43,3,88798.34,1,0,0,45610.63,0,False,True,Middle,102481.529,0.556889096251867,1,15732987
451,1,33,6,0.0,2,1,0,184954.11,0,False,False,Middle,110972.466,0.30316907600067994,0,15789432
680,0,51,5,143139.87,1,0,0,47795.43,1,True,False,Senior,167037.585,0.8992383947525481,1,15663161
590,0,23,7,0.0,2,1,0,196789.9,0,False,True,Young,137752.93000000002,0.2628115375464768,0,15694879
634,1,27,3,107027.52,1,1,0,173425.68,0,True,False,Young,159055.224,0.4312480411484189,0,15593715
676,1,29,4,140720.93,1,1,0,36221.18,0,False,False,Young,155209.402,0.29980650744262377,0,15575002
642,1,30,8,80964.57,2,1,0,174738.2,0,False,False,Young,220755.13000000003,0.27239939104769045,0,15622171
760,1,39,6,178585.46,1,1,0,67131.3,1,False,False,Middle,218864.24,0.48232291551305756,0,15795224
736,0,26,4,135889.13,1,1,1,165692.03,0,False,True,Young,202165.942,0.20151265691934697,0,15685346
656,1,43,7,134919.85,1,1,0,194691.95,0,False,False,Middle,271204.215,0.5656266899388173,1,15691808
776,1,33,8,115130.34,1,0,0,129525.5,1,True,False,Middle,218750.74,0.5265965625585075,1,15721007
832,0,34,6,138190.13,2,0,1,146511.2,0,False,True,Middle,226096.85000000003,0.29089346895643675,0,15794253
631,1,37,9,131519.49,2,1,1,51752.18,0,True,False,Middle,178096.452,0.3600328117716151,0,15694453
795,0,56,5,0.0,1,1,0,35418.69,1,False,True,Senior,17709.345,0.8015598066370653,1,15813113
648,0,39,3,126935.98,2,0,1,57995.74,0,True,False,Middle,144334.702,0.5694513907647232,1,15614187
615,1,39,4,133707.09,1,1,1,108152.75,0,False,False,Middle,176968.19,0.27681200561774394,0,15619407
682,0,27,1,97893.2,1,1,0,166144.98,0,False,False,Young,114507.698,0.3641579847243509,0,15646227
694,1,34,5,127900.03,1,1,0,101737.8,0,False,False,Middle,178768.93,0.3736693458620155,0,15660541
694,1,37,10,143835.47,1,0,1,33326.71,0,False,False,Middle,177162.18,0.21792053510094864,0,15753874
607,1,44,0,0.0,2,1,1,81140.09,0,False,False,Middle,0.0,0.27637564042379725,0,15617877
664,1,48,10,0.0,1,1,0,140173.17,1,False,False,Senior,140173.17,0.5542773227085207,1,15772073
756,1,60,2,0.0,1,1,1,166513.49,1,False,False,Senior,33302.698,0.5493004296015561,1,15701537
645,0,40,3,129596.77,1,1,1,103232.6,0,False,False,Middle,160566.55000000002,0.41257159276826844,0,15736228
653,1,30,4,0.0,2,1,0,120736.04,0,False,True,Young,48294.416,0.2472386720552339,0,15780572
710,0,24,2,110407.44,2,0,0,15832.43,1,True,False,Young,113573.926,0.4957689484714281,0,15769596
697,0,76,7,0.0,2,0,1,188772.45,0,False,False,Elder,132140.71500000003,0.8788730792994381,1,15586996
619,0,41,8,142015.76,2,1,0,114323.66,0,True,False,Middle,233474.68800000002,0.7888478085257331,1,15722061
648,1,55,1,81370.07,1,0,1,181534.04,0,False,True,Senior,99523.47400000002,0.5630072000914311,1,15638003
482,0,48,2,69329.47,1,0,0,102640.52,1,True,False,Senior,89857.57400000001,0.8759747487090981,1,15775590
548,0,28,8,116755.5,2,1,1,158585.17,1,False,False,Young,243623.636,0.2056534351575909,0,15730688
752,1,44,6,83870.33,1,1,0,178722.24,0,False,True,Middle,191103.674,0.5569082064485159,1,15753102
648,0,39,6,130694.89,2,1,1,153955.38,1,False,False,Middle,223068.11800000002,0.36920084751548,0,15810075
643,0,34,8,117451.47,1,1,0,65374.86,0,False,True,Middle,169751.358,0.5198871583321482,1,15723373
573,0,35,9,206868.78,2,0,1,102986.15,0,True,False,Middle,299556.315,0.5406030898322974,1,15795298
686,0,39,3,111695.62,1,0,0,136643.84,0,False,False,Middle,152688.772,0.6084261618926895,1,15584320
644,0,40,9,137285.26,4,1,0,77063.63,1,False,False,Middle,206642.527,0.549466651987363,1,15724161
702,0,29,6,149218.39,1,1,1,9633.01,0,False,False,Young,154998.19600000003,0.21821273178543024,0,15750056
652,1,51,7,0.0,2,0,1,43496.36,0,False,False,Senior,30447.452000000005,0.36179491794717866,0,15609637
641,1,32,7,0.0,2,1,1,24267.28,0,False,True,Middle,16987.096,0.12300267024065975,0,15794493
692,0,41,8,130701.29,1,1,0,59354.24,1,True,False,Middle,178184.682,0.7819643401849192,1,15569641
574,1,34,5,0.0,2,0,0,28269.86,0,False,True,Middle,14134.93,0.32077387567874477,0,15815236
643,0,31,3,167949.48,1,1,0,143162.34,0,False,False,Middle,210898.18200000003,0.4931190385739831,0,15811177
834,1,23,4,131254.81,1,1,0,20199.3,0,False,False,Young,139334.53,0.18952863569440917,0,15680587
591,1,28,5,0.0,2,1,1,48606.92,0,False,False,Young,24303.46,0.09263137751149604,0,15672821
470,1,34,9,0.0,2,0,1,89013.67,0,False,True,Middle,80112.30300000001,0.16306789073922334,0,15767681
608,1,34,7,86656.13,1,0,1,59890.29,0,False,True,Middle,128579.33300000001,0.19881293877326678,0,15600379
649,0,37,8,114737.26,1,1,1,106655.88,1,True,False,Middle,200061.964,0.5206511764835712,1,15801336
665,0,38,5,0.0,2,1,0,156439.56,0,False,False,Middle,78219.78000000001,0.48416339900244754,0,15721592
651,0,39,6,0.0,1,1,0,24176.44,0,False,False,Middle,14505.864,0.5116594995451353,1,15581282
555,1,62,4,119817.33,1,0,1,43507.1,1,True,False,Elder,137220.17,0.8348082128499068,1,15746203
637,0,48,7,130806.99,2,1,1,132005.85,1,False,False,Senior,223211.08500000002,0.5369621028543121,1,15583137
675,0,49,0,0.0,1,1,1,80496.71,1,False,False,Senior,0.0,0.5044768695497304,1,15680752
677,1,40,5,0.0,2,1,0,88947.56,0,False,True,Middle,44473.78,0.40633811615940013,0,15688172
850,0,35,2,80931.75,1,0,0,12639.67,1,True,False,Middle,83459.684,0.6777058259825819,1,15791373
815,0,56,3,0.0,3,1,1,94248.16,1,False,False,Senior,28274.448,0.5538910481162215,1,15589449
665,1,32,1,132178.67,1,0,0,11865.76,0,True,False,Middle,133365.246,0.5664272535101785,1,15692819
485,0,27,3,0.0,2,1,0,141449.86,0,False,False,Young,42434.958,0.31532221461252374,0,15727467
577,1,43,6,0.0,2,1,1,149457.81,0,False,True,Middle,89674.686,0.2735587079815236,0,15734312
586,0,35,7,164769.02,3,1,0,119814.25,1,False,False,Middle,248638.995,0.5225696035627417,1,15764604
722,1,29,1,107233.85,2,1,0,24924.92,0,True,False,Young,109726.342,0.4478494863040829,0,15613014
528,0,27,7,176227.07,2,0,1,139481.53,0,False,False,Young,273864.141,0.2268260507852861,0,15759684
542,0,39,4,109949.39,2,1,1,41268.65,0,False,False,Middle,126456.85,0.372113991272009,0,15609669
552,0,34,5,0.0,2,1,1,1351.41,0,False,False,Middle,675.705,0.2217575332646355,0,15685536
678,0,60,10,117738.81,1,1,0,147489.76,1,False,False,Senior,265228.57,0.8824882381857445,1,15750447
575,0,37,9,133292.45,1,1,0,111175.09,0,False,True,Middle,233350.03100000002,0.6068241267168487,1,15663249
669,0,43,1,160474.59,1,1,1,95963.14,0,False,False,Middle,170070.904,0.49369729875607343,0,15638646
636,1,43,6,0.0,2,1,0,43128.95,0,False,False,Middle,25877.37,0.43342109978636434,0,15734161
667,1,55,9,154393.43,1,1,1,137674.96,1,True,False,Senior,278300.894,0.7385034715673837,1,15631070
652,0,45,9,110827.49,1,1,1,153383.54,1,True,False,Middle,248872.67600000004,0.6739953096516385,1,15761950
637,0,36,10,145750.45,2,1,1,96660.76,0,True,False,Middle,242411.21000000002,0.492106533275188,0,15649668
516,0,45,8,109044.3,1,0,1,115818.16,0,False,True,Middle,201698.828,0.5405078675721864,1,15713912
801,0,32,4,75170.54,1,1,1,37898.5,0,False,False,Middle,90329.94,0.22217876529358943,0,15586757
692,0,42,2,0.0,2,1,0,145222.93,0,False,False,Middle,29044.586,0.5586995946154153,1,15596522
585,0,28,6,105795.9,1,1,1,41219.09,0,False,False,Young,130527.35399999999,0.20239008277392595,0,15625395
590,1,32,5,0.0,2,1,0,59249.83,0,False,False,Middle,29624.915000000005,0.25867610947269126,0,15760570
554,1,66,8,0.0,2,1,1,116747.62,0,False,True,Elder,93398.096,0.6848720796880912,1,15566689
659,0,49,1,0.0,1,1,0,116249.72,1,False,False,Senior,11624.972000000002,0.7132666322213067,1,15725794
690,0,26,3,118097.87,1,1,0,61257.83,0,False,False,Young,136475.21899999998,0.3596088842112574,0,15673539
697,1,29,0,172693.54,1,0,0,141798.98,0,True,False,Young,172693.54,0.5166729543686589,1,15705298
610,1,36,4,129440.3,2,1,0,102638.35,0,False,False,Middle,170495.64,0.4068386064636364,0,15675791
599,1,36,4,0.0,2,0,0,13210.56,0,False,True,Middle,5284.224,0.35711102984293425,0,15747043
544,1,23,1,96471.2,1,1,0,35550.97,0,False,False,Young,100026.29699999999,0.2214076386220062,0,15736397
548,0,46,1,0.0,1,1,1,104469.06,1,False,False,Senior,10446.906,0.4624284100088863,0,15678201
635,1,24,4,140197.18,1,1,1,142935.83,0,False,True,Young,197371.512,0.11927869281587436,0,15720745
722,1,20,6,0.0,2,1,0,195486.28,0,False,False,Young,117291.768,0.11655678190391561,0,15637593
564,0,33,4,135946.26,1,1,0,63170.0,0,False,False,Middle,161214.26,0.5204312573349272,1,15598070
719,1,69,3,0.0,2,1,1,58320.06,0,False,False,Elder,17496.018,0.69721654752507,1,15787550
547,1,50,3,81290.02,3,0,1,177747.03,1,True,False,Senior,134614.12900000002,0.604014168873929,1,15603942
850,0,42,8,0.0,1,1,0,19632.64,1,False,False,Middle,15706.112000000001,0.5180929851774883,1,15733973
515,1,60,9,113715.36,1,1,0,18424.24,1,True,False,Senior,130297.176,0.900803889532199,1,15596761
667,1,56,2,168883.08,1,0,1,18897.78,0,False,True,Senior,172662.636,0.6468574634433135,1,15652400
607,1,36,8,143421.74,1,1,0,97879.02,0,True,False,Middle,221724.956,0.6160175443488805,1,15717893
525,1,26,7,153644.39,1,1,1,63197.88,0,False,False,Young,197882.90600000002,0.1288595386467469,0,15622585
606,0,53,1,109330.06,1,1,1,75860.01,0,False,True,Senior,116916.061,0.6838081601454874,1,15733964
686,0,27,1,115095.88,2,0,0,78622.46,0,True,False,Young,122958.126,0.5609016704761874,1,15753861
611,1,35,10,0.0,1,1,1,23598.23,1,False,False,Middle,23598.23,0.13997953687603362,0,15747097
827,1,46,1,183276.32,1,1,1,13460.27,0,False,True,Senior,184622.347,0.43880683934473697,0,15594762
572,1,33,9,68193.72,1,1,0,19998.31,0,False,False,Middle,86192.19900000001,0.30723824532758487,0,15667417
726,0,32,8,0.0,2,0,0,185075.63,0,False,False,Middle,148060.50400000002,0.37400761186615367,0,15684861
579,1,31,6,139729.54,1,0,1,135815.38,0,True,False,Middle,221218.768,0.32398901394550644,0,15742204
598,0,56,4,98365.33,1,1,1,44251.33,0,False,True,Senior,116065.86200000001,0.7149259868020739,1,15623502
663,1,36,10,0.0,2,1,0,136349.55,0,False,False,Middle,136349.55000000002,0.3089845578755156,0,15774872
505,0,37,10,122453.97,2,1,1,52693.99,0,True,False,Middle,175147.96000000002,0.5048863780519258,1,15611191
576,1,30,7,132174.41,2,0,0,93767.03,0,True,False,Young,197811.331,0.4889263142334564,0,15674331
555,0,24,2,0.0,2,0,1,197866.55,0,False,True,Young,39573.31,0.1373099349763668,0,15619465
524,1,30,1,0.0,2,1,0,126812.85,0,False,False,Young,12681.285000000002,0.24882499899275706,0,15575247
776,1,39,2,104349.45,1,0,0,79503.05,0,False,True,Middle,120250.06,0.4844630676673259,0,15695679
645,0,41,2,138881.04,1,1,0,129936.53,1,True,False,Middle,164868.34600000002,0.8090707602297305,1,15713463
850,0,32,0,116968.91,1,0,0,175094.62,0,True,False,Middle,116968.91,0.6369828021337111,1,15785170
603,1,35,1,105346.03,2,1,1,130379.5,0,True,False,Middle,118383.98,0.346834405489842,0,15796351
691,1,26,9,136623.19,1,1,0,153228.0,0,False,False,Young,274528.39,0.24913736177858828,0,15639576
583,0,29,10,0.0,2,1,1,111285.85,0,False,False,Young,111285.85,0.15634169120329308,0,15693264
584,0,66,5,0.0,1,1,0,49553.38,1,False,False,Elder,24776.690000000002,0.9014960665319729,1,15589715
679,0,33,6,0.0,2,1,1,98015.85,0,False,False,Middle,58809.51000000001,0.1965452464534305,0,15769902
646,1,36,6,124445.52,1,1,0,88481.32,0,False,False,Middle,177534.312,0.411659104128523,0,15587177
559,0,34,5,68999.66,2,1,1,66879.27,0,False,False,Middle,102439.29500000001,0.2591091894194522,0,15814553
595,1,36,6,85768.42,1,1,1,24802.77,0,False,True,Middle,100650.082,0.22008937919194704,0,15601550
527,1,47,1,0.0,1,1,0,21312.16,1,False,False,Senior,2131.216,0.5860886936357453,1,15664907
684,1,34,9,100628.0,2,1,1,190263.78,0,False,True,Middle,271865.402,0.19184293573689715,0,15612465
673,0,32,0,0.0,1,1,1,72873.33,0,False,True,Middle,0.0,0.23577109237277605,0,15810800
802,1,38,7,0.0,2,0,1,57764.65,0,False,True,Middle,40435.255000000005,0.17392810162877,0,15665760
675,1,54,6,0.0,1,1,0,110273.84,1,False,False,Senior,66164.304,0.6637017206661997,1,15588080
762,0,19,6,0.0,2,1,0,55500.17,0,False,True,Young,33300.102000000006,0.17615270246172918,0,15776844
580,1,50,0,125647.36,1,1,0,57541.08,1,False,False,Senior,125647.36,0.7089117634179991,1,15717560
621,0,31,8,100375.39,1,1,1,90384.26,0,True,False,Middle,172682.798,0.397949486707198,0,15629739
411,0,36,10,0.0,1,0,0,120694.35,0,False,False,Middle,120694.35,0.5091932061552336,1,15729908
815,1,24,7,171922.72,1,0,1,178028.96,0,False,False,Young,296542.99199999997,0.1084233705274189,0,15716781
631,0,32,2,146810.99,2,1,1,180990.29,0,True,False,Middle,183009.048,0.4397300420544015,0,15646936
514,0,45,3,109032.23,1,0,1,155407.21,1,True,False,Middle,155654.39299999998,0.7058382412543398,1,15768151
638,1,57,6,0.0,1,1,0,33676.48,1,False,False,Senior,20205.888000000003,0.7106551712153893,1,15579212
791,1,25,7,0.0,1,1,0,89666.28,0,False,True,Young,62766.396,0.17417564944226296,0,15721835
516,1,35,5,128653.59,1,1,0,127558.26,0,False,False,Middle,192432.72,0.4254659198172918,0,15800515
734,1,37,3,80387.81,1,0,1,77272.62,0,False,False,Middle,103569.59599999999,0.2148079824376428,0,15591279
611,1,58,8,0.0,2,0,1,107665.68,1,False,False,Senior,86132.544,0.5088908096241426,1,15587419
850,1,43,0,108508.82,3,1,0,184044.8,1,True,False,Middle,108508.82,0.647552898720323,1,15750335
641,1,31,10,155978.17,1,1,0,91510.71,0,False,False,Middle,247488.88000000003,0.32909668012116494,0,15699619
585,0,38,5,0.0,1,1,1,87363.56,0,False,False,Middle,43681.78,0.2993077175651676,0,15606472
552,1,50,4,121175.56,1,1,0,117505.07,1,True,False,Senior,168177.588,0.8305509578591782,1,15778368
507,0,29,4,89349.47,2,0,0,180626.68,0,False,False,Young,161600.142,0.4117824936707767,0,15671387
735,1,38,7,86131.71,2,0,0,93478.96,0,False,True,Middle,151566.98200000002,0.4179235538077721,0,15573926
707,0,58,3,102346.86,1,1,1,114672.64,0,False,False,Senior,136748.652,0.7138524342996484,1,15709183
698,0,36,7,121263.62,1,1,1,13387.88,0,True,False,Middle,130635.136,0.4834441189316001,0,15577514
841,1,31,2,0.0,2,1,0,173240.52,0,False,False,Middle,34648.104,0.2177963101659725,0,15778830
688,0,33,2,0.0,1,0,0,27557.18,1,False,True,Middle,5511.436000000001,0.4545485674977773,0,15768072
614,1,51,3,0.0,2,1,1,5552.37,0,False,False,Senior,1665.7110000000002,0.3837562172946262,0,15768293
511,1,48,6,149726.08,1,0,0,88307.87,1,True,False,Senior,202710.802,0.8240717188330494,1,15654456
447,1,43,2,0.0,2,1,0,33879.26,1,False,False,Middle,6775.852000000001,0.492813477387432,0,15807525
738,1,35,5,161274.05,2,1,0,181429.87,0,False,False,Middle,251988.985,0.3898976877148983,0,15574372
422,0,33,2,0.0,2,1,0,102655.31,0,False,False,Middle,20531.062,0.4376370323878453,0,15671249
537,1,30,1,103138.17,1,1,1,96555.42,0,False,True,Young,112793.712,0.17802653695686046,0,15779744
707,0,40,3,109628.44,1,1,0,189366.03,0,True,False,Middle,166438.249,0.7736729123543208,1,15624755
690,1,54,5,0.0,1,1,0,12847.61,1,False,False,Senior,6423.805,0.6569773406501936,1,15611430
664,1,33,7,97286.16,2,1,0,143433.33,0,True,False,Middle,197689.491,0.5067259405628275,1,15774744
850,0,33,7,118004.26,1,1,0,183983.82,0,False,False,Middle,246792.934,0.4622955373144991,0,15629885
584,1,32,9,85534.83,1,0,0,169137.24,0,False,True,Middle,237758.34600000002,0.36843212477759635,0,15708791
728,0,59,4,0.0,1,1,1,163365.85,1,False,False,Senior,65346.340000000004,0.6660345091258473,1,15793890
560,0,43,4,95140.44,2,1,0,123181.44,1,False,True,Middle,144413.016,0.6831101679961523,1,15646091
629,0,31,6,0.0,1,1,1,16447.6,1,False,False,Middle,9868.56,0.18620651103932997,0,15596984
658,1,25,3,0.0,2,0,1,173948.4,0,False,False,Young,52184.52,0.07668556119135415,0,15800215
794,0,54,1,75900.84,1,1,1,192154.66,0,True,False,Senior,95116.306,0.7733137051792106,1,15577806
790,0,41,2,126619.27,1,1,0,198224.38,0,False,False,Middle,166264.146,0.6255999440360859,1,15749381
640,1,44,7,111833.47,1,1,0,67202.74,0,False,False,Middle,158875.388,0.5494539569547366,1,15683758
652,1,37,7,0.0,2,1,0,68789.93,0,False,True,Middle,48152.951,0.34560734490850736,0,15670615
583,0,57,3,238387.56,1,0,1,147964.99,1,False,False,Senior,282777.05700000003,0.7913967480652765,1,15715622
775,0,32,2,108698.96,2,1,1,161069.73,0,False,False,Middle,140912.90600000002,0.22825981495896575,0,15707634
584,0,39,2,112687.69,1,1,1,127749.61,0,False,False,Middle,138237.612,0.39493125858813993,0,15806901
635,0,48,4,81556.89,2,1,0,191914.37,0,True,False,Senior,158322.638,0.8497301928356977,1,15775335
814,1,48,9,136596.85,1,1,1,185791.9,0,False,False,Senior,303809.56,0.4070688824583471,0,15724150
735,0,43,9,98807.45,1,0,0,184570.04,1,True,False,Middle,264920.48600000003,0.8125112507682187,1,15627220
678,0,31,1,0.0,2,0,1,130446.65,0,False,False,Middle,13044.665,0.18681237106794898,0,15672330
693,1,37,1,0.0,2,1,1,82867.55,0,False,False,Middle,8286.755000000001,0.17040456516827956,0,15668521
640,0,30,6,107499.7,1,1,1,187632.22,0,False,False,Young,220079.032,0.23558621764255946,0,15807837
773,0,23,8,0.0,2,1,0,56759.79,0,False,True,Young,45407.832,0.21653951776518837,0,15592570
736,0,30,9,0.0,2,1,0,34180.33,0,False,False,Young,30762.297000000006,0.29377826256284145,0,15748589
693,0,28,8,0.0,2,1,1,158545.25,0,False,False,Young,126836.20000000001,0.14472948433037972,0,15635893
496,0,41,1,176024.05,2,1,0,182337.98,0,False,False,Middle,194257.848,0.6835652263107221,1,15757632
751,0,39,3,0.0,2,1,1,84175.34,0,False,False,Middle,25252.602,0.27803375666437696,0,15691863
528,1,39,0,127631.62,1,0,1,22197.8,1,True,False,Middle,127631.62,0.5003463619647526,1,15706071
754,0,19,9,0.0,1,1,0,189641.11,0,False,True,Young,170676.99899999998,0.20390890931451383,0,15654296
568,0,26,10,109819.16,2,1,0,154491.39,0,True,False,Young,264310.55000000005,0.5351791188894733,1,15755018
592,0,41,2,138734.94,1,1,0,90020.74,0,False,True,Middle,156739.088,0.6965307055387873,1,15594041
558,1,25,10,111363.1,2,1,0,197264.35,0,True,False,Young,308627.45,0.3967346786908704,0,15670587
825,1,34,9,0.0,2,1,1,31933.06,0,False,False,Middle,28739.754000000004,0.10885274821315725,0,15724527
677,1,28,0,143988.0,2,1,0,8755.69,1,True,False,Young,143988.0,0.4716469569315022,0,15801904
653,1,34,5,118838.75,1,1,1,52820.13,0,False,False,Middle,145248.815,0.1909839150136952,0,15658195
593,1,35,4,161637.75,1,1,1,20008.46,0,False,True,Middle,169641.134,0.25424871913963226,0,15630113
632,0,44,3,133793.89,1,1,1,34607.14,1,False,False,Middle,144176.032,0.4954322619389028,0,15784320
601,1,35,8,71553.83,1,1,0,177384.45,0,True,False,Middle,213461.39,0.5683957603833251,1,15676513
786,0,62,8,0.0,1,1,1,165702.64,0,False,False,Elder,132562.11200000002,0.7063589771399399,1,15574072
654,0,40,3,0.0,2,1,0,167889.1,0,False,False,Middle,50366.73000000001,0.5256406608114483,1,15633854
572,0,38,7,0.0,2,1,1,133122.62,0,False,False,Middle,93185.834,0.2821143365058625,0,15618566
813,0,62,10,64667.95,2,0,1,140454.14,0,False,False,Elder,205122.09000000003,0.7199968208261579,1,15733014
523,0,28,2,121164.11,1,1,1,59938.81,0,False,False,Young,133151.872,0.23354844371525485,0,15753343
506,1,50,3,0.0,2,1,0,12016.79,0,False,True,Senior,3605.0370000000003,0.6350177085337712,1,15746076
513,1,72,3,98903.06,1,1,1,81251.24,0,False,True,Elder,123278.432,0.8438907939505548,1,15608226
664,0,31,7,104158.84,1,1,0,134169.85,0,False,False,Middle,198077.73500000002,0.4392413569653221,0,15605684
684,1,54,6,0.0,2,1,1,94888.6,0,False,False,Senior,56933.16000000001,0.41477022957047566,0,15638988
608,0,63,3,139529.93,2,1,1,175696.16,1,False,True,Elder,192238.778,0.8154113974753374,1,15628767
527,0,25,6,0.0,2,0,1,96758.58,0,False,False,Young,58055.148,0.13245602403312498,0,15737977
666,1,53,5,64646.7,1,1,0,128019.48,1,False,False,Senior,128656.44,0.6907712090897578,1,15758116
779,1,71,3,0.0,2,1,1,146895.36,1,False,False,Elder,44068.608,0.7186029255402073,1,15575119
629,0,40,6,0.0,2,1,1,139356.3,0,False,False,Middle,83613.78,0.3077243008094113,0,15625126
430,1,35,1,118894.22,1,0,0,2923.61,0,False,False,Middle,119186.581,0.4659985569474559,0,15567114
712,1,24,2,0.0,1,0,1,121232.51,0,False,False,Young,24246.502,0.07603286045821356,0,15672242
682,1,30,9,0.0,2,1,1,2053.42,0,False,False,Young,1848.078,0.08780799808874891,0,15681327
634,0,41,8,68213.99,1,1,1,6382.46,0,False,False,Middle,73319.95800000001,0.3566576298854343,0,15802585
487,0,31,1,0.0,2,1,0,158750.13,0,False,True,Middle,15875.013,0.4120489466074546,0,15740630
808,1,47,8,139196.0,1,0,1,74028.36,0,False,True,Senior,198418.688,0.40117795058517813,0,15815420
527,0,32,7,0.0,2,1,1,44099.75,0,False,False,Middle,30869.825,0.1934695060417684,0,15711468
637,1,50,4,126345.55,1,0,1,17323.0,1,True,False,Senior,133274.75,0.6570639454902444,1,15799626
802,1,40,5,0.0,2,1,1,175043.69,0,False,True,Middle,87521.845,0.20440789102731896,0,15659325
529,0,38,2,0.0,1,1,0,146388.85,1,False,False,Middle,29277.770000000004,0.5345007706926835,1,15651352
850,0,43,3,0.0,2,0,0,2465.8,0,False,False,Middle,739.7400000000001,0.5602223200319092,1,15684925
738,1,18,4,0.0,2,1,1,47799.15,0,False,False,Young,19119.66,0.041658752429015636,0,15657439
817,1,34,5,129278.43,1,0,0,165562.84,0,False,False,Middle,212059.84999999998,0.36692353205301753,0,15574122
735,1,31,3,119558.35,1,0,0,72927.68,0,False,False,Middle,141436.654,0.3240383569954693,0,15720508
619,0,41,5,92467.58,1,1,0,38270.47,0,True,False,Middle,111602.815,0.7830625520011274,1,15599078
671,1,27,5,0.0,2,0,0,120893.07,0,False,False,Young,60446.53500000001,0.19132208251995558,0,15702300
581,0,31,6,0.0,2,1,0,188377.21,0,False,True,Middle,113026.326,0.3970099215872918,0,15660735
690,1,36,10,0.0,2,1,0,55902.93,0,False,True,Middle,55902.93000000001,0.3058877290398425,0,15671390
579,1,56,4,99340.83,1,0,0,4523.74,1,False,True,Senior,101150.326,0.7914192959679114,1,15647385
688,0,24,3,0.0,2,1,1,102195.16,0,False,True,Young,30658.548,0.12385122937941492,0,15739223
599,0,28,4,126833.79,2,1,0,60843.09,1,False,True,Young,151171.02599999998,0.41650081478798,0,15631305
729,1,29,5,109676.52,1,1,1,25548.47,0,True,False,Young,122450.755,0.2413749783355606,0,15809263
718,0,29,3,0.0,1,0,1,134462.29,0,False,False,Young,40338.687000000005,0.1713165150053447,0,15640866
712,1,53,6,134729.99,2,1,1,132702.64,0,True,False,Senior,214351.57400000002,0.67263376386746,1,15775663
474,1,37,3,98431.37,1,0,0,75698.44,0,False,False,Middle,121140.902,0.46458784110503165,0,15631800
565,1,33,8,130368.31,2,1,0,105642.43,0,True,False,Middle,214882.25400000002,0.5373889594809064,1,15654292
658,0,31,7,123974.96,1,1,0,102153.75,0,False,False,Middle,195482.58500000002,0.44809250189583516,0,15648320
714,1,63,4,138082.16,1,0,1,166677.54,0,False,False,Elder,204753.176,0.7055301913827849,1,15726747
725,1,45,1,129855.32,1,0,0,24218.65,0,False,False,Middle,132277.185,0.6085632978166875,1,15694510
825,1,40,6,132308.22,1,0,0,117122.5,0,False,False,Middle,202581.72,0.4735977819463656,0,15572291
665,0,45,5,155447.65,2,1,0,51871.95,1,True,False,Middle,181383.625,0.8378946219517182,1,15603465
670,1,35,2,124268.64,2,0,1,84321.03,0,False,True,Middle,141132.846,0.2226428347421758,0,15685628
474,0,34,9,176311.36,1,1,0,160213.27,0,True,False,Middle,320503.30299999996,0.7522385545633478,1,15792729
591,1,40,2,99886.42,2,1,1,88695.19,0,False,False,Middle,117625.458,0.2645804370467314,0,15767414
508,0,31,7,0.0,2,1,1,6123.15,0,False,False,Middle,4286.205,0.17974516760581488,0,15568044
695,0,36,2,0.0,2,0,1,167749.54,0,False,False,Middle,33549.908,0.24681612663840702,0,15751333
660,1,24,5,85089.3,1,1,1,71638.0,0,True,False,Young,120908.3,0.1774507294038796,0,15623062
687,1,41,10,134318.21,2,1,1,198064.52,0,True,False,Middle,332382.73,0.4672705304092557,0,15713621
658,1,29,5,75395.53,2,0,1,54914.92,0,True,False,Young,102852.98999999999,0.2252138515354714,0,15670668
705,0,33,5,116765.7,1,0,0,190659.17,1,True,False,Middle,212095.28500000003,0.68033383539854,1,15750638
739,1,60,4,0.0,1,1,1,51637.67,0,False,True,Senior,20655.068,0.5760193939420435,1,15747878
844,1,38,7,111501.66,1,1,1,119333.38,0,False,False,Middle,195035.026,0.21549710625582175,0,15726796
602,0,48,7,76595.08,2,0,0,127095.14,0,True,False,Senior,165561.678,0.8515390531779199,1,15754952
759,0,33,9,160541.36,2,0,0,93541.14,0,False,False,Middle,244728.386,0.47006399293598394,0,15652192
747,1,38,2,129728.6,1,1,0,89289.54,0,True,False,Middle,147586.508,0.6398550714185105,1,15681924
673,1,47,1,0.0,2,0,0,108762.16,0,False,False,Senior,10876.216,0.535717016931906,1,15763544
671,0,34,5,130929.02,4,1,1,28238.25,1,False,True,Middle,145048.14500000002,0.2592468475590036,0,15764431
640,0,74,2,116800.25,1,1,1,34130.43,0,True,False,Elder,123626.336,0.9544504424175487,1,15684010
581,1,40,0,101016.53,1,0,1,7926.35,1,True,False,Middle,101016.53,0.4942123108307231,0,15648881
630,1,67,5,0.0,2,1,1,27330.27,0,False,False,Elder,13665.135000000002,0.6661106475194875,1,15733303
703,0,33,8,190566.65,1,1,1,79997.14,0,False,False,Middle,254564.362,0.2985971886055125,0,15643294
698,0,47,6,0.0,1,1,0,50213.81,1,False,True,Senior,30128.286,0.6799101391040039,1,15749905
742,0,43,6,97067.69,1,0,1,60920.03,1,True,False,Middle,133619.708,0.6146354517591519,1,15625175
652,0,37,4,92208.54,1,0,1,197699.8,1,False,False,Middle,171288.46,0.341157937052313,0,15643967
644,1,37,2,186347.97,2,1,0,92809.73,0,False,False,Middle,204909.916,0.4651877784515934,0,15578251
735,1,55,2,103176.62,1,0,1,163516.16,0,False,True,Senior,135879.852,0.5641243697147538,1,15772573
777,0,58,4,0.0,1,1,1,62449.07,1,False,False,Senior,24979.628,0.6378422943118344,1,15733234
644,0,40,4,77270.08,2,1,1,115800.1,1,True,False,Middle,123590.12000000001,0.5428779425159228,1,15721582
665,0,37,3,111911.63,1,1,1,110359.68,1,True,False,Middle,145019.534,0.5310875379508673,1,15628219
529,1,72,5,94216.05,1,1,1,78695.68,0,True,False,Elder,133563.89,0.9080351481677502,1,15571302
803,0,45,7,0.0,2,1,1,128378.04,0,False,True,Middle,89864.628,0.38833215226114354,0,15637178
604,0,26,3,0.0,2,1,0,155248.62,0,False,True,Young,46574.586,0.30378978692527975,0,15601184
738,1,49,6,106770.82,1,1,0,123499.27,0,False,False,Senior,180870.382,0.6337494581127872,1,15629511
655,0,72,5,138089.97,2,1,1,99920.41,0,True,False,Elder,188050.17500000002,0.9417505342506433,1,15570629
698,1,39,9,133191.19,2,0,1,53289.49,0,True,False,Middle,181151.731,0.3948432142045837,0,15665766
775,0,66,9,0.0,2,1,1,67622.34,0,False,False,Elder,60860.106,0.7293778755291841,1,15693732
735,1,41,7,74135.85,1,1,1,11783.1,1,False,False,Middle,82384.02,0.23847061880418,0,15765982
766,1,41,6,99208.46,2,1,0,62402.38,0,False,True,Middle,136649.888,0.4690983708516046,0,15582016
537,1,84,8,92242.34,1,1,1,186235.98,0,True,False,Elder,241231.124,0.9626218437857508,1,15798024
599,1,25,7,108380.72,1,1,1,79005.95,0,True,False,Young,163684.885,0.2007116211725221,0,15588622
420,0,55,4,91893.32,1,1,0,144870.28,1,False,True,Senior,149841.432,0.8677923890589755,1,15724863
674,0,32,7,85757.93,1,1,1,95481.0,0,False,False,Middle,152594.63,0.23704438744549494,0,15618213
570,0,46,3,0.0,2,0,0,820.46,0,False,False,Senior,246.13800000000003,0.6628840738308579,1,15780411
623,1,33,8,96759.42,1,1,1,174777.98,0,True,False,Middle,236581.804,0.32199836696688794,0,15725429
710,1,30,6,0.0,2,1,1,8991.17,0,False,False,Young,5394.702000000001,0.09465892473741243,0,15600626
466,1,29,6,0.0,2,1,1,2797.27,0,False,False,Young,1678.362,0.10323765155883068,0,15668460
759,0,22,5,0.0,1,1,0,22303.17,0,False,False,Young,11151.585,0.21176106279960996,0,15576263
581,1,71,4,0.0,2,1,1,197562.08,0,False,False,Elder,79024.832,0.7469520147280181,1,15720354
820,1,33,2,132150.26,2,1,0,23067.97,0,False,False,Middle,136763.85400000002,0.3308603360229353,0,15691624
759,1,41,9,0.0,2,0,1,190294.12,0,False,False,Middle,171264.708,0.2137005063792551,0,15793196
628,0,31,6,175443.75,1,1,0,113167.17,1,False,False,Middle,243344.05200000003,0.493341573729839,0,15633352
676,1,31,3,78990.15,1,1,1,124777.14,0,False,False,Middle,116423.29199999999,0.14668258213415394,0,15750874
591,0,33,4,113743.37,1,1,0,124625.08,0,False,False,Middle,163593.402,0.5021163663575712,1,15588923
690,0,26,5,157624.84,1,1,1,49599.27,0,False,False,Young,182424.475,0.19286385891601038,0,15715745
624,0,62,7,125163.62,2,1,1,151411.5,0,False,False,Elder,231151.66999999998,0.7747801009644601,1,15611800
573,0,23,2,0.0,1,1,0,122964.18,0,False,False,Young,24592.836,0.26042860599663153,0,15576928
694,1,60,9,0.0,1,1,1,57088.97,0,False,False,Senior,51380.073000000004,0.5295680226967634,1,15793693
632,0,29,7,80922.75,1,1,0,7820.78,0,False,True,Young,86397.296,0.39681406554074633,0,15581252
632,1,40,3,193354.86,2,1,0,149188.41,0,False,False,Middle,238111.38299999997,0.5249900544690655,1,15797760
832,0,40,9,107648.94,2,1,1,134638.97,0,True,False,Middle,228824.013,0.5219247583650473,1,15790564
598,0,46,7,131769.04,1,0,0,184980.23,1,True,False,Senior,261255.20100000003,0.8677470841528344,1,15593736
430,1,36,1,138992.48,2,0,0,122373.42,0,True,False,Middle,151229.82200000001,0.64980304760427,1,15595937
711,0,37,8,113899.92,1,0,0,80215.2,0,False,False,Middle,178072.08000000002,0.5476784195317608,1,15815628
582,1,26,6,114450.32,1,1,1,14081.64,0,True,False,Young,122899.304,0.21562124503389948,0,15782802
605,1,39,3,0.0,2,1,0,199390.45,0,False,False,Middle,59817.13500000001,0.3794080239686101,0,15627412
657,0,37,2,0.0,2,1,1,7667.48,0,False,False,Middle,1533.496,0.26853009128245703,0,15734609
578,1,40,6,63609.92,1,0,0,74965.61,1,False,True,Middle,108589.28600000001,0.49333476877424287,0,15710689
532,1,38,9,0.0,2,0,0,30583.95,0,False,False,Middle,27525.555,0.34732629919085806,0,15565806
612,0,42,10,75497.51,1,0,0,149682.78,0,False,False,Middle,225180.28999999998,0.6454471017400932,1,15815530
792,0,42,2,0.0,2,1,0,92664.09,0,False,False,Middle,18532.818,0.5444673836537792,1,15632272
674,0,26,10,0.0,2,1,1,138423.1,0,False,False,Young,138423.1,0.12484350842557661,0,15684103
680,1,31,1,0.0,2,1,1,3148.2,0,False,False,Middle,314.82,0.11944482766518356,0,15654519
593,0,39,0,117704.73,1,1,0,197933.5,0,False,False,Middle,117704.73,0.6143436618030078,1,15767722
679,1,35,1,130463.55,2,1,1,37341.17,0,True,False,Middle,134197.66700000002,0.3602383650124786,0,15654346
493,1,32,8,46161.18,1,1,1,79577.4,0,False,True,Middle,109823.1,0.1658061982097049,0,15660147
688,1,42,5,0.0,2,0,0,197602.29,0,False,True,Middle,98801.14500000002,0.4594825497430184,0,15814998
769,1,43,4,110182.54,2,1,1,87537.32,0,True,False,Middle,145197.468,0.4624139538372951,0,15802207
581,1,49,10,0.0,2,0,0,41623.59,0,False,True,Senior,41623.59,0.5694076148526636,1,15658668
465,1,41,9,117221.15,1,1,0,168280.95,0,False,False,Middle,268674.005,0.5450201813601547,1,15715079
641,0,35,4,0.0,2,0,0,125986.18,0,False,False,Middle,50394.472,0.43971771025247,0,15570360
731,0,43,9,79120.27,1,0,0,548.52,1,True,False,Middle,79613.93800000001,0.7704382708022717,1,15674678
625,1,37,1,177069.24,2,1,1,96088.54,0,False,False,Middle,186678.09399999998,0.2584157439853394,0,15780925
468,1,36,3,61636.97,1,0,0,107787.42,0,False,False,Middle,93973.196,0.4211031203955282,0,15688193
790,1,26,5,0.0,1,1,0,20510.79,0,False,False,Young,10255.395000000002,0.17089094643489017,0,15778219
587,0,37,6,104414.03,1,1,0,192026.02,0,True,False,Middle,219629.642,0.7472918803705403,1,15696514
692,1,66,4,159732.02,1,1,1,118188.15,0,False,False,Elder,207007.28,0.7574243510463153,1,15712303
676,0,34,4,89437.03,1,1,1,189540.95,0,True,False,Middle,165253.41,0.4554161363773072,0,15719090
571,1,41,8,0.0,1,1,1,63736.17,0,False,False,Middle,50988.936,0.22626211373562113,0,15735632
700,0,32,3,0.0,1,0,0,95740.37,0,False,False,Middle,28722.111,0.39837966925398527,0,15619436
445,0,30,3,0.0,2,1,1,127939.19,0,False,False,Young,38381.757000000005,0.19302683403037177,0,15722404
746,1,36,7,142400.77,1,1,1,193438.69,0,False,False,Middle,277807.853,0.22481883228479746,0,15662063
722,0,47,2,88011.4,1,1,1,90655.94,1,False,False,Senior,106142.58799999999,0.5082992148136375,1,15745605
596,1,36,2,0.0,2,1,1,12067.39,0,False,False,Middle,2413.478,0.169841442838664,0,15636658
850,0,30,8,154870.28,1,1,1,54191.38,0,True,False,Young,198223.384,0.36809610032291723,0,15784130
597,0,46,4,0.0,2,1,0,58667.16,1,False,True,Senior,23466.864,0.6691215476758916,1,15606755
436,1,43,5,0.0,2,1,1,35687.43,0,False,True,Middle,17843.715,0.28767937954171924,0,15801699
660,1,28,1,118402.25,2,1,0,14288.93,0,True,False,Young,119831.143,0.4487158544587678,0,15784097
649,1,37,9,87374.88,2,1,1,247.36,0,False,False,Middle,87597.504,0.17662960919902054,0,15764654
646,1,32,8,105397.8,1,1,0,78111.84,1,True,False,Middle,167887.272,0.5034155058238196,1,15612092
560,0,31,5,125341.69,1,1,0,79547.39,0,False,True,Middle,165115.385,0.498991737613503,0,15610903
710,1,49,10,129164.88,1,1,1,193266.72,0,True,False,Senior,322431.6,0.6322586719275909,1,15705777
513,1,40,3,141004.46,1,1,0,105028.46,0,False,False,Middle,172512.998,0.5347927447144171,1,15661936
607,0,21,0,0.0,2,1,0,116106.52,0,False,False,Young,0.0,0.21534943667454312,0,15700864
757,1,57,3,89079.41,1,1,1,53179.21,1,False,False,Senior,105033.17300000001,0.5545649088851181,1,15722965
619,1,40,9,103604.31,2,0,0,140947.05,0,True,False,Middle,230456.655,0.6547696742196035,1,15737521
612,1,24,1,182705.05,1,1,1,171837.06,0,False,False,Young,199888.756,0.12183992345347698,0,15814465
842,1,29,8,0.0,2,1,1,123437.05,0,False,False,Young,98749.64000000001,0.08395855146155347,0,15580988
713,1,33,6,94598.48,1,0,0,197519.66,1,False,False,Middle,213110.276,0.3482913426224483,0,15789974
657,1,36,8,188241.05,2,0,0,183058.51,1,False,True,Middle,334687.858,0.47946097329396903,0,15713370
770,0,37,9,0.0,2,0,0,22710.72,0,False,False,Middle,20439.648,0.41618247139685705,0,15748673
773,0,40,10,0.0,2,0,1,69303.15,0,False,False,Middle,69303.15000000001,0.2701693711569267,0,15754919
470,1,39,5,117469.91,2,0,0,63705.9,0,True,False,Middle,149322.86000000002,0.6695975358596871,1,15641662
781,1,35,4,80790.74,1,1,0,116429.51,0,False,True,Middle,127362.54400000001,0.37609127829363,0,15813422
428,0,62,1,107735.93,1,0,1,58381.77,0,False,False,Elder,113574.10699999999,0.8211243885165335,1,15713596
600,1,43,8,133379.41,1,1,0,177378.66,1,True,False,Middle,275282.338,0.7431746278786893,1,15791216
697,0,37,7,168066.87,1,1,0,35450.53,0,False,True,Middle,192882.24099999998,0.6010559096485756,1,15689031
692,0,43,2,69014.49,2,0,0,164621.43,0,True,False,Middle,101938.77600000001,0.7868086034567566,1,15763704
791,1,28,4,0.0,1,1,0,174435.48,0,False,False,Young,69774.19200000001,0.20124996914112583,0,15631339
538,0,42,1,98548.62,2,0,1,94047.75,0,True,False,Middle,107953.39499999999,0.6316552001929837,1,15771509
820,0,49,1,0.0,2,1,1,119087.25,0,False,False,Senior,11908.725,0.4461441020466423,0,15769586
679,0,26,3,76554.06,1,1,1,184800.27,0,False,True,Young,131994.141,0.18251370660080898,0,15656096
649,0,36,2,0.0,2,0,1,75035.48,0,False,False,Middle,15007.096,0.25803012306955203,0,15585280
632,0,27,3,107375.82,1,1,1,62703.38,0,False,False,Young,126186.834,0.19717815093897909,0,15743582
594,1,40,9,122417.17,2,0,1,190882.69,0,False,False,Middle,294211.591,0.2841369112570472,0,15761692
682,0,42,0,0.0,1,0,1,91981.85,1,False,False,Middle,0.0,0.3778717154193727,0,15627840
720,1,33,6,97188.62,1,0,0,91881.29,0,False,True,Middle,152317.394,0.36159995638762504,0,15778861
769,1,31,4,61297.05,2,1,1,7118.02,0,False,False,Middle,64144.258,0.12002265984964677,0,15770554
746,1,30,1,112666.67,1,0,0,11710.4,1,False,True,Young,113837.70999999999,0.3404328183043541,0,15806956
623,0,40,7,0.0,1,1,1,25904.12,0,False,True,Middle,18132.884000000002,0.33412931606807783,0,15701908
537,1,28,3,157842.07,1,1,0,86911.49,0,False,False,Young,183915.51700000002,0.31958765327058325,0,15736990
468,1,46,7,91443.75,1,1,0,10958.18,0,False,False,Senior,99114.476,0.5941432339662773,1,15743714
588,0,30,0,110148.49,1,1,0,5790.9,1,True,False,Young,110148.49,0.6587915399807814,1,15807993
729,0,34,9,53299.96,2,1,1,42855.97,0,False,True,Middle,91870.333,0.22902181785359987,0,15644686
543,1,37,3,0.0,2,1,1,78915.68,0,False,True,Middle,23674.703999999998,0.19820680476844824,0,15677377
499,1,39,6,0.0,2,1,1,81409.0,0,False,True,Middle,48845.4,0.22034648711523228,0,15626412
784,1,28,2,70233.74,2,1,1,179252.73,0,True,False,Young,106084.28600000001,0.19443527050861167,0,15643679
604,1,33,3,0.0,1,1,0,42171.13,1,False,False,Middle,12651.339,0.2998902045275746,0,15728456
614,0,25,10,75212.28,1,1,0,58965.04,0,False,True,Young,134177.32,0.3189170653224313,0,15630661
671,0,31,7,41299.03,1,0,1,102681.32,0,False,False,Middle,113175.954,0.2100662793627709,0,15734044
587,0,35,3,83286.56,1,1,0,125553.52,0,False,True,Middle,120952.61600000001,0.5501081881426875,1,15705001
593,1,43,10,0.0,2,0,0,53478.02,0,False,True,Middle,53478.02,0.45601235893614933,0,15809817
453,1,29,6,0.0,1,0,0,198376.02,1,False,False,Young,119025.612,0.26778185039494523,0,15809137
570,1,35,6,85668.59,1,1,0,105525.36,0,True,False,Middle,148983.806,0.5734517810089483,1,15751593
655,0,45,7,57327.04,1,0,1,47349.0,0,False,False,Middle,90471.34,0.4430393274292603,0,15626491
632,1,47,3,0.0,2,1,0,178822.32,0,False,True,Senior,53646.695999999996,0.5541471305915169,1,15765461
681,0,37,7,69609.85,1,1,1,72127.83,0,False,False,Middle,120099.331,0.2995603267445174,0,15568120
591,1,46,4,129269.27,1,1,0,163504.33,0,True,False,Senior,194671.002,0.782516963037176,1,15787161
779,1,27,1,0.0,2,1,1,190623.02,0,False,False,Young,19062.302,0.07813316553437695,0,15812324
456,0,63,1,165350.61,2,0,0,140758.07,1,False,False,Elder,179426.417,0.925710828313207,1,15588944
686,0,41,7,152105.57,2,0,1,132374.41,0,False,False,Middle,244767.657,0.41768602437157315,0,15694253
617,1,74,10,0.0,2,1,1,53949.98,0,False,False,Elder,53949.98000000001,0.7566313095711651,1,15759566
850,0,32,5,106290.64,1,1,0,121982.73,0,False,False,Middle,167282.005,0.4289645594663754,0,15675675
646,0,30,10,100548.67,2,0,0,136983.77,0,True,False,Young,237532.44,0.5940606117887629,1,15802060
735,1,46,2,106344.95,1,1,0,114371.33,1,True,False,Senior,129219.216,0.7556779321654732,1,15660505
543,1,35,5,137482.19,1,0,0,62389.35,0,False,False,Middle,168676.865,0.43044106398812454,0,15782630
490,0,37,3,116465.53,1,0,1,24435.77,0,False,False,Middle,123796.261,0.38560581864845317,0,15700710
640,1,45,1,0.0,1,1,1,10908.33,0,False,False,Middle,1090.833,0.3100893424883853,0,15742834
445,1,45,10,0.0,2,0,1,90977.48,0,False,True,Middle,90977.48,0.3137912177687831,0,15806511
761,1,36,9,127637.92,1,1,1,81062.93,0,False,False,Middle,200594.55699999997,0.19716759510737364,0,15608166
426,0,34,3,0.0,2,1,1,61230.83,0,False,False,Middle,18369.249,0.24923104787349604,0,15614230
777,1,37,1,0.0,1,1,1,126837.72,0,False,False,Middle,12683.772,0.17199788354799908,0,15729958
534,1,35,2,81951.74,2,1,0,115668.53,0,False,False,Middle,105085.44600000001,0.37591987261186144,0,15800814
777,0,42,5,147531.82,1,1,1,38819.45,0,False,False,Middle,166941.545,0.4275865997508685,0,15674727
806,1,18,3,0.0,2,1,1,86994.54,0,False,True,Young,26098.362,0.045056958263485325,0,15657779
790,0,33,10,135120.72,1,0,0,195204.99,0,False,False,Middle,330325.70999999996,0.4998583472871555,0,15801395
643,0,32,2,0.0,1,0,0,131301.74,0,False,True,Middle,26260.347999999998,0.43631906343457727,0,15757911
584,0,37,8,0.0,2,0,1,100835.19,0,False,True,Middle,80668.152,0.2870639524015397,0,15665340
638,0,34,7,0.0,2,1,1,198969.78,0,False,False,Middle,139278.846,0.22387005454478204,0,15787151
771,1,18,1,0.0,2,0,0,41542.95,0,False,True,Young,4154.295,0.11697419074841314,0,15757821
600,0,39,5,0.0,2,0,0,118272.07,0,False,False,Middle,59136.03500000001,0.5212225059865293,1,15600688
661,0,41,5,28082.95,1,1,0,69586.27,1,False,True,Middle,62876.08500000001,0.6044670131660185,1,15594878
554,0,43,10,0.0,2,1,0,149629.13,1,False,False,Middle,149629.13,0.5942742627512644,1,15569248
627,1,49,4,111087.5,1,0,1,146680.25,0,False,True,Senior,169759.6,0.4728180037464392,0,15812706
659,0,38,9,0.0,2,1,1,132809.18,0,False,False,Middle,119528.26199999999,0.2667124407282175,0,15645045
835,1,35,6,127120.07,1,1,0,28707.69,0,False,False,Middle,144344.684,0.35562602495309037,0,15766746
763,0,35,7,115651.6,2,1,1,104706.29,0,False,False,Middle,188946.003,0.26764488305387385,0,15700383
625,1,31,4,77743.01,2,1,0,75335.68,0,True,False,Middle,107877.28199999999,0.4636443097042916,0,15632551
799,0,30,9,0.0,2,1,0,136827.96,0,False,False,Young,123145.16399999999,0.3081857058505302,0,15795129
849,1,69,7,71996.09,1,1,1,139065.94,0,False,False,Elder,169342.24800000002,0.7311695838078947,1,15650545
692,1,28,5,61581.97,1,1,1,70179.91,0,False,False,Young,96671.92500000002,0.11045260975433988,0,15612769
623,0,24,5,0.0,2,1,0,116160.04,0,False,False,Young,58080.02,0.24503282735071313,0,15710853
453,0,42,5,0.0,3,1,0,83008.49,1,False,True,Middle,41504.245,0.5969115105805102,1,15623712
408,0,84,8,87873.39,1,0,0,188484.52,1,False,False,Elder,238661.006,0.983082929776479,1,15653251
778,0,37,0,105617.73,2,1,1,133699.82,1,True,False,Middle,105617.73,0.4877813280581141,0,15755077
695,0,42,5,0.0,1,0,1,72172.13,1,False,False,Middle,36086.065,0.3565562631415901,0,15808557
677,0,44,4,148770.61,2,1,1,191057.76,0,True,False,Middle,225193.71399999998,0.6595693539398778,1,15614687
662,1,37,5,94901.09,1,1,1,48233.75,0,False,True,Middle,119017.965,0.23586432311237124,0,15626882
534,1,29,7,174851.9,1,1,1,79178.31,0,False,False,Young,230276.717,0.16566356641718488,0,15748034
602,1,59,7,0.0,2,1,1,162347.05,0,False,False,Senior,113642.935,0.5334777885292337,1,15632324
554,0,43,2,120847.11,1,1,0,7611.61,1,True,False,Middle,122369.432,0.8387688557053483,1,15761023
667,1,42,6,0.0,1,1,0,88890.05,0,False,False,Middle,53334.030000000006,0.43763755218630723,0,15761453
672,1,43,5,0.0,1,0,0,63833.09,0,False,False,Middle,31916.545,0.4667650527932705,0,15646726
838,0,67,4,103267.8,1,1,1,78310.04,0,False,True,Elder,134591.816,0.8336084596056104,1,15637169
692,0,34,4,109699.08,1,1,1,37898.91,0,False,True,Middle,124858.644,0.3068728452715661,0,15636024
675,1,49,8,135133.39,1,0,1,179521.24,1,False,False,Senior,278750.382,0.4562633084678026,0,15801218
731,1,33,1,0.0,1,1,0,130726.96,0,False,True,Middle,13072.696000000002,0.3054151723247155,0,15642655
468,0,32,8,137649.47,1,0,0,198714.29,0,False,False,Middle,296620.902,0.5386285982805282,1,15690130
542,1,43,6,113567.94,1,1,0,89543.25,0,False,True,Middle,167293.89,0.5839670865762476,1,15653753
662,0,35,6,0.0,2,0,0,2423.9,1,False,True,Middle,1454.3400000000001,0.443361250109195,0,15641359
770,1,37,5,141547.26,2,0,1,180326.83,0,True,False,Middle,231710.675,0.3825619633695049,0,15776827
675,0,61,5,62055.17,3,1,0,166305.16,1,False,False,Elder,145207.75,0.8560918462710764,1,15647725
647,1,51,4,131156.76,1,1,0,29883.63,0,True,False,Senior,143110.212,0.834119386201012,1,15648455
604,1,31,6,134837.58,1,1,0,192029.19,0,False,False,Middle,250055.094,0.3473875952875383,0,15580629
833,0,39,3,0.0,2,1,0,1710.89,0,False,False,Middle,513.267,0.4774613202835749,0,15730161
741,1,40,4,104784.23,1,1,0,135163.76,1,False,True,Middle,158849.734,0.4940851046765761,0,15626612
658,1,36,1,0.0,2,0,1,84927.42,0,False,True,Middle,8492.742,0.18408046174926224,0,15662865
528,0,36,1,156948.41,1,1,1,149912.28,1,False,False,Middle,171939.638,0.3778682498441618,0,15629094
590,0,60,6,147751.75,1,1,0,88206.04,1,False,False,Senior,200675.374,0.8955204215246081,1,15651823
675,1,34,1,124619.33,2,0,1,163667.56,0,False,False,Middle,140986.086,0.18817064854830495,0,15594827
765,1,41,4,124182.21,1,0,0,100153.43,0,False,False,Middle,164243.582,0.5027499225974303,1,15786392
650,0,64,7,142028.36,1,1,0,32275.09,1,False,False,Elder,164620.92299999998,0.9122874422936451,1,15727353
817,1,44,8,0.0,1,0,0,65501.91,1,False,False,Middle,52401.528000000006,0.4447517098142364,0,15733777
699,0,31,10,125837.86,2,1,0,189392.66,0,True,False,Middle,315230.52,0.6274750010291664,1,15614302
495,0,34,9,117160.32,1,1,1,116069.24,1,True,False,Middle,221622.636,0.4918906035380401,0,15723263
491,0,61,8,0.0,2,0,1,139861.53,0,False,True,Elder,111889.224,0.7396182580306208,1,15687270
847,1,51,5,97565.74,1,0,0,144184.06,1,False,False,Senior,169657.77000000002,0.6570301457172886,1,15803121
676,0,30,5,0.0,2,0,1,157888.5,0,False,True,Young,78944.25,0.1888168141500531,0,15598700
746,0,25,3,104833.79,1,0,0,71911.3,0,False,True,Young,126407.18,0.35769757895824966,0,15741875
470,0,31,2,101675.22,2,1,0,45033.75,0,False,True,Middle,110681.97,0.4914582758953044,0,15631709
714,1,20,3,0.0,2,0,1,150465.93,0,False,True,Young,45139.779,0.05721637254659239,0,15672970
695,0,50,8,0.0,1,1,0,126381.6,1,False,False,Senior,101105.28000000001,0.7107199949156829,1,15761670
674,1,46,2,174701.05,1,1,0,90189.72,1,False,False,Senior,192738.99399999998,0.644468834240471,1,15706005
664,1,36,6,71142.77,2,1,0,122433.09,0,True,False,Middle,144602.624,0.5450575963437668,1,15790336
697,1,31,3,108805.42,2,0,1,123825.83,0,True,False,Middle,145953.169,0.2732081755041057,0,15754267
670,1,68,4,0.0,2,1,1,11426.7,0,False,False,Elder,4570.68,0.6824507053239279,1,15791988
541,0,32,4,0.0,1,1,1,114951.42,0,False,False,Middle,45980.568,0.22061184752898266,0,15683375
640,0,66,9,116037.76,1,0,1,184636.05,0,False,False,Elder,282210.205,0.8411553478278481,1,15625151
647,1,28,8,0.0,2,1,1,91055.27,0,False,False,Young,72844.216,0.08664690116993684,0,15635285
757,1,23,2,80673.96,2,1,0,93991.65,0,False,False,Young,99472.29000000001,0.169235406821676,0,15574296
704,0,39,1,124640.51,1,1,0,116511.12,1,True,False,Middle,136291.622,0.7724361794793064,1,15711618
778,1,31,9,182275.23,2,1,0,190631.23,0,True,False,Middle,353843.33700000006,0.5164431503948733,1,15670943
639,0,41,5,98635.77,1,1,0,199970.74,0,True,False,Middle,198621.14,0.7919980417603295,1,15634359
637,1,33,5,0.0,2,1,0,139947.17,0,False,False,Middle,69973.585,0.2720344445659277,0,15586629
686,1,35,4,0.0,1,1,0,8816.37,0,False,False,Middle,3526.5480000000007,0.3139022070345399,0,15588461
577,1,43,8,79757.21,1,1,0,135650.72,1,False,True,Middle,188277.78600000002,0.5576584590134004,1,15773221
506,1,28,8,53053.76,1,0,1,24577.34,0,True,False,Young,72715.63200000001,0.21990143839448745,0,15664227
757,1,28,7,120911.75,2,1,1,131249.46,0,False,False,Young,212786.372,0.11313063243715947,0,15741745
826,1,55,4,115285.85,1,1,0,140126.17,0,False,False,Senior,171336.31800000003,0.7291915644312033,1,15652626
721,1,41,2,0.0,2,1,0,168219.75,0,False,False,Middle,33643.950000000004,0.3967210288091489,0,15599410
489,1,40,3,221532.8,1,1,0,171867.08,0,False,True,Middle,273092.924,0.6183428765530328,1,15571958
446,0,51,4,105056.13,1,0,0,70613.52,0,False,False,Senior,133301.538,0.8186987239853581,1,15785406
677,1,37,3,88363.03,1,0,1,117946.3,0,False,False,Middle,123746.92000000001,0.22505755715560077,0,15687884
769,1,29,2,123757.52,2,1,0,84872.66,0,False,False,Young,140732.052,0.26574872811519745,0,15621685
677,1,56,5,123959.97,1,1,1,60590.72,1,False,True,Senior,154255.33000000002,0.58963300235446,1,15628886
555,0,62,10,114822.64,1,0,1,8444.5,0,True,False,Elder,123267.14,0.8767145877305167,1,15699325
652,0,37,9,145219.3,1,1,0,159132.83,0,True,False,Middle,288438.84699999995,0.7552174031249658,1,15578369
722,0,32,5,106807.64,1,1,1,76998.69,0,True,False,Middle,145306.985,0.41339393520868856,0,15654156
643,1,36,0,148159.71,1,0,0,55835.66,0,False,False,Middle,148159.71,0.4660508912190534,0,15707199
796,0,40,1,99745.95,1,1,0,177524.19,0,True,False,Middle,117498.369,0.7567644388105892,1,15671630
720,0,37,8,156282.79,1,1,0,45985.52,0,True,False,Middle,193071.206,0.7323148913660802,1,15632079
613,1,41,7,0.0,2,1,0,60297.72,0,False,False,Middle,42208.40400000001,0.39694967655619434,0,15767921
506,0,57,6,0.0,2,0,1,194421.12,1,False,False,Senior,116652.672,0.6578414915428669,1,15573599
608,1,50,6,0.0,1,1,0,93568.77,1,False,False,Senior,56141.262,0.6013920900954006,1,15747208
667,1,77,2,0.0,1,1,1,34702.92,0,False,True,Elder,6940.584,0.8482310741078071,1,15582762
750,0,47,7,121376.15,2,1,0,54473.6,1,False,False,Senior,159507.66999999998,0.6952077176654519,1,15772528
610,1,33,4,111582.11,1,0,0,113943.17,0,False,False,Middle,157159.378,0.37128349614997297,0,15755798
588,0,34,10,129417.82,1,1,0,153727.32,0,True,False,Middle,283145.14,0.7087506957081526,1,15788683
479,0,26,1,0.0,2,1,1,19116.97,0,False,False,Young,1911.6970000000001,0.15511244872331645,0,15616922
682,1,37,5,0.0,2,0,1,112554.68,0,False,False,Middle,56277.34,0.1683454654084012,0,15771855
677,0,36,7,0.0,1,1,0,47318.75,0,False,False,Middle,33123.125,0.44627697288622536,0,15601873
850,1,40,6,94607.08,1,1,0,36690.49,0,True,False,Middle,116621.37400000001,0.6149150347489398,1,15657868
580,0,56,1,131368.3,1,1,0,106918.67,1,False,False,Senior,142060.167,0.8668172674405953,1,15711716
746,0,21,8,166883.07,2,0,1,194563.65,0,False,False,Young,322533.99,0.13848693620102762,0,15734246
635,0,37,3,0.0,2,1,0,91086.73,0,False,True,Middle,27326.019,0.5004600806189841,1,15792151
664,1,25,6,172812.72,2,1,1,108008.65,0,True,False,Young,237617.91,0.2120506357530535,0,15770159
558,0,36,0,126606.63,2,1,1,172363.52,0,True,False,Middle,126606.63,0.516115300888279,1,15747649
415,1,46,9,134950.19,3,0,0,178587.36,1,False,False,Senior,295678.814,0.6253361547836777,1,15639357
798,0,60,6,96956.1,1,1,0,31907.44,1,False,False,Senior,116100.56400000001,0.8617153253053018,1,15738907
792,0,29,4,107601.79,1,1,0,18922.18,1,True,False,Young,115170.662,0.5740032577235279,1,15663446
489,0,46,8,92060.06,1,1,0,147222.95,1,True,False,Senior,209838.42,0.8561659801387907,1,15750867
730,1,33,0,0.0,2,1,0,1474.79,0,False,False,Middle,0.0,0.283109534165175,0,15715939
773,1,41,4,0.0,2,1,1,24924.92,0,False,False,Middle,9969.968,0.19940369252695067,0,15763806
711,1,36,9,137688.71,1,1,1,46884.1,0,False,False,Middle,179884.4,0.20127813106317063,0,15637993
592,1,55,8,85845.43,2,1,1,128918.42,0,False,True,Senior,188980.166,0.5366990271200011,1,15720338
695,1,27,6,125552.96,1,1,0,105291.26,0,True,False,Young,188727.71600000001,0.42503171424858327,0,15627162
640,0,33,1,167298.42,1,0,1,145381.65,0,False,False,Middle,181836.58500000002,0.3220755877369659,0,15596710
470,1,31,4,55732.92,2,1,1,103792.53,0,False,True,Middle,97249.932,0.15849581291442183,0,15781678
789,0,37,6,110689.07,1,1,1,71121.04,1,True,False,Middle,153361.69400000002,0.49414026419878593,0,15634968
604,0,39,7,98544.11,1,1,1,52327.57,0,False,True,Middle,135173.40899999999,0.38608873202463334,0,15609475
493,0,35,8,178317.6,1,0,0,197428.64,0,True,False,Middle,336260.512,0.7775128160400013,1,15573319
671,0,48,8,115713.84,2,0,0,83210.84,0,False,False,Senior,182282.512,0.7277128198570042,1,15738291
656,1,46,9,143267.14,2,0,0,193099.43,0,False,False,Senior,317056.627,0.6153759079372222,1,15782456
739,1,19,5,89750.21,1,1,0,193008.52,0,False,True,Young,186254.47000000003,0.15825549324537758,0,15794841
560,0,26,3,116576.45,1,1,0,157567.37,0,False,True,Young,163846.661,0.4049858692659733,0,15684696
827,0,47,8,143001.5,2,1,0,108977.5,0,True,False,Senior,230183.5,0.835894061383959,1,15629846
681,1,23,7,157761.56,1,0,0,147759.84,0,False,False,Young,261193.448,0.22600569457415726,0,15674442
740,0,37,5,0.0,2,1,1,27528.4,0,False,False,Middle,13764.2,0.24014094134232253,0,15571689
663,1,31,4,103430.11,2,0,1,36479.27,0,False,True,Middle,118021.818,0.16111833115022742,0,15730469
845,0,52,0,0.0,1,1,0,31726.76,1,False,True,Senior,0.0,0.7660846773405113,1,15809320
555,1,27,5,0.0,2,0,0,96398.51,0,False,True,Young,48199.255000000005,0.22186978929692666,0,15684367
680,0,48,8,115115.38,1,1,0,139558.6,1,True,False,Senior,226762.26,0.8648372865084007,1,15793049
638,0,39,0,122501.28,2,1,1,95007.8,0,True,False,Middle,122501.28,0.5693708664508742,1,15603665
640,1,62,3,0.0,1,1,1,101663.47,0,False,True,Elder,30499.041000000005,0.6344669630915234,1,15613623
778,1,42,6,0.0,2,1,1,106197.44,0,False,False,Middle,63718.46400000001,0.20884979184396532,0,15569572
679,1,45,3,146758.24,1,1,0,48466.89,0,False,False,Middle,161298.307,0.6047550215293404,1,15698791
593,0,32,3,0.0,2,1,1,151978.36,0,False,False,Middle,45593.508,0.2001548031130671,0,15626233
788,1,55,3,0.0,1,0,1,13288.46,1,False,False,Senior,3986.538,0.45949379611290353,0,15607263
770,0,70,9,110738.89,1,1,0,22666.77,1,False,False,Elder,131138.983,0.9287091647854784,1,15610900
729,1,67,2,94203.8,1,0,1,102391.06,0,False,False,Elder,114682.012,0.7445691752681847,1,15624775
545,1,47,8,105792.49,1,0,1,67830.2,1,False,False,Senior,160056.65000000002,0.3970126419919822,0,15691703
597,1,41,4,153198.23,1,1,1,92090.36,0,False,False,Middle,190034.374,0.3226815468447137,0,15745355
537,1,38,3,0.0,2,0,0,141023.01,0,False,False,Middle,42306.903000000006,0.38250188848198735,0,15724955
732,1,79,10,61811.23,1,1,1,104222.8,0,False,False,Elder,166034.03,0.8538655802982127,1,15628999
542,1,34,8,101116.06,1,1,0,196395.05,0,False,False,Middle,258232.1,0.39330196085414154,0,15654341
688,0,46,0,74458.25,1,0,1,6866.31,0,True,False,Senior,74458.25,0.6985549367247024,1,15744240
542,1,33,8,142871.27,2,0,0,77737.86,0,True,False,Middle,205061.558,0.5526790608514652,1,15632365
754,1,35,6,98585.94,2,0,1,106116.84,0,True,False,Middle,162256.044,0.3154036896287352,0,15729689
750,0,37,6,0.0,1,1,1,117948.0,1,False,False,Middle,70768.8,0.2596998620785152,0,15759284
731,1,30,7,0.0,2,1,1,184581.68,0,False,False,Young,129207.176,0.10158604365077066,0,15602124
699,0,43,3,80764.03,1,1,0,199378.58,1,False,False,Middle,140577.604,0.648744098902053,1,15661903
534,0,42,9,144801.97,1,0,1,12483.39,1,False,False,Middle,156037.021,0.44531088279833686,0,15664668
494,1,27,2,0.0,2,1,0,22404.64,0,False,True,Young,4480.928,0.23452124770223906,0,15736431
497,1,35,7,110053.62,2,1,1,92887.06,0,True,False,Middle,175074.56199999998,0.3507907570664215,0,15748639
632,0,28,5,118890.81,1,0,1,145157.97,0,False,False,Young,191469.79499999998,0.21835989069233672,0,15628123
724,1,31,5,0.0,1,1,0,134889.95,1,False,False,Middle,67444.975,0.24788216093694787,0,15602731
751,0,37,0,151218.98,1,1,1,109309.29,0,True,False,Middle,151218.98,0.5511934626490246,1,15794137
733,1,42,9,150507.21,1,0,1,169964.12,0,False,False,Middle,303474.918,0.3266400173992162,0,15748696
701,0,21,9,0.0,2,1,1,26327.42,0,False,True,Young,23694.678,0.08622313582068142,0,15725068
525,1,33,4,131023.76,2,0,0,55072.93,0,True,False,Middle,153052.932,0.5648564793152383,1,15807340
666,0,44,2,122314.5,1,0,0,68574.88,1,True,False,Middle,136029.476,0.8413328316083692,1,15586133
653,1,29,2,0.0,2,1,1,41671.81,0,False,False,Young,8334.362,0.10191225699329824,0,15576185
850,1,28,4,0.0,2,1,1,12409.01,0,False,False,Young,4963.604,0.07946052317170398,0,15660809
646,0,52,6,111739.4,2,0,1,68367.18,0,True,False,Senior,152759.70799999998,0.76517311295451,1,15616666
750,1,43,6,113882.31,1,1,1,74564.41,0,False,False,Middle,158620.956,0.30043714479014455,0,15706904
764,1,24,7,98148.61,1,1,0,26843.76,0,False,False,Young,116939.242,0.18244055051961203,0,15606915
658,0,32,9,0.0,2,1,0,156774.75,0,False,False,Middle,141097.275,0.37047510431767305,0,15749693
727,1,32,1,59271.82,1,1,1,46019.43,0,False,False,Middle,63873.763,0.15193959003560603,0,15791743
687,0,31,2,0.0,2,0,1,145411.39,0,False,False,Middle,29082.278000000006,0.18404880690991113,0,15796480
631,1,33,2,0.0,2,1,1,158268.84,0,False,True,Middle,31653.768,0.14501586892034038,0,15790442
797,1,30,10,69413.44,1,1,1,74637.57,0,False,False,Young,144051.01,0.11121832444252598,0,15609458
650,1,25,7,160599.06,2,1,1,28391.52,0,False,True,Young,180473.124,0.11233001648422163,0,15593897
850,1,22,3,0.0,1,1,1,144385.54,0,False,True,Young,43315.662000000004,0.06364370166063688,0,15604576
676,0,40,2,147803.48,1,1,0,95181.06,1,False,False,Middle,166839.692,0.6470127284121711,1,15666270
620,1,44,8,0.0,2,1,1,15627.51,0,False,True,Middle,12502.008000000002,0.2572523887882339,0,15572626
576,0,52,9,170228.59,2,0,0,148477.57,1,False,False,Senior,303858.40300000005,0.82712118503737,1,15727197
482,0,35,2,133111.73,1,0,1,79957.95,0,False,False,Middle,149103.32,0.3645675219665459,0,15714006
695,0,39,5,0.0,2,0,0,102763.69,0,False,True,Middle,51381.845,0.5303921798221677,1,15642137
706,1,18,2,176139.5,2,1,0,129654.22,0,False,False,Young,202070.344,0.15604912808338664,0,15665327
668,0,32,2,0.0,2,1,1,40652.33,0,False,False,Middle,8130.466,0.1970347518264384,0,15626806
679,1,35,1,110245.13,1,1,1,178291.09,0,True,False,Middle,128074.239,0.35333251274795957,0,15662578
703,0,45,5,0.0,2,1,0,131906.44,0,False,False,Middle,65953.22,0.6085468409996861,1,15790829
670,1,67,6,158719.57,1,1,1,118607.4,0,False,True,Elder,229884.01,0.7890970140436434,1,15654959
590,0,76,5,160979.68,1,0,1,13848.58,0,False,False,Elder,167903.97,0.9262690029861675,1,15760244
613,1,35,4,123557.65,2,0,1,170903.4,0,False,True,Middle,191919.01,0.22540021881065464,0,15715394
742,0,60,4,0.0,1,1,1,13161.66,1,False,False,Senior,5264.664000000001,0.6769624713219947,1,15722246
608,0,33,4,0.0,1,1,0,79304.38,1,False,False,Middle,31721.752000000004,0.42040943611997456,0,15609704
571,1,40,10,112896.86,1,1,1,121402.53,0,False,False,Middle,234299.39,0.2762580170685519,0,15757628
595,0,39,7,120962.13,1,0,0,23305.01,0,False,False,Middle,137275.637,0.604873175322803,1,15633586
745,1,48,10,96048.55,1,1,0,74510.65,0,True,False,Senior,170559.2,0.7520429982913946,1,15565796
589,0,21,3,0.0,2,0,1,55601.44,0,False,False,Young,16680.432,0.10096729613316975,0,15717935
749,1,37,10,185063.7,2,1,1,134526.87,0,False,False,Middle,319590.57,0.23124801973103593,0,15577700
678,0,22,6,118064.93,2,1,1,195424.01,0,False,False,Young,235319.336,0.1322010749006245,0,15747345
603,1,46,2,0.0,2,1,1,59563.49,0,False,False,Senior,11912.698,0.30278772232974793,0,15678317
504,0,73,8,0.0,1,1,1,34595.58,0,False,False,Elder,27676.464000000004,0.8594217669853316,1,15698335
739,1,40,5,149131.03,3,1,1,60036.99,1,True,False,Middle,179149.525,0.4082098741473844,0,15768451
604,0,34,7,0.0,2,1,0,193021.49,0,False,False,Middle,135115.043,0.42400070380691424,0,15753213
612,0,35,3,0.0,1,1,1,48108.72,0,False,False,Middle,14432.616000000002,0.2561746127519572,0,15769645
629,0,44,6,125512.98,2,0,0,79082.76,0,False,True,Middle,172962.636,0.7055946820051096,1,15657565
652,0,42,3,83492.07,2,1,0,37914.12,0,False,True,Middle,94866.30600000001,0.6476077200427306,1,15620323
565,1,34,7,0.0,1,0,0,74593.84,0,False,False,Middle,52215.688,0.31352039562075545,0,15679983
707,0,49,10,0.0,1,1,0,82967.97,1,False,False,Senior,82967.97,0.6768752439279785,1,15812616
645,1,30,1,125739.26,1,1,1,193441.23,0,False,False,Young,145083.383,0.1540793542154057,0,15601796
762,0,34,8,98592.88,1,0,1,191790.29,1,True,False,Middle,252025.11200000002,0.4598621168788886,0,15729489
639,0,39,1,141789.15,1,1,0,92455.96,0,False,True,Middle,151034.74599999998,0.660473515972645,1,15613216
709,1,22,0,112949.71,1,0,0,155231.55,0,True,False,Young,112949.71,0.3419120821966087,0,15657937
823,1,34,3,105057.33,1,1,0,9217.92,0,False,False,Middle,107822.706,0.345633879964823,0,15815428
817,0,46,0,89087.89,1,0,1,87941.85,1,True,False,Senior,89087.89,0.6752576512278019,1,15640409
665,0,27,2,147435.96,1,0,0,187508.06,0,True,False,Young,184937.572,0.5970796096628367,1,15699492
646,1,39,0,154439.86,1,1,0,171519.06,0,True,False,Middle,154439.86,0.6831552903726756,1,15623536
568,1,30,8,73054.37,2,1,1,27012.0,0,False,False,Young,94663.97,0.119001083411036,0,15707551
850,0,62,1,124678.35,1,1,0,70916.0,1,False,False,Elder,131769.95,0.8946718652004152,1,15577999
473,1,40,8,152576.25,2,1,0,73073.68,0,True,False,Middle,211035.194,0.6872775399739949,1,15788775
731,0,41,9,152243.57,1,1,1,88783.59,0,False,False,Middle,232148.801,0.4084717520932248,0,15758362
619,1,25,4,0.0,1,1,0,145524.36,0,False,False,Young,58209.744,0.18411206552529163,0,15807961
715,1,42,2,88120.97,2,1,1,21333.22,0,True,False,Middle,92387.614,0.4505865336224566,0,15710978
772,0,51,9,143930.92,1,0,1,46675.51,1,True,False,Senior,185938.87900000002,0.7522327551151586,1,15703541
686,0,31,1,0.0,2,1,0,4802.25,0,False,False,Middle,480.225,0.36914912354840784,0,15626474
749,0,29,7,137059.05,3,1,0,102975.72,1,True,False,Young,209142.054,0.5484594260769815,1,15608344
781,0,27,7,186558.55,1,1,1,175071.29,1,False,False,Young,309108.453,0.21438397090885378,0,15768367
675,1,66,5,115654.47,2,1,1,131970.86,0,False,True,Elder,181639.9,0.7391575282021441,1,15806210
730,1,29,2,0.0,2,1,0,14174.09,0,False,True,Young,2834.818,0.231975649480942,0,15697702
683,1,38,3,126152.84,1,0,0,15378.75,0,False,True,Middle,130766.465,0.49385991916373445,0,15689152
554,0,51,7,105701.91,1,0,1,179797.79,1,True,False,Senior,231560.363,0.7869911494392882,1,15568573
722,1,46,6,0.0,1,1,1,93917.68,1,False,False,Senior,56350.608,0.28986666204922207,0,15689598
689,1,67,9,157094.78,1,1,1,99490.01,0,True,False,Elder,246635.789,0.8713153716374905,1,15713374
796,1,40,2,113228.38,2,1,1,46415.09,0,True,False,Middle,122511.398,0.41353934574691587,0,15679733
447,0,32,10,0.0,1,1,1,151815.76,0,False,False,Middle,151815.76,0.22976142739556898,0,15759274
498,1,37,8,108432.88,2,1,1,14865.05,0,True,False,Middle,120324.92000000001,0.36523243879096684,0,15607748
663,1,27,8,0.0,1,1,1,188007.99,0,False,True,Young,150406.392,0.10415002474943742,0,15607577
498,0,44,2,120702.67,2,1,1,98175.74,0,True,False,Middle,140337.818,0.6750492919629352,1,15813697
627,0,32,1,0.0,1,1,0,106851.7,0,False,False,Middle,10685.17,0.4080629456257136,0,15801125
649,1,45,7,0.0,2,0,1,75204.21,0,False,False,Middle,52642.947000000015,0.2678640688290901,0,15777855
738,0,29,9,139106.19,1,1,0,141872.05,1,True,False,Young,266791.03500000003,0.6014538463715532,1,15635396
587,0,39,6,101851.8,2,1,0,7103.71,0,True,False,Middle,106114.026,0.7394600654125613,1,15698031
655,0,32,6,130935.56,1,1,0,9241.83,1,True,False,Middle,136480.658,0.6520793687927341,1,15678944
647,1,37,3,116509.99,1,1,1,149517.71,1,True,False,Middle,161365.303,0.4004611880575852,0,15718507
776,0,37,1,93124.04,2,1,1,196079.32,0,True,False,Middle,112731.972,0.4703771892580464,0,15808334
688,1,35,5,111578.18,1,0,0,166165.93,1,True,False,Middle,194661.145,0.5864829325352081,1,15804709
605,1,32,9,0.0,2,1,1,55724.24,0,False,False,Middle,50151.816,0.11193797488453097,0,15645835
596,0,39,10,86546.29,1,0,1,131768.98,0,False,False,Middle,218315.27000000002,0.3704304242501993,0,15738166
427,1,33,8,0.0,1,1,1,13858.95,0,False,False,Middle,11087.160000000002,0.14334790050334273,0,15675360
629,1,39,2,129669.32,2,1,0,82774.07,0,False,False,Middle,146224.13400000002,0.46828602823388915,0,15793042
496,1,29,2,0.0,2,1,0,55389.59,0,False,True,Young,11077.918,0.26125157506391866,0,15630106
717,0,36,2,164557.95,1,0,1,82336.73,0,False,True,Middle,181025.296,0.3887566277804275,0,15810385
777,1,23,6,0.0,2,1,1,163225.48,0,False,False,Young,97935.28800000002,0.05913290867227939,0,15578211
535,1,35,8,118989.92,1,1,1,135536.72,0,False,True,Middle,227419.296,0.23796390958767322,0,15572792
744,1,29,1,0.0,1,0,0,82422.97,0,False,False,Young,8242.297,0.23316878319532056,0,15620030
755,1,31,5,0.0,2,0,1,194660.78,0,False,False,Middle,97330.39000000001,0.1103627319808314,0,15783541
593,0,45,6,79259.75,1,1,0,55347.28,0,False,True,Middle,112468.118,0.7099537684928118,1,15679284
514,1,38,4,112230.38,1,1,0,16717.11,1,False,False,Middle,118917.224,0.47069333908734995,0,15582910
721,1,40,9,118129.87,1,1,1,160277.65,0,False,False,Middle,262379.755,0.26801302589687304,0,15688337
835,1,38,7,86824.09,1,0,0,175905.97,0,False,True,Middle,209958.269,0.43787046328860146,0,15734970
682,0,64,10,128306.7,1,0,1,66040.83,0,False,False,Elder,194347.53,0.7963589336444302,1,15759140
590,0,40,2,117641.43,2,0,0,92198.05,0,True,False,Middle,136081.03999999998,0.7861827591817009,1,15643042
653,0,37,3,125734.2,2,1,0,134625.09,1,True,False,Middle,166121.727,0.7295713755497505,1,15773868
837,1,49,8,103302.37,1,1,1,50974.57,0,False,False,Senior,144082.026,0.36972416910443684,0,15615820
841,1,27,8,0.0,1,1,0,171922.72,0,False,False,Young,137538.176,0.1840236802410861,0,15730273
584,1,36,4,82696.09,2,0,0,83058.14,0,False,True,Middle,115919.34599999999,0.41529266959497646,0,15724890
769,1,29,4,145471.37,1,1,0,188382.77,0,False,False,Young,220824.478,0.29217945291437714,0,15765952
599,1,34,2,101506.66,1,0,0,198030.24,0,False,True,Middle,141112.708,0.4107473477112657,0,15685920
698,1,47,5,156265.31,2,0,0,1055.66,0,False,False,Senior,156793.13999999998,0.6159008937757489,1,15663263
477,1,27,1,128554.98,1,1,1,133173.19,0,False,False,Young,141872.299,0.14479620556250422,0,15568953
477,1,34,8,139959.55,2,1,1,189875.83,0,True,False,Middle,291860.214,0.37221383205980435,0,15643361
745,1,34,7,132944.53,1,1,1,31802.92,0,False,True,Middle,155206.574,0.19432898198274529,0,15699486
749,0,35,3,0.0,3,1,1,132649.85,0,False,False,Middle,39794.95500000001,0.2044941198735643,0,15747854
850,1,61,1,0.0,1,1,0,53067.83,1,False,False,Elder,5306.783,0.7646623415210196,1,15691785
528,1,22,5,93547.23,2,0,1,961.57,0,True,False,Young,94028.015,0.16131426449282799,0,15709004
750,1,33,2,152302.72,1,1,0,71333.44,0,False,False,Middle,166569.408,0.3731319278410968,0,15652218
543,0,31,2,147674.26,1,1,1,16658.76,0,False,False,Middle,151006.01200000002,0.29181435578749476,0,15697127
579,0,59,3,148021.12,1,1,1,74878.22,0,False,True,Senior,170484.586,0.789665493393528,1,15658486
624,1,37,0,0.0,2,0,0,112104.55,0,False,False,Middle,0.0,0.35824843478664264,0,15694160
595,1,46,5,142360.62,2,1,0,48421.4,1,True,False,Senior,166571.32,0.7654844506795131,1,15685290
596,0,27,2,151027.56,1,1,0,170320.58,0,True,False,Young,185091.676,0.6039040225993125,1,15701042
431,0,44,2,138843.7,1,1,0,37688.31,1,True,False,Middle,146381.36200000002,0.864842298759373,1,15680449
647,0,26,8,109958.15,1,1,1,136592.24,1,False,True,Young,219231.94199999998,0.19586714761591476,0,15599860
640,0,31,9,138857.59,1,1,0,48640.77,0,False,False,Middle,182634.283,0.44018882476345367,0,15723169
752,0,45,3,105426.5,2,0,1,89773.45,0,True,False,Middle,132358.535,0.6468926279505006,1,15803842
710,0,41,9,149155.53,2,1,0,42131.26,1,True,False,Middle,187073.664,0.7650770802625039,1,15728224
638,1,27,4,135096.05,1,1,1,186523.72,1,True,False,Young,209705.538,0.2466288849032367,0,15644174
660,1,28,2,170890.05,2,1,0,41758.9,0,True,False,Young,179241.83,0.4749410620914983,0,15707110
609,0,45,4,89122.3,1,1,1,199256.98,0,False,True,Middle,168825.092,0.5139579985070554,1,15765415
596,0,54,0,78126.28,1,1,1,153482.91,1,False,True,Senior,78126.28,0.6760608237538515,1,15756751
705,0,38,3,123894.43,1,1,0,21177.1,0,False,False,Middle,130247.56,0.5882390032920501,1,15795151
444,1,36,7,0.0,2,0,1,138743.86,0,False,False,Middle,97120.70199999999,0.18155441418999863,0,15632859
727,1,58,5,106913.43,1,1,0,25881.0,1,True,False,Senior,119853.93,0.8809734546493437,1,15584037
496,1,32,4,127845.83,1,1,0,66469.2,0,False,False,Middle,154433.51,0.3732223671244184,0,15621409
554,0,22,8,0.0,2,0,1,142670.61,0,False,False,Young,114136.488,0.10746004941548667,0,15581102
537,1,26,7,106397.75,1,0,0,103563.23,0,False,False,Young,178892.011,0.25580957682148864,0,15578096
839,0,51,3,0.0,1,1,1,69101.23,1,False,False,Senior,20730.369000000002,0.5004709786984393,1,15669887
700,0,43,0,0.0,2,1,0,59475.35,0,False,True,Middle,0.0,0.6189719684878494,1,15621834
458,0,35,5,166492.48,1,1,0,135287.74,0,False,True,Middle,234136.35,0.6244980236610117,1,15655341
850,0,28,2,0.0,2,1,1,38773.74,0,False,False,Young,7754.748,0.13651170940096521,0,15685314
699,1,31,6,114493.68,1,0,0,138396.32,0,False,True,Middle,197531.472,0.34613450465331874,0,15653997
615,0,44,9,126104.98,2,0,1,110718.02,0,True,False,Middle,225751.198,0.6487331309301709,1,15629551
850,1,51,4,124425.99,1,0,0,118545.49,1,True,False,Senior,171844.18600000002,0.8170100886362459,1,15651264
604,0,40,1,0.0,2,1,0,123207.17,0,False,False,Middle,12320.717,0.5400517596741409,1,15760825
668,1,34,0,0.0,1,0,0,99984.86,0,False,True,Middle,0.0,0.3465278960579629,0,15597394
594,0,38,10,0.0,2,1,0,58332.91,0,False,True,Middle,58332.91000000001,0.4894808468546271,0,15740383
470,1,30,3,101140.76,1,1,1,50906.65,0,False,False,Young,116412.755,0.16492710275261896,0,15670562
701,1,41,0,150844.94,1,0,1,127623.36,0,True,False,Middle,150844.94,0.5055985532468186,1,15698117
664,1,35,1,115024.5,1,0,1,169665.79,0,False,True,Middle,131991.079,0.23103319593743374,0,15694805
477,0,30,6,131286.46,1,1,0,194144.45,0,False,False,Young,247773.13,0.48151871374328986,0,15746802
756,0,42,9,0.0,2,1,0,35673.42,0,False,False,Middle,32106.077999999998,0.508865403226228,1,15589428
625,0,40,7,141267.67,1,0,1,177397.49,0,False,False,Middle,265445.913,0.4329815122778966,0,15790267
703,1,73,5,137761.55,1,1,1,159677.46,0,False,True,Elder,217600.27999999997,0.8486020479071924,1,15665402
646,1,30,7,0.0,2,1,0,153566.97,0,False,False,Young,107496.87900000002,0.2272659487248123,0,15642093
650,1,33,0,98064.97,1,1,0,52411.99,0,False,False,Middle,98064.97,0.36733174657103235,0,15666181
664,0,31,9,114519.57,2,0,1,79222.02,0,False,False,Middle,185819.38800000004,0.22027912070189729,0,15602554
682,0,29,6,101012.77,1,0,0,32589.89,1,True,False,Young,120566.704,0.5850210560978978,1,15724251
725,0,44,10,0.0,1,0,1,93777.61,0,False,False,Middle,93777.61,0.3716078047613836,0,15740147
553,1,46,3,82291.1,1,1,0,112549.99,1,True,False,Senior,116056.09700000001,0.7657100628809183,1,15718289
576,1,39,9,84719.98,1,0,0,191063.36,0,False,False,Middle,256677.00399999996,0.4796029853009108,0,15763148
608,0,56,5,0.0,2,0,1,153810.41,0,False,True,Senior,76905.205,0.6445584130249022,1,15685245
850,0,39,0,104386.53,1,1,0,105886.77,0,False,False,Middle,104386.53,0.575834142741931,1,15626985
627,1,31,8,128131.73,1,1,0,96131.47,0,False,False,Middle,205036.90600000002,0.3221998024377093,0,15585823
667,1,44,2,122806.95,1,0,0,15120.86,0,False,False,Middle,125831.122,0.5891997443540858,1,15728167
548,1,44,8,0.0,1,1,0,16989.77,0,False,True,Middle,13591.816,0.5006844962214497,1,15762928
774,1,76,4,112510.89,1,1,1,143133.18,0,False,False,Elder,169764.162,0.848616721415634,1,15751774
794,1,57,3,117056.46,1,1,0,93336.93,1,True,False,Senior,145057.539,0.8759975757966323,1,15654733
497,0,55,7,131778.66,1,1,1,9972.64,0,True,False,Senior,138759.508,0.8278984441701275,1,15809777
587,0,36,1,70784.27,1,1,0,30579.82,0,False,False,Middle,73842.25200000001,0.5489125168225977,1,15744200
850,0,29,10,0.0,2,1,1,199775.67,0,False,False,Young,199775.67000000004,0.14641962076595386,0,15720713
722,1,46,5,0.0,2,1,0,179908.71,0,False,False,Senior,89954.355,0.49231467873193097,0,15695356
555,0,35,1,0.0,2,1,0,101667.0,0,False,True,Middle,10166.7,0.48280924041149026,0,15653315
609,1,38,6,140752.06,2,0,1,171430.16,0,True,False,Middle,243610.15600000002,0.4281377282663074,0,15604792
734,0,39,6,92126.26,2,0,0,112973.34,0,False,True,Middle,159910.264,0.5837947088858815,1,15704819
718,0,39,7,93148.74,2,1,1,190746.38,0,True,False,Middle,226671.206,0.5266851645272748,1,15670859
645,0,49,5,110132.55,3,0,1,187689.91,1,False,True,Senior,203977.505,0.5617383640858158,1,15602797
598,0,23,6,0.0,2,1,0,153229.19,0,False,True,Young,91937.51400000001,0.2563098011086668,0,15662533
628,1,50,4,122227.71,1,0,1,14217.77,1,True,False,Senior,127914.818,0.6559042166346005,1,15778154
629,1,40,2,121647.54,2,1,1,64849.74,1,True,False,Middle,134617.48799999998,0.4475423414856584,0,15806230
739,1,58,1,110597.76,1,0,1,160122.66,1,True,False,Senior,126610.026,0.7634521280244484,1,15662884
653,0,60,2,120731.39,4,1,1,138160.11,1,False,False,Senior,148363.412,0.7073355864381202,1,15750778
711,1,28,8,0.0,2,1,1,64286.39,0,False,False,Young,51429.112,0.08121010522634318,0,15717185
783,1,38,1,0.0,3,1,1,80178.54,1,False,True,Middle,8017.853999999999,0.1747631097197876,0,15677804
681,1,38,6,153722.47,1,1,0,101319.76,0,False,False,Middle,214514.326,0.46473330508602934,0,15568915
712,1,34,8,114088.32,1,1,0,92794.61,0,False,False,Middle,188324.00800000003,0.3508257846302669,0,15736495
554,0,48,7,0.0,2,1,1,63708.07,0,False,False,Senior,44595.649000000005,0.4503317391598666,0,15737354
611,0,37,6,0.0,2,1,0,110782.88,0,False,False,Middle,66469.728,0.46822492028242524,0,15667889
560,1,41,4,152532.3,1,0,0,10779.69,0,True,False,Middle,156844.17599999998,0.7309627522185612,1,15577831
646,1,32,1,0.0,2,1,0,183289.22,0,False,True,Middle,18328.922000000002,0.2777400289122251,0,15729836
680,1,34,3,143292.95,1,1,0,66526.01,0,False,False,Middle,163250.75300000003,0.3930100660193662,0,15775293
631,1,26,1,149144.61,1,0,1,123697.95,0,False,False,Young,161514.405,0.13384821584893408,0,15697597
746,1,36,9,127157.04,1,1,1,155700.15,0,False,False,Middle,267287.175,0.2122182239661516,0,15639669
654,1,43,9,84673.17,2,0,1,82081.35,0,True,False,Middle,158546.385,0.453192221152115,0,15631392
687,1,33,9,135962.4,2,1,0,121747.96,0,True,False,Middle,245535.564,0.5205611628893809,1,15580935
708,1,32,3,151691.44,2,1,1,172810.51,0,True,False,Middle,203534.593,0.30325123116788205,0,15590344
679,0,32,0,88335.05,1,0,0,159584.81,0,True,False,Middle,88335.05,0.6497740138209495,1,15653306
636,0,45,7,139859.23,1,1,1,108402.54,0,False,False,Middle,215741.008,0.5046648110468003,1,15805025
695,1,45,9,43134.65,1,0,1,77330.35,0,False,False,Middle,112731.965,0.29691206826437083,0,15658449
677,1,42,5,99580.13,1,1,0,21007.96,0,False,False,Middle,110084.11,0.5023984351585923,1,15694450
720,0,34,6,110717.38,1,1,1,9398.45,0,False,False,Middle,116356.45000000001,0.26711895562048876,0,15605666
780,0,37,3,0.0,2,0,0,182156.81,1,False,False,Middle,54647.043,0.45391259568662734,0,15615126
653,0,36,3,0.0,2,0,0,110525.6,0,False,True,Middle,33157.68000000001,0.4865709460430277,0,15726588
674,0,28,3,0.0,1,1,0,51536.99,0,False,False,Young,15461.097000000002,0.32423328571447607,0,15645095
620,1,40,5,108197.11,2,1,0,49722.34,0,True,False,Middle,133058.28,0.6476908639242893,1,15808960
623,1,40,6,0.0,2,1,1,66119.07,0,False,False,Middle,39671.44200000001,0.19868336085597035,0,15729435
547,0,29,6,104450.86,1,1,1,37160.28,0,False,False,Young,126747.028,0.21881512879374318,0,15656840
530,1,39,2,0.0,2,1,0,197923.05,0,False,False,Middle,39584.61,0.3908994971162482,0,15659149
746,0,34,4,0.0,1,0,1,65166.6,0,False,False,Middle,26066.64,0.2269135186296701,0,15585490
512,0,31,7,0.0,2,0,0,49326.07,0,False,False,Middle,34528.249,0.36878114651646426,0,15674929
630,1,40,8,0.0,2,1,1,42495.81,0,False,False,Middle,33996.648,0.1881772696456032,0,15746341
570,1,21,7,116099.82,1,1,1,148087.62,0,False,True,Young,219761.154,0.09438415428480113,0,15662091
605,1,39,6,111169.91,1,0,0,9641.4,0,False,False,Middle,116954.75,0.4658368090737155,0,15620123
530,1,37,4,0.0,2,1,1,164844.37,0,False,True,Middle,65937.748,0.19845549201271234,0,15616240
813,0,25,5,123616.43,1,0,1,132959.33,0,True,False,Young,190096.09499999997,0.2982413846422823,0,15624186
704,0,37,9,155619.58,1,1,1,135088.58,0,False,True,Middle,277199.302,0.38034771651781396,0,15605036
565,1,31,2,89558.39,2,1,1,4441.54,0,True,False,Middle,90446.698,0.2830641053301504,0,15805151
645,1,45,4,0.0,1,0,1,174916.85,1,False,True,Middle,69966.74,0.324810247384849,0,15753847
526,0,32,6,131938.92,2,1,1,1795.93,0,True,False,Middle,133016.478,0.4281944481362587,0,15653222
778,0,33,9,151772.63,2,0,0,180249.94,1,False,False,Middle,313997.576,0.4846739459924639,0,15757541
677,0,72,8,0.0,2,1,1,153604.44,0,False,False,Elder,122883.55200000001,0.8352898588390681,1,15726945
588,0,64,3,0.0,1,1,1,189703.65,0,False,False,Elder,56911.095,0.7642314023125908,1,15794276
488,0,22,6,0.0,2,1,1,66393.89,0,False,False,Young,39836.334,0.1058040200716511,0,15568328
519,1,39,1,97700.02,1,1,1,30709.03,0,False,False,Middle,100770.92300000001,0.28569867492790835,0,15604355
709,1,31,6,0.0,2,1,1,71009.84,0,False,False,Middle,42605.904,0.1044900375891277,0,15735788
642,0,56,6,103244.86,2,1,0,143049.72,1,True,False,Senior,189074.692,0.9159114222470802,1,15618255
710,1,34,8,147833.3,2,0,1,1561.58,0,True,False,Middle,149082.56399999998,0.3088786155975694,0,15720941
653,0,46,5,0.0,2,1,0,49707.85,0,False,False,Senior,24853.925000000003,0.6291566593007735,1,15769110
743,1,71,0,0.0,2,0,1,29837.65,0,False,False,Elder,0.0,0.7488065064249747,1,15576094
418,0,39,2,0.0,2,0,0,9041.71,0,False,False,Middle,1808.3419999999999,0.5689114365353856,1,15756150
670,0,33,9,84521.48,2,0,1,198017.05,0,True,False,Middle,262736.825,0.42760375687277885,0,15719579
723,0,28,5,91938.31,1,1,0,143481.85,0,True,False,Young,163679.235,0.559109984393491,1,15748854
549,1,45,6,124240.93,1,1,1,146372.51,0,True,False,Middle,212064.436,0.5726286140433973,1,15612455
543,0,42,5,0.0,2,0,0,101905.34,0,False,False,Middle,50952.67,0.587194035061887,1,15664802
595,1,37,2,157084.99,1,1,0,134767.13,0,False,True,Middle,184038.416,0.5018671708321996,1,15735687
673,0,25,3,108244.82,2,1,1,103573.96,0,True,False,Young,139317.008,0.2871378142787387,0,15664734
741,0,21,9,0.0,2,0,1,139259.54,0,False,False,Young,125333.58600000001,0.08799910956179945,0,15767894
508,0,41,5,82161.7,2,1,0,187776.49,0,True,False,Middle,176049.945,0.7840814924069904,1,15666884
662,1,59,2,104568.41,1,1,0,8059.44,1,True,False,Senior,106180.29800000001,0.9011047640379808,1,15750156
752,0,36,2,119912.46,1,1,0,124354.92,0,False,False,Middle,144783.44400000002,0.539354271675348,1,15751120
809,1,36,9,68881.59,2,0,1,109135.11,0,False,False,Middle,167103.189,0.16440923103928723,0,15575748
575,1,30,2,0.0,2,1,1,82222.86,0,False,True,Young,16444.572,0.12525116737471098,0,15714610
591,0,40,1,86376.29,1,0,1,136767.16,1,False,True,Middle,100053.006,0.43133863233115827,0,15720305
643,0,45,9,150840.03,2,1,0,155516.35,0,False,True,Middle,290804.745,0.7322244686563643,1,15678129
698,1,55,8,155059.1,2,1,1,144584.29,0,True,False,Senior,270726.532,0.7184642208539234,1,15566633
496,0,29,4,0.0,2,1,0,164806.89,0,False,False,Young,65922.75600000001,0.34711511588720095,0,15680436
597,1,44,8,78128.13,2,0,1,109153.04,0,False,False,Middle,165450.562,0.30613398296572597,0,15674343
603,1,46,4,98899.76,2,1,1,86190.34,0,True,False,Senior,133375.896,0.5423337703387827,1,15658890
655,1,37,1,0.0,1,1,1,106040.97,0,False,True,Middle,10604.097000000002,0.2037810098272916,0,15599004
431,1,63,6,160982.89,1,1,1,168008.17,0,False,False,Elder,261787.79200000002,0.7512300587028108,1,15726487
620,0,70,3,87926.24,2,1,0,33350.26,1,False,False,Elder,97931.318,0.9366154520266964,1,15698716
782,0,35,4,0.0,1,1,1,119565.34,0,False,False,Middle,47826.136,0.23065322089689155,0,15710527
581,1,46,2,79385.21,2,0,0,188492.82,0,False,True,Senior,117083.774,0.605007679133563,1,15655590
553,1,53,5,127997.83,1,1,0,165378.66,1,True,False,Senior,210687.16000000003,0.8633999740758808,1,15732266
658,1,44,2,168396.34,1,1,1,14178.73,0,False,False,Middle,171232.086,0.38693405511239526,0,15669326
686,1,43,2,134896.03,1,1,1,97847.05,0,True,False,Middle,154465.44,0.5249031624214808,1,15672246
539,1,36,6,0.0,3,1,1,118959.64,0,False,True,Middle,71375.784,0.16828924340337034,0,15620276
685,0,50,6,94238.75,2,1,1,50664.07,1,False,False,Senior,124637.192,0.5331347888644061,1,15640258
850,1,29,1,0.0,2,0,0,152996.89,0,False,False,Young,15299.689000000002,0.1987172395416087,0,15740283
763,0,39,7,0.0,2,1,0,19458.75,0,False,True,Middle,13621.125,0.4876921907460193,0,15759717
634,1,43,3,212696.32,1,1,0,115268.86,0,True,False,Middle,247276.978,0.7776030796880571,1,15620268
567,1,59,3,0.0,2,1,0,25843.7,1,False,False,Senior,7753.110000000001,0.7487839789831462,1,15743871
539,1,39,3,139153.68,2,1,0,147662.33,0,False,False,Middle,183452.379,0.48542514541274195,0,15614491
764,1,41,7,0.0,2,0,0,134878.34,0,False,False,Middle,94414.838,0.3921974629859713,0,15595047
653,0,40,0,0.0,2,1,0,35795.85,0,False,False,Middle,0.0,0.5482355810415056,1,15732334
566,1,44,5,0.0,2,1,0,66462.79,0,False,True,Middle,33231.395,0.5006443353308545,1,15701206
714,1,29,6,92887.13,1,1,1,69578.49,0,True,False,Young,134634.22400000002,0.23394706534818405,0,15581280
580,0,65,1,0.0,2,0,1,103182.46,0,False,True,Elder,10318.246000000001,0.7933946794413338,1,15651943
548,1,29,5,83442.98,1,0,1,177017.39,0,False,False,Young,171951.675,0.14492365903858956,0,15609545
646,0,36,6,144773.29,2,1,0,53217.3,0,True,False,Middle,176703.67,0.7131160520439588,1,15658548
622,0,52,9,111973.97,1,1,1,162756.29,1,True,False,Senior,258454.63100000002,0.786068768912013,1,15626008
706,0,35,8,178032.53,1,0,1,42181.68,0,False,False,Middle,211777.874,0.3241809023445542,0,15774133
680,1,23,5,140007.19,1,0,1,31714.08,0,False,False,Young,155864.23,0.09762997271206371,0,15763798
698,1,37,5,98400.61,2,0,0,25017.28,0,False,False,Middle,110909.25,0.38932840337451524,0,15758013
581,0,46,1,0.0,2,1,0,104272.04,0,False,True,Senior,10427.204,0.6812254878271193,1,15705765
728,1,45,3,108924.33,2,1,0,84300.4,1,True,False,Middle,134214.45,0.7236651477928956,1,15648362
707,0,32,4,132835.56,1,0,0,136877.24,0,False,True,Middle,187586.456,0.5119463541100272,1,15761102
761,0,26,1,0.0,2,1,1,199409.19,0,False,False,Young,19940.919,0.12069596142308632,0,15610165
483,1,41,1,118334.44,1,0,0,163147.99,1,True,False,Middle,134649.239,0.7275615398830739,1,15723717
736,0,25,9,81732.88,2,1,0,136497.28,0,True,False,Young,204580.43200000003,0.46207240861652754,0,15654611
716,1,66,5,121411.9,1,0,0,10070.4,1,True,False,Elder,126447.09999999999,0.936880937207686,1,15659736
654,1,32,9,121455.65,1,1,0,190068.53,1,False,False,Middle,292517.32700000005,0.3510535543204149,0,15603170
649,1,20,5,0.0,2,1,1,58309.54,0,False,True,Young,29154.770000000004,0.055864316581139405,0,15786167
649,1,46,5,0.0,2,1,1,76946.6,0,False,False,Senior,38473.3,0.28355670996027615,0,15671915
612,0,31,8,117989.76,1,1,1,54129.86,0,False,False,Middle,161293.648,0.2377529261190154,0,15794792
657,1,40,10,0.0,2,1,1,52990.7,0,False,True,Middle,52990.700000000004,0.1966427762641754,0,15652789
511,0,31,5,137411.29,1,0,1,161854.98,0,False,False,Middle,218338.78000000003,0.2889935544231122,0,15739168
682,1,61,10,73688.2,1,1,1,172141.33,0,False,False,Elder,245829.52999999997,0.6306335448335734,1,15719950
748,1,58,9,122330.7,2,0,1,124429.19,0,False,True,Senior,234316.97100000002,0.59602252613957,1,15743818
554,1,43,5,99906.89,1,0,0,24983.39,0,True,False,Middle,112398.58499999999,0.7284610730445144,1,15717937
794,0,28,5,0.0,2,0,1,86699.98,0,False,True,Young,43349.99,0.1519000388678479,0,15602841
807,0,47,9,167664.83,1,0,0,125440.11,1,False,False,Senior,280560.929,0.7451955724037521,1,15619972
594,0,34,7,141525.55,1,0,0,9443.15,0,False,False,Middle,148135.75499999998,0.5218552583875915,1,15796114
652,0,33,3,124832.51,1,1,0,195877.06,0,False,True,Middle,183595.628,0.5269651188527908,1,15633546
729,0,34,9,132121.71,1,0,1,105409.31,0,False,False,Middle,226990.089,0.28716801947980186,0,15758755
625,1,39,2,0.0,2,1,0,100403.05,0,False,False,Middle,20080.61,0.3811237813676501,0,15695168
597,0,60,0,78539.84,1,0,1,48502.88,0,True,False,Senior,78539.84,0.8774791688472241,1,15754342
657,0,38,5,123770.46,1,0,0,47019.66,1,True,False,Middle,147280.29,0.7594310015932583,1,15756610
633,1,43,5,0.0,2,1,1,48249.88,0,False,False,Middle,24124.940000000002,0.23944980751045863,0,15640917
663,1,49,7,116150.65,3,1,1,84358.71,1,True,False,Senior,175201.747,0.5649784595576057,1,15663164
535,1,47,0,160729.1,1,0,1,145986.35,0,False,False,Senior,160729.1,0.46184017464785415,0,15616811
702,0,29,10,88378.6,1,1,0,88550.28,0,False,False,Young,176928.88,0.36597943630984736,0,15610781
712,1,33,2,182888.08,1,1,0,3061.0,0,False,False,Middle,183500.28,0.40416084188197193,0,15600911
607,1,31,8,0.0,2,1,1,43196.5,0,False,False,Middle,34557.200000000004,0.10539647602966112,0,15629603
476,1,37,4,0.0,1,1,1,55775.84,1,False,False,Middle,22310.336,0.19991805496092527,0,15714981
748,0,23,8,85600.08,1,0,0,134077.71,0,False,True,Young,192862.24800000002,0.3029759879925018,0,15775892
815,1,35,4,0.0,2,0,1,198490.33,0,False,False,Middle,79396.132,0.13862302311028946,0,15782778
602,1,32,10,0.0,2,1,1,116052.92,0,False,False,Middle,116052.92,0.11791686114969521,0,15786643
649,1,40,4,95001.33,1,0,1,123202.99,0,True,False,Middle,144282.526,0.4493539079602695,0,15595657
551,1,27,2,113873.22,1,1,1,85129.77,1,False,True,Young,130899.174,0.1476824943870601,0,15743673
509,1,30,6,0.0,2,1,0,180598.86,0,False,False,Young,108359.31599999999,0.24827936799451447,0,15634310
685,1,40,7,74896.92,1,1,0,198694.2,0,False,True,Middle,213982.86000000004,0.49008269803088483,0,15790809
536,0,22,5,89492.62,1,0,0,42934.43,0,False,False,Young,110959.83499999999,0.2963366579166048,0,15668695
711,1,38,3,128718.78,1,0,0,114793.45,0,False,True,Middle,163156.815,0.4884941538379508,0,15669281
761,1,27,8,0.0,2,1,0,63297.7,0,False,True,Young,50638.16,0.18045265444770542,0,15621031
535,0,49,3,0.0,1,0,0,61820.41,1,False,False,Senior,18546.123000000003,0.7351589448496136,1,15720071
566,1,22,7,144954.75,2,1,0,102246.0,0,True,False,Young,216526.95,0.34319963496757766,0,15792180
620,1,21,9,0.0,2,0,0,154882.79,0,False,True,Young,139394.51100000003,0.14717918992371015,0,15813894
837,1,37,6,94001.61,2,1,0,140723.05,0,True,False,Middle,178435.44,0.5510088185412335,1,15669490
685,0,40,7,0.0,1,1,0,72852.74,1,False,False,Middle,50996.918000000005,0.5262656824863449,1,15783030
673,1,65,0,0.0,1,1,1,85733.33,0,False,False,Elder,0.0,0.6680086688910342,1,15695792
638,1,24,1,0.0,2,0,1,162597.15,0,False,False,Young,16259.715,0.07258592071607961,0,15575676
614,1,46,4,0.0,1,1,0,74379.57,1,False,False,Senior,29751.828000000005,0.5314698301442751,1,15627665
626,0,44,2,0.0,1,0,1,173117.22,1,False,False,Middle,34623.444,0.4116483458816819,0,15814092
834,1,38,8,0.0,2,1,1,66485.26,0,False,True,Middle,53188.208,0.16363096785598075,0,15695225
691,1,24,6,0.0,2,1,1,92811.2,0,False,False,Young,55686.72,0.06513915263097572,0,15615091
706,1,38,8,0.0,2,0,1,46635.11,0,False,True,Middle,37308.088,0.1793507247670608,0,15794345
633,1,37,7,141546.35,1,1,1,124830.11,0,False,False,Middle,228927.42700000003,0.24412560775223374,0,15726484
644,0,32,8,141528.88,1,1,1,167087.34,1,True,False,Middle,275198.752,0.4574320566839429,0,15650442
666,1,30,7,109805.3,1,0,1,163625.56,0,False,False,Young,224343.19199999998,0.1522464930682646,0,15714256
708,1,32,10,86614.06,2,1,1,172129.26,0,False,False,Middle,258743.32,0.144556194544345,0,15778752
496,0,59,7,91680.1,2,1,0,163141.18,1,True,False,Senior,205878.926,0.9371801337004007,1,15601659
730,1,38,0,38848.19,2,0,0,94003.11,0,True,False,Middle,38848.19,0.5766600243572391,1,15602811
696,1,40,3,153639.11,1,1,1,138351.68,0,False,True,Middle,195144.614,0.31707441157615246,0,15779414
809,1,80,8,0.0,2,0,1,34164.05,0,False,True,Elder,27331.240000000005,0.8364671810306095,1,15763097
701,0,33,7,123870.07,1,1,0,97794.71,0,False,True,Middle,192326.36700000003,0.5054370235396537,1,15633666
604,1,30,5,0.0,2,1,0,75786.55,0,False,False,Young,37893.275,0.2293454234372885,0,15718789
665,1,39,10,46323.57,1,1,0,136812.02,0,False,False,Middle,183135.59,0.4123803783092065,0,15690620
639,0,60,5,162039.78,1,1,1,84361.72,1,False,False,Senior,204220.64,0.7773663819908012,1,15737071
696,1,19,1,110928.51,1,1,1,2766.63,0,False,False,Young,111205.173,0.07330234315171553,0,15665062
520,1,38,5,0.0,2,1,0,163185.76,0,False,False,Middle,81592.88,0.37595436312349606,0,15600692
545,1,53,5,114421.55,1,1,0,180598.28,1,True,False,Senior,204720.69,0.8602259263136649,1,15792064
634,0,29,8,130036.21,2,0,1,69849.55,0,True,False,Young,185915.85,0.36077199887205624,0,15811486
750,0,26,1,151510.17,2,1,1,19921.72,0,False,False,Young,153502.342,0.186037316077381,0,15626141
530,0,41,4,0.0,2,0,1,147606.71,0,False,True,Middle,59042.684,0.3768626814217131,0,15738546
589,0,59,2,0.0,2,1,1,126160.24,1,False,False,Senior,25232.048000000003,0.6704537427799262,1,15677052
654,1,37,6,83568.55,1,1,0,47046.72,0,False,False,Middle,111796.58200000001,0.39670452389755806,0,15656454
648,0,43,7,139972.18,1,1,0,143668.58,0,False,False,Middle,240540.186,0.6894887369244687,1,15645496
835,1,45,3,100212.13,1,1,0,152577.62,0,False,True,Middle,145985.416,0.5711464421322562,1,15612505
446,0,39,1,90217.07,1,1,0,191350.48,0,False,False,Middle,109352.11800000002,0.6237805152946434,1,15708513
514,1,66,9,0.0,2,1,1,14234.31,0,False,True,Elder,12810.879,0.663957185230952,1,15685654
694,1,33,4,124067.32,1,1,1,77906.87,0,True,False,Middle,155230.068,0.32357952502721077,0,15732307
554,1,46,4,0.0,2,0,1,57320.92,0,False,True,Senior,22928.368000000002,0.3327869738817896,0,15726814
720,0,57,1,162082.31,4,0,0,27145.73,1,True,False,Senior,164796.883,0.9242106814986832,1,15653776
641,0,51,2,117306.69,4,1,1,26912.72,1,True,False,Senior,122689.234,0.7294586514264348,1,15597914
813,1,32,1,122889.88,1,1,1,26476.18,0,False,False,Middle,125537.498,0.16828917661717646,0,15631603
480,1,40,6,148790.61,1,0,1,79329.7,0,False,False,Middle,196388.43,0.32152194520212946,0,15789753
811,1,46,9,180226.24,1,1,0,13464.64,1,False,False,Senior,192344.416,0.5784757288032302,1,15678034
715,0,32,3,104857.19,2,1,0,114149.8,0,True,False,Middle,139102.13,0.6239712569662701,1,15690209
620,1,31,2,166833.86,2,1,1,135171.6,0,False,True,Middle,193868.18,0.1890219760187749,0,15592091
721,1,42,4,102936.72,1,0,0,1187.88,0,False,False,Middle,103411.872,0.5125448124772274,1,15647453
772,0,48,6,108736.52,1,1,0,184564.67,1,True,False,Senior,219475.32200000001,0.858954095960334,1,15697100
680,1,44,0,129974.79,2,1,1,33391.38,0,True,False,Middle,129974.79,0.5365412417119112,1,15811290
535,1,38,8,85982.07,1,1,0,9238.35,0,False,False,Middle,93372.75,0.4177088545839749,0,15629187
655,0,20,7,134397.61,1,0,0,28029.54,0,False,False,Young,154018.288,0.26065340178602747,0,15758073
660,1,63,8,137841.53,1,1,1,42790.29,0,False,False,Elder,172073.762,0.6816956662852286,1,15640769
762,1,56,10,100260.88,3,1,1,77142.42,1,True,False,Senior,177403.3,0.6516505480301149,1,15606641
662,1,39,5,139822.11,2,1,1,146219.9,0,True,False,Middle,212932.06,0.42605455320042174,0,15718280
463,0,41,8,123151.51,2,1,0,70127.93,0,True,False,Middle,179253.854,0.7922960793736877,1,15764335
501,1,27,4,95331.83,2,1,0,132104.76,0,True,False,Young,148173.734,0.4232198714109385,0,15634218
603,0,42,6,0.0,1,1,1,90437.87,0,False,True,Middle,54262.722,0.38715041542017437,0,15808760
688,1,37,7,138162.41,2,1,1,113926.31,0,False,True,Middle,217910.827,0.23688959601292744,0,15648461
430,1,38,9,0.0,2,1,1,12050.77,0,False,False,Middle,10845.693000000001,0.17794965144650823,0,15593555
632,1,48,6,126066.26,1,1,0,64345.61,1,True,False,Senior,164673.626,0.7930179250424442,1,15569079
601,0,42,4,96763.89,1,1,1,199242.65,0,False,True,Middle,176460.95,0.4628806565337378,0,15800736
769,0,38,2,0.0,2,0,0,75578.67,0,False,False,Middle,15115.734,0.4818894338058658,0,15792607
551,1,42,2,139561.46,1,1,0,43435.43,1,False,False,Middle,148248.546,0.5725251672290205,1,15640034
841,0,52,5,0.0,1,0,0,183239.71,1,False,False,Senior,91619.855,0.73627180356944,1,15807563
469,0,31,6,0.0,1,1,0,146213.75,1,False,True,Middle,87728.25,0.43403646321693695,0,15684461
479,1,27,2,172463.45,1,1,1,40315.27,0,False,True,Young,180526.50400000002,0.178368220517278,0,15580134
701,1,37,8,107798.85,1,1,0,16966.73,0,False,False,Middle,121372.23400000001,0.386384286329374,0,15679075
593,1,36,2,70181.48,2,1,0,80608.12,0,False,False,Middle,86303.10399999999,0.3787440840863203,0,15742504
738,1,38,5,177997.07,1,0,1,19233.41,0,False,True,Middle,187613.775,0.28937969036594496,0,15567328
635,1,31,1,0.0,2,1,0,135382.23,0,False,True,Middle,13538.223000000002,0.26858588448027515,0,15698294
658,1,32,8,0.0,1,1,1,80410.68,0,False,False,Middle,64328.543999999994,0.12224685963623924,0,15607142
687,0,36,5,0.0,1,1,0,17696.22,0,False,True,Middle,8848.11,0.4815925403361976,0,15738516
650,1,37,9,0.0,2,1,0,17974.08,0,False,False,Middle,16176.672000000004,0.3007941774040107,0,15806403
720,1,21,2,123200.78,1,1,1,180712.28,0,False,True,Young,159343.236,0.08792370137085814,0,15656707
602,0,63,7,0.0,2,1,1,56323.21,0,False,False,Elder,39426.247,0.7145110780696134,1,15653715
618,1,33,4,0.0,2,1,1,77550.18,0,False,True,Middle,31020.072,0.1445187107479155,0,15806184
803,1,41,9,137742.9,2,1,1,166957.82,0,True,False,Middle,288004.938,0.43877772361061274,0,15585734
793,0,63,9,116270.72,1,1,1,184243.25,0,False,False,Elder,282089.645,0.7839442194636279,1,15725639
616,1,41,10,113220.2,2,1,1,114072.91,0,True,False,Middle,227293.11000000002,0.4383992993213724,0,15618401
550,1,51,5,0.0,2,1,0,153917.41,0,False,True,Senior,76958.705,0.6414183399746576,1,15785385
602,0,56,3,115895.22,3,1,0,4176.17,1,False,False,Senior,117148.071,0.8337489832119075,1,15734762
452,0,60,6,121730.49,1,1,1,142963.29,0,False,False,Senior,207508.464,0.7838999957389448,1,15767129
655,0,28,3,113811.85,2,0,1,76844.23,0,False,True,Young,136865.119,0.21863402917704666,0,15797204
510,0,26,6,136214.08,1,0,0,159742.33,0,False,False,Young,232059.478,0.40750464605773506,0,15769272
557,1,39,8,146200.01,1,1,0,177944.64,0,False,False,Middle,288555.72200000007,0.5120223549779462,1,15771966
676,1,37,10,106242.67,1,1,1,166678.28,0,False,False,Middle,272920.95,0.22629484506810835,0,15691952
640,0,29,4,0.0,2,1,0,44904.26,0,False,False,Young,17961.704,0.32084867172778175,0,15593250
529,1,31,6,0.0,1,1,0,10625.91,0,False,True,Middle,6375.546,0.2831299608321206,0,15605333
559,1,45,8,24043.45,1,0,1,169781.45,1,False,False,Middle,159868.61000000002,0.328823245632336,0,15800083
689,0,58,5,0.0,2,0,1,49848.86,0,False,False,Senior,24924.43,0.6335877495179211,1,15575691
626,1,39,10,132287.92,3,1,1,51467.92,1,True,False,Middle,183755.84000000003,0.3700425473759957,0,15689886
697,1,30,1,0.0,2,0,0,735.79,0,False,True,Young,73.579,0.2644752738054768,0,15809838
823,0,44,1,0.0,2,0,1,182495.7,0,False,False,Middle,18249.570000000003,0.35472626425190673,0,15736154
565,0,32,4,90322.99,2,0,1,118740.37,0,True,False,Middle,137819.138,0.42177542433944165,0,15767391
631,1,23,3,0.0,2,1,0,13813.24,0,False,True,Young,4143.972000000001,0.1653544764770058,0,15704910
646,0,34,3,131283.11,1,0,0,130500.65,0,False,False,Middle,170433.305,0.5345222416801392,1,15656613
676,1,48,1,131659.59,2,0,1,14152.15,0,False,True,Senior,133074.805,0.45477344424767197,0,15611551
850,0,54,4,120952.74,1,1,0,66963.15,0,False,True,Senior,147738.0,0.8269194445459747,1,15732430
810,0,38,9,153166.17,1,1,1,93261.69,0,False,False,Middle,237101.69100000002,0.3426978530945033,0,15741865
581,1,30,0,53291.86,1,0,0,196582.28,0,False,True,Young,53291.86,0.3101631065978128,0,15634143
718,0,35,2,167924.95,1,1,0,43024.64,0,False,False,Middle,176529.87800000003,0.564602819878714,1,15609676
713,1,43,5,86394.14,1,1,1,130001.13,0,False,False,Middle,151394.70500000002,0.29782391343241715,0,15761600
672,0,50,1,0.0,1,1,0,12106.82,1,False,False,Senior,1210.682,0.7367428740941097,1,15676404
781,1,33,3,0.0,2,1,1,42556.33,0,False,True,Middle,12766.899000000001,0.1329391368094637,0,15659236
656,1,47,1,0.0,2,1,1,197961.93,0,False,True,Senior,19796.193,0.3252416034268194,0,15690440
583,0,31,4,158978.79,1,1,0,12538.92,0,False,False,Middle,163994.358,0.49277272075421025,0,15694601
808,0,37,2,100431.84,1,1,0,35140.49,1,True,False,Middle,107459.938,0.7188636589033958,1,15812262
721,1,33,5,0.0,2,0,1,117626.9,0,False,True,Middle,58813.450000000004,0.139185589646434,0,15762821
778,0,29,6,150358.97,1,1,0,62454.01,1,True,False,Young,187831.376,0.5959156265846732,1,15669301
850,0,45,4,114347.85,2,1,1,109089.04,0,False,True,Middle,157983.46600000001,0.4618237511146269,0,15672640
693,0,39,4,0.0,2,0,1,142331.39,0,False,False,Middle,56932.55600000001,0.291915216100811,0,15750458
520,1,34,4,134007.9,1,1,1,193209.11,0,False,False,Middle,211291.544,0.21986426661790662,0,15627251
759,1,31,4,98899.91,1,1,1,47832.82,0,True,False,Middle,118033.038,0.2667521085975892,0,15764294
637,1,60,3,0.0,2,1,1,70174.03,0,False,False,Senior,21052.209000000003,0.5494374913801855,1,15659962
755,1,40,2,137430.82,2,0,0,176768.59,0,True,False,Middle,172784.538,0.6598554103793265,1,15788536
662,0,47,6,0.0,2,1,1,129392.75,0,False,False,Senior,77635.65000000001,0.42556297355156725,0,15596979
503,0,37,8,0.0,2,1,1,97893.32,0,False,False,Middle,78314.656,0.2688723274399197,0,15681220
599,1,39,2,188976.89,2,0,1,176142.09,0,True,False,Middle,224205.30800000002,0.4808771543668833,0,15635097
583,0,40,4,0.0,2,1,0,114093.73,0,False,True,Middle,45637.492,0.5641667115233522,1,15780779
764,0,48,1,75990.97,1,1,0,158323.81,1,False,True,Senior,91823.351,0.7420817620168053,1,15798470
513,1,29,10,0.0,2,0,1,25514.77,0,False,False,Young,25514.770000000004,0.09434453835058891,0,15760880
730,1,62,5,112181.08,1,0,1,61513.87,0,False,True,Elder,142938.015,0.6880356494134902,1,15616929
820,1,34,10,97208.46,1,1,1,59553.34,0,False,True,Middle,156761.8,0.16525285751753727,0,15758775
597,0,26,7,0.0,2,1,0,110253.2,0,False,True,Young,77177.24,0.29591013118305637,0,15663386
637,1,32,5,0.0,1,0,0,148769.08,0,False,False,Middle,74384.54,0.28306533154244434,0,15621267
696,1,34,9,150856.79,1,0,1,8236.78,0,False,False,Middle,158269.89200000002,0.18356946882228897,0,15720509
635,0,37,9,146748.07,1,0,1,11407.58,0,True,False,Middle,157014.892,0.5246340294886848,1,15693322
673,0,57,4,0.0,2,1,1,49684.09,0,False,True,Senior,19873.636,0.6410489984081148,1,15589544
662,1,33,3,0.0,2,0,1,68064.83,0,False,True,Middle,20419.449,0.1474135034148312,0,15772030
683,1,41,0,148863.17,1,1,1,163911.32,0,False,True,Middle,148863.17,0.3333127302586353,0,15693337
850,1,55,6,0.0,1,1,0,944.41,1,False,False,Senior,566.6460000000001,0.639706145922471,1,15676571
815,1,28,6,0.0,2,0,1,185547.71,0,False,True,Young,111328.626,0.09527522360306766,0,15701392
671,1,34,10,153360.02,1,1,0,140509.86,0,False,True,Middle,293869.88,0.4169769898776901,0,15741092
601,0,40,3,92055.36,1,0,1,164652.02,1,False,False,Middle,141450.96600000001,0.40290195394391093,0,15643865
709,0,39,9,124723.92,1,1,0,73641.86,0,True,False,Middle,191001.59399999998,0.7480777147883285,1,15769389
702,1,28,1,103033.83,1,1,1,40321.87,0,True,False,Young,107066.017,0.2470729660210106,0,15807768
558,1,40,6,0.0,2,1,0,173844.89,0,False,False,Middle,104306.93400000001,0.4071909511387148,0,15801630
691,1,40,1,0.0,2,1,1,145613.17,0,False,True,Middle,14561.317000000003,0.21930185838000493,0,15705034
700,0,30,9,0.0,1,1,1,174971.64,0,False,False,Young,157474.47600000002,0.17976621678028415,0,15763107
667,1,33,4,0.0,2,1,1,131834.75,0,False,False,Middle,52733.9,0.12810424310681265,0,15667085
624,1,54,3,116726.22,1,1,0,110498.1,1,True,False,Senior,149875.65000000002,0.8634694925312575,1,15647008
580,0,23,5,113923.81,2,0,0,196241.43,0,False,False,Young,212044.525,0.31058878738665363,0,15584505
571,0,31,3,0.0,2,1,1,194667.92,0,False,True,Middle,58400.376000000004,0.2075678282019443,0,15748068
561,1,37,5,0.0,2,1,0,83093.25,0,False,False,Middle,41546.625,0.3455215562938314,0,15663964
529,1,28,9,0.0,2,1,1,52545.24,0,False,False,Young,47290.716,0.0888229496553574,0,15782311
670,1,36,7,0.0,2,0,0,59571.5,0,False,False,Middle,41700.05,0.30802894248619367,0,15588197
666,0,21,1,121827.43,2,1,1,99818.31,0,True,False,Young,131809.261,0.24088513645886894,0,15610105
628,1,42,7,0.0,2,0,1,172967.87,0,False,True,Middle,121077.50899999999,0.26086262942806643,0,15606133
577,1,60,10,125389.7,2,1,1,178616.73,0,False,False,Senior,304006.43,0.6435801802657903,1,15599403
652,0,38,1,103895.31,1,0,1,159649.44,0,False,True,Middle,119860.254,0.3922845552870562,0,15648225
678,1,26,5,111128.04,1,1,0,60941.27,1,False,False,Young,141598.675,0.23492398872172304,0,15608406
692,0,49,9,0.0,2,1,0,178342.63,0,False,True,Senior,160508.367,0.7090056236351219,1,15633378
675,1,32,10,0.0,2,1,0,191545.65,0,False,True,Middle,191545.65000000002,0.2810474629801186,0,15664759
712,1,52,9,0.0,1,1,1,117977.45,1,False,True,Senior,106179.70500000002,0.4174003744311705,0,15625545
639,0,37,5,151242.48,1,0,1,49637.65,0,True,False,Middle,176061.30500000002,0.5609779893611361,1,15772148
618,1,48,7,0.0,1,1,0,13921.82,1,False,False,Senior,9745.274,0.5444046565484809,1,15810829
554,1,39,2,129709.62,1,1,0,173197.12,0,False,False,Middle,164349.044,0.49875731496705095,0,15731669
533,1,47,9,83347.25,1,1,1,137696.25,0,False,False,Senior,207273.875,0.3895094344920898,0,15738634
540,0,28,6,84121.04,1,0,1,80698.54,0,False,True,Young,132540.164,0.22593434277279137,0,15737571
704,1,33,3,0.0,2,1,0,73018.74,0,False,True,Middle,21905.622000000003,0.28792133293393013,0,15667602
678,1,43,5,102338.19,1,1,1,79649.62,0,False,False,Middle,142163.0,0.30906619969521887,0,15684147
712,0,29,3,87375.78,2,0,0,166194.53,0,False,False,Young,137234.139,0.37481973173353533,0,15789874
651,1,44,2,0.0,3,1,0,102530.35,1,False,False,Middle,20506.070000000003,0.4472498246974869,0,15757952
789,1,51,3,104677.09,1,1,0,74265.38,0,True,False,Senior,126956.704,0.8120848926216836,1,15698732
775,1,32,8,121669.23,1,0,1,125898.39,0,True,False,Middle,222387.94199999998,0.29488011588079655,0,15714355
564,1,40,7,108407.34,1,1,1,83681.2,0,True,False,Middle,166984.18,0.4510603135977087,0,15599090
841,0,33,7,154969.79,2,1,1,99505.75,0,True,False,Middle,224623.815,0.41572039166925556,0,15762048
850,1,39,0,141829.67,1,1,1,92748.16,0,False,True,Middle,141829.67,0.28105845834680304,0,15790596
637,0,63,5,0.0,1,1,0,28092.77,1,False,False,Elder,14046.385000000002,0.8740767342189733,1,15609623
500,1,45,2,109162.82,1,1,1,126145.08,0,False,False,Middle,134391.836,0.38631876436452256,0,15711901
655,1,44,8,87471.63,1,0,1,188593.98,0,False,False,Middle,238346.814,0.33873082422213313,0,15779809
666,0,33,2,147229.65,1,1,1,56410.17,0,False,False,Middle,158511.684,0.3028425898849742,0,15729018
658,0,24,2,0.0,2,1,1,84694.49,0,False,False,Young,16938.898,0.11639336539859467,0,15698246
749,1,66,6,182532.23,2,1,1,195429.92,0,True,False,Elder,299790.18200000003,0.8652059487807624,1,15712409
654,1,32,6,0.0,2,1,1,137898.57,0,False,False,Middle,82739.142,0.11951937947958972,0,15758306
623,0,39,1,160903.2,1,0,0,78774.36,0,False,False,Middle,168780.636,0.6596566966712529,1,15621435
761,0,33,6,138053.79,2,1,0,148779.41,0,False,False,Middle,227321.43600000002,0.46354776531701114,0,15566295
627,1,44,6,153548.12,1,0,0,35300.08,1,False,False,Middle,174728.168,0.589579091550491,1,15569098
757,1,31,8,149085.9,2,1,1,197077.36,0,True,False,Middle,306747.788,0.2839198401398989,0,15662532
695,0,53,8,95231.91,1,0,0,70140.8,1,True,False,Senior,151344.55000000002,0.8955843189325849,1,15664001
726,1,34,3,0.0,2,1,0,196288.46,0,False,False,Middle,58886.538,0.2758893503676922,0,15703437
587,1,41,8,85109.21,1,1,0,1557.82,0,False,True,Middle,86355.466,0.4906365027570986,0,15708003
605,0,43,8,125338.8,2,1,0,23970.13,0,True,False,Middle,144514.904,0.7948122237208887,1,15599452
850,1,62,5,0.0,2,1,1,180243.56,0,False,True,Elder,90121.78000000001,0.5755347938290092,1,15719793
850,0,38,0,106831.69,1,0,1,148977.72,0,False,False,Middle,106831.69,0.33752211690913253,0,15771580
751,1,29,3,159597.45,1,1,0,39934.41,0,False,False,Young,171577.77300000002,0.30476572850394573,0,15732268
627,0,37,7,147361.57,1,1,1,133031.96,0,True,False,Middle,240483.942,0.554574707019143,1,15722350
736,1,43,4,176134.54,1,1,1,52856.88,0,False,False,Middle,197277.29200000002,0.34762919336392367,0,15611371
652,0,74,5,0.0,2,1,1,937.15,0,False,False,Elder,468.57500000000005,0.8527908737062,1,15673584
627,0,35,7,0.0,2,0,1,193022.44,0,False,False,Middle,135115.708,0.24485629997263456,0,15636396
636,1,34,1,84055.43,1,0,0,37490.84,0,False,False,Middle,87804.514,0.38352889529965367,0,15706170
775,1,60,7,0.0,2,1,1,111558.7,0,False,False,Senior,78091.09000000001,0.5124491806226605,1,15725478
850,0,45,5,174088.3,4,1,0,5669.31,1,False,True,Middle,176922.955,0.6674417867641746,1,15654562
850,1,34,8,199229.14,1,0,0,68106.29,0,False,True,Middle,253714.17200000002,0.41152488313334695,0,15737509
516,1,37,8,0.0,1,1,0,101834.58,0,False,False,Middle,81467.664,0.3665793975049442,0,15690796
513,0,42,10,0.0,2,0,1,73151.25,0,False,True,Middle,73151.25,0.36913644624460445,0,15716728
673,0,69,3,78833.15,2,1,1,37196.15,0,True,False,Elder,89991.995,0.9174789708747788,1,15605665
564,0,27,6,0.0,1,0,0,7819.76,0,False,False,Young,4691.856,0.3125972763837646,0,15748481
636,0,35,2,0.0,2,1,1,23129.46,0,False,False,Middle,4625.892,0.24131439624639042,0,15757777
712,1,29,3,102540.61,1,1,1,189680.79,0,False,False,Young,159444.847,0.13216753683641758,0,15747808
568,1,51,4,0.0,3,1,1,66586.56,0,False,False,Senior,26634.624,0.36381298557060593,0,15810593
741,1,43,0,0.0,2,1,1,2920.63,1,False,True,Middle,0.0,0.27428546088712136,0,15693376
754,0,39,8,129401.87,1,1,1,87684.93,0,True,False,Middle,199549.814,0.5458245862010057,1,15579808
709,0,32,7,0.0,2,1,1,199418.02,0,False,False,Middle,139592.614,0.1902255411977583,0,15598275
510,0,32,1,0.0,2,0,1,28515.17,0,False,False,Middle,2851.517,0.2273857253537671,0,15737080
716,1,33,2,0.0,2,1,1,92916.53,0,False,True,Middle,18583.306,0.13975547005878514,0,15668580
607,1,36,10,106702.94,2,0,0,198313.69,0,True,False,Middle,305016.63,0.6031231822723417,1,15569438
656,1,26,4,139584.57,1,1,0,36308.93,0,False,True,Young,154108.142,0.2773218926682358,0,15675842
550,1,52,5,121016.23,1,1,1,41730.37,1,True,False,Senior,141881.415,0.6887401440664643,1,15577587
486,1,26,2,0.0,2,1,1,31399.4,0,False,False,Young,6279.880000000001,0.09247755562777,0,15625592
598,1,59,8,118210.42,2,0,0,60192.14,1,True,False,Senior,166364.13199999998,0.8901546536104199,1,15635141
675,1,35,8,0.0,2,1,0,29062.25,0,False,True,Middle,23249.800000000003,0.2962207078818116,0,15642570
755,0,29,4,148654.84,2,1,1,28805.09,0,False,False,Young,160176.876,0.2068970617260211,0,15702175
656,1,32,5,136963.12,1,1,0,133814.28,0,False,True,Middle,203870.26,0.37804474962923573,0,15677785
644,1,47,9,137774.11,2,1,0,151902.78,0,True,False,Senior,274486.61199999996,0.7740819239956099,1,15786153
598,0,32,4,111156.52,1,1,1,167376.26,0,False,False,Middle,178107.024,0.2704445885747159,0,15759499
850,0,31,3,121237.65,1,1,1,31022.56,0,False,True,Middle,130544.41799999999,0.24931676179751433,0,15659568
679,1,36,1,97234.58,1,1,0,188997.08,0,False,False,Middle,116134.288,0.39546451623552786,0,15715597
632,1,60,2,0.0,2,0,1,2085.32,0,False,False,Senior,417.0640000000001,0.5688012877362745,1,15610147
550,1,45,0,0.0,2,0,1,70399.71,0,False,True,Middle,0.0,0.33397860007443003,0,15802362
572,0,54,9,97382.53,1,1,1,195771.95,0,True,False,Senior,273577.28500000003,0.8158488962234347,1,15660524
626,0,47,2,103108.8,1,0,1,166475.44,1,True,False,Senior,136403.888,0.7174124048632886,1,15747168
625,0,57,7,0.0,1,0,0,84106.17,1,False,True,Senior,58874.318999999996,0.8339886548411652,1,15796910
515,0,58,2,131852.81,1,1,0,81436.68,1,False,False,Senior,148140.146,0.8880169095488041,1,15707674
612,1,35,1,0.0,1,1,1,83256.26,1,False,True,Middle,8325.626,0.18618675048422093,0,15565706
628,0,39,8,107553.33,1,1,0,117523.41,0,False,True,Middle,201572.05800000002,0.6216242396914654,1,15587596
529,0,43,5,0.0,2,0,0,79476.63,0,False,True,Middle,39738.315,0.6325028686062697,1,15751943
668,0,46,7,161806.09,1,1,1,173052.19,0,True,False,Senior,282942.623,0.7214579555559557,1,15621227
526,1,30,9,0.0,2,0,0,100995.68,0,False,False,Young,90896.112,0.2377347550191118,0,15757588
791,0,52,7,0.0,1,1,1,122782.5,0,False,False,Senior,85947.75,0.5182235690391421,1,15640922
573,1,27,2,128243.03,1,1,1,11631.34,0,False,False,Young,130569.298,0.13954347624691832,0,15567557
565,0,38,5,126645.13,1,1,1,168303.55,0,False,False,Middle,210796.90500000003,0.38621959876827405,0,15670103
604,0,47,8,62094.71,3,0,0,9308.1,1,False,False,Senior,69541.19,0.6562782348336618,1,15720929
656,1,37,7,112291.34,1,1,0,153157.97,0,False,False,Middle,219501.919,0.42791678332176764,0,15732774
447,0,44,5,89188.83,1,1,1,75408.24,0,False,False,Middle,126892.95000000001,0.48821085830949235,0,15628558
682,1,55,9,0.0,1,1,0,153356.8,1,False,False,Senior,138021.12,0.6824444653967714,1,15729201
437,1,28,2,109161.25,1,1,0,152987.42,0,False,True,Young,139758.734,0.3298595278518102,0,15731117
792,1,47,0,0.0,1,1,1,5557.88,1,False,True,Senior,0.0,0.3520459770250878,0,15615207
627,0,25,4,0.0,1,1,1,194313.93,0,False,True,Young,77725.572,0.14873997439036152,0,15773512
767,0,34,8,0.0,2,1,0,94767.77,0,False,False,Middle,75814.216,0.3754102122601083,0,15572145
686,1,26,7,0.0,2,1,0,1540.89,0,False,False,Young,1078.6230000000003,0.1584698739623426,0,15642710
789,0,53,1,158271.74,1,1,1,5036.39,1,False,False,Senior,158775.379,0.6674775233038204,1,15574213
794,1,56,9,96951.21,1,1,1,71776.76,0,False,False,Senior,161550.294,0.5049597553132478,1,15718852
587,1,35,5,121863.61,1,1,1,23481.69,1,True,False,Middle,133604.45500000002,0.3665778143737585,0,15583840
589,0,19,9,83495.11,1,1,1,143022.31,1,True,False,Young,212215.189,0.21088791196577059,0,15782418
543,0,25,1,146566.01,1,0,1,161407.48,0,True,False,Young,162706.758,0.35829359919683396,0,15813504
589,0,45,1,0.0,1,0,0,125939.22,1,False,True,Middle,12593.922,0.6889970983530724,1,15711314
701,1,23,5,186101.18,2,1,1,76611.33,0,True,False,Young,224406.845,0.1892285477474614,0,15621064
850,1,40,6,0.0,1,1,0,136985.08,1,False,False,Middle,82191.04800000001,0.3745641372033119,0,15627847
726,0,51,8,107494.86,2,1,0,140937.91,1,True,False,Senior,220245.18800000002,0.8744955401392414,1,15588090
767,1,47,2,0.0,1,1,0,48161.18,1,False,True,Senior,9632.236,0.5616090665589947,1,15735270
648,1,36,8,146943.38,2,1,1,130041.45,0,False,True,Middle,250976.54,0.23325160737380682,0,15671804
651,0,36,8,0.0,2,1,0,91652.43,0,False,True,Middle,73321.944,0.45925842835768566,0,15753215
633,0,36,6,125130.28,1,0,0,125961.48,0,False,False,Middle,200707.168,0.5646554492830753,1,15789941
740,0,37,9,0.0,2,1,1,73225.31,0,False,False,Middle,65902.77900000001,0.22911430174145225,0,15691061
592,0,34,9,0.0,2,1,1,20460.2,0,False,False,Middle,18414.180000000004,0.19841915724556908,0,15808326
670,0,41,10,0.0,3,1,0,81602.02,0,False,False,Middle,81602.02000000002,0.4902947765385308,0,15566660
628,1,36,3,0.0,2,1,1,8742.91,0,False,False,Middle,2622.873,0.16236165189566437,0,15778947
745,1,47,5,0.0,2,0,0,145789.71,0,False,False,Senior,72894.855,0.5137860661495995,1,15632977
705,1,32,3,0.0,2,0,0,129576.99,0,False,False,Middle,38873.097,0.2568776758151018,0,15591747
559,0,42,7,0.0,2,1,1,190040.29,0,False,False,Middle,133028.203,0.3599614426602907,0,15567335
595,1,29,6,150685.79,1,1,0,87771.06,0,False,False,Young,203348.426,0.31251231973796145,0,15609299
492,1,35,4,141359.37,2,1,0,39519.53,0,False,False,Middle,157167.182,0.4149819061452008,0,15669945
498,0,29,9,0.0,1,1,0,190035.83,0,False,False,Young,171032.247,0.3738807511416101,0,15736271
655,0,39,6,94631.26,2,1,1,148948.52,0,False,False,Middle,184000.37199999997,0.3447475507124584,0,15710390
636,0,39,3,118336.14,1,1,0,184691.77,0,False,False,Middle,173743.671,0.6118108004887249,1,15756481
634,0,45,2,0.0,1,1,1,143458.31,0,False,False,Middle,28691.662,0.4222240940747694,0,15736730
793,1,63,0,0.0,2,0,1,27166.75,0,False,True,Elder,0.0,0.6344561125208142,1,15626040
526,1,50,5,124233.24,1,0,1,159456.87,1,True,False,Senior,203961.675,0.6768831806319631,1,15746553
768,0,26,5,51116.26,1,1,1,70454.79,1,False,False,Young,86343.655,0.1451039001637888,0,15622518
540,1,64,1,91869.69,1,0,1,95421.0,0,True,False,Elder,101411.79000000001,0.8529784582018869,1,15684908
732,0,34,8,122338.43,2,1,0,187985.85,0,False,False,Middle,272727.11,0.48422202978599566,0,15569446
617,0,30,8,0.0,1,1,1,92621.9,0,False,False,Young,74097.52,0.17736589980392428,0,15777504
637,0,54,5,0.0,1,0,1,150836.98,0,False,True,Senior,75418.49,0.6253266138938663,1,15677906
573,1,26,8,86270.93,2,1,1,90177.3,0,False,False,Young,158412.77000000002,0.09795788153244593,0,15703292
531,1,44,3,0.0,2,1,1,34416.79,0,False,False,Middle,10325.037,0.27772555368529545,0,15712938
489,0,38,5,117289.92,1,0,0,85231.88,0,False,False,Middle,159905.86,0.6207258891327404,1,15631359
601,1,35,2,0.0,2,1,1,118983.18,0,False,False,Middle,23796.636,0.1547744534157136,0,15720847
452,1,33,7,153663.27,1,1,0,111868.23,0,True,False,Middle,231971.031,0.600036554073319,1,15787830
728,0,29,1,0.0,1,1,1,83056.22,0,False,True,Young,8305.622000000001,0.18677919990346986,0,15599869
590,0,27,8,123599.49,2,1,0,1676.92,0,True,False,Young,124941.02600000001,0.5264955439999006,1,15592078
490,1,29,4,0.0,2,1,0,32089.57,0,False,False,Young,12835.828000000001,0.2326767000173607,0,15596228
596,0,76,9,134208.25,1,1,1,13455.43,0,False,True,Elder,146318.137,0.9171066194556732,1,15578462
635,1,29,1,0.0,1,0,1,24865.54,0,False,False,Young,2486.554,0.1191548802624438,0,15756894
782,1,35,7,98556.89,2,1,0,117644.36,0,True,False,Middle,180907.942,0.5201975974827471,1,15796167
790,0,37,3,0.0,3,0,0,98897.32,0,False,True,Middle,29669.196000000004,0.45810829135196174,0,15664808
587,1,40,2,0.0,4,0,1,106174.7,1,False,False,Middle,21234.940000000002,0.19023735235430383,0,15664555
794,0,46,8,134593.79,1,1,1,46386.37,0,False,True,Senior,171702.886,0.5022190952929768,1,15607278
515,1,41,8,0.0,2,1,1,185054.14,0,False,False,Middle,148043.312,0.23658367625787796,0,15585222
746,1,24,10,68781.82,1,0,1,47997.39,0,False,True,Young,116779.21000000002,0.08361713144452824,0,15750299
667,0,56,8,137464.04,1,1,0,130846.79,1,True,False,Senior,242141.472,0.9266100247096872,1,15761294
709,1,32,4,147307.91,1,0,1,40861.55,0,False,False,Middle,163652.53,0.18205521508344558,0,15810454
536,0,35,8,0.0,1,1,0,171840.24,1,False,False,Middle,137472.192,0.47469419769924354,0,15673984
711,0,41,3,145754.91,1,1,1,101455.07,0,False,False,Middle,176191.431,0.43057078632050766,0,15609319
753,1,46,8,0.0,3,1,0,90747.94,1,False,False,Senior,72598.352,0.44501246491133556,0,15709941
748,1,44,4,112610.77,1,0,1,2048.55,0,False,False,Middle,113430.19,0.33070368532014105,0,15580252
623,0,57,7,71481.79,2,1,1,84421.34,0,False,False,Senior,130576.728,0.658275805722461,1,15741275
465,1,33,5,0.0,2,0,1,78698.09,0,False,False,Middle,39349.045,0.14685362649633754,0,15707132
640,0,34,3,77826.8,1,1,1,168544.85,0,False,True,Middle,128390.255,0.29955362247163414,0,15600708
562,1,75,5,87140.85,1,1,1,39351.64,0,False,False,Elder,106816.67000000001,0.8445866879206141,1,15804787
502,0,42,0,132002.7,1,0,1,28204.98,1,True,False,Middle,132002.7,0.6920875026054584,1,15690021
536,1,32,7,178011.5,2,1,0,22375.14,0,False,False,Middle,193674.098,0.3554251115380696,0,15763895
670,0,32,4,102954.68,2,0,1,134942.45,0,True,False,Middle,156931.66,0.4121838341667247,0,15623478
775,1,51,2,123783.25,1,1,1,134901.57,0,True,False,Senior,150763.564,0.6482327153953871,1,15797910
759,1,30,4,101802.67,1,0,0,8693.8,0,True,False,Young,105280.19,0.46700885172217127,0,15577751
604,1,33,3,148659.48,1,0,0,42437.75,0,False,False,Middle,161390.80500000002,0.40037774446144503,0,15781777
766,0,62,7,142724.48,1,0,1,5893.23,1,True,False,Elder,146849.741,0.878600627293465,1,15740527
554,0,41,4,112152.89,1,0,1,36242.19,0,False,True,Middle,126649.766,0.4669520802084158,0,15721251
487,0,53,10,89550.85,1,0,1,90076.85,0,False,False,Senior,179627.7,0.641465293080822,1,15602994
725,1,35,7,75915.75,1,1,0,150507.43,0,False,False,Middle,181270.951,0.3552166077001424,0,15750769
732,0,42,2,118889.66,2,0,0,87422.15,0,True,False,Middle,136374.09,0.795484595572075,1,15740175
623,1,40,5,118788.57,1,1,0,192867.4,0,False,False,Middle,215222.27000000002,0.5003233007461971,1,15679968
781,0,42,3,156555.54,1,1,1,175674.01,0,False,False,Middle,209257.74300000002,0.4428522674523407,0,15694404
714,1,53,1,99141.86,1,1,1,72496.05,1,True,False,Senior,106391.465,0.6854128874447425,1,15657529
577,0,31,4,61211.18,1,1,1,145250.43,0,True,False,Middle,119311.352,0.3962587548125668,0,15762882
731,0,37,1,128932.4,1,1,1,180712.52,0,False,True,Middle,147003.652,0.36594682137793233,0,15642579
650,0,23,5,0.0,1,1,1,180622.43,0,False,True,Young,90311.215,0.1284695976589386,0,15598884
779,1,32,10,80728.15,1,1,0,86306.75,0,False,False,Middle,167034.9,0.2792365854625507,0,15770185
706,0,46,2,127660.46,2,1,0,150156.82,1,False,True,Senior,157691.82400000002,0.7297601601339708,1,15800287
733,1,44,3,106070.89,1,0,1,101617.43,0,False,True,Middle,136556.119,0.3596667221600448,0,15665861
579,0,42,3,137560.38,2,1,1,85424.34,0,True,False,Middle,163187.682,0.6345009891684912,1,15662203
476,0,34,8,111905.43,1,0,1,197221.81,1,True,False,Middle,269682.878,0.5218715253123913,1,15616454
775,1,40,9,126212.64,1,1,0,70196.57,0,False,False,Middle,189389.553,0.44887250891975194,0,15702788
538,1,68,9,0.0,2,1,0,110440.5,1,False,True,Elder,99396.45000000001,0.8631004563763899,1,15778149
602,1,38,7,111835.94,2,1,0,124389.61,0,False,False,Middle,198908.66700000002,0.4282241982918043,0,15680001
615,1,30,8,0.0,2,0,0,3183.15,0,False,False,Young,2546.5200000000004,0.21326498163823057,0,15711991
700,0,28,3,99705.69,2,0,0,146723.72,0,True,False,Young,143722.806,0.5567999147125874,1,15633834
615,1,32,1,0.0,2,0,0,2139.25,0,False,False,Middle,213.925,0.28488576133481563,0,15765266
544,1,44,2,108895.93,1,0,0,69228.2,1,True,False,Middle,122741.56999999999,0.7629694795019077,1,15791867
573,1,56,3,154669.77,1,0,1,115462.27,1,False,True,Senior,189308.451,0.6448587096352986,1,15675380
555,1,50,7,128061.0,2,1,1,62375.1,0,False,True,Senior,171723.57,0.4661667715247738,0,15770576
692,0,31,2,0.0,2,1,0,91829.17,1,False,False,Middle,18365.834,0.3549558861712873,0,15775294
476,0,40,4,0.0,2,0,0,182547.04,0,False,False,Middle,73018.816,0.5669065353691055,1,15727059
770,1,46,9,190678.02,1,1,1,14725.36,0,False,True,Senior,203930.84399999998,0.39416269824316585,0,15702499
641,0,40,7,0.0,1,1,0,126996.67,0,False,False,Middle,88897.669,0.5437925163523535,1,15611699
705,0,35,5,0.0,1,1,0,133991.11,1,False,False,Middle,66995.555,0.44088622481864626,0,15654000
784,1,38,5,136712.91,1,0,1,169920.92,0,False,False,Middle,221673.37000000002,0.2482718195976689,0,15657881
727,0,52,1,154733.97,1,1,0,80259.67,1,False,True,Senior,162759.937,0.8382948267625343,1,15719991
576,0,41,4,112609.91,1,0,0,191035.18,1,False,False,Middle,189023.98200000002,0.6630752148769968,1,15720687
646,1,69,10,115462.44,1,1,0,40421.87,0,False,True,Elder,155884.31,0.8953713302337342,1,15687079
638,1,34,5,133501.36,1,0,1,155643.04,0,False,False,Middle,211322.88,0.21015930566680466,0,15582276
632,1,30,1,58668.02,1,1,1,78670.52,0,True,False,Young,66535.072,0.2593137021286126,0,15763980
850,1,44,7,89118.26,1,1,0,104240.77,1,False,True,Middle,162086.799,0.5302180257347361,1,15720774
492,0,28,9,0.0,2,1,0,95957.09,0,False,False,Young,86361.381,0.31300608294524956,0,15592194
673,0,77,10,76510.52,2,0,1,59595.66,0,True,False,Elder,136106.18000000002,0.9479347600605843,1,15803685
609,1,34,7,140694.78,2,1,0,46266.63,0,False,True,Middle,173081.421,0.38490572185655664,0,15759456
701,1,36,7,95448.32,2,1,0,189085.07,0,True,False,Middle,227807.869,0.5643895692206296,1,15611544
651,1,34,4,91562.99,1,1,1,123954.15,0,False,False,Middle,141144.65000000002,0.18456441128374637,0,15794257
508,1,31,8,72541.48,1,1,0,129803.08,0,False,False,Middle,176383.94400000002,0.3144649500629249,0,15681697
616,0,43,3,120867.18,1,1,0,18761.92,1,False,True,Middle,126495.756,0.7127920743529506,1,15579566
489,1,34,5,0.0,1,0,0,43540.59,0,False,False,Middle,21770.295,0.33155995394908133,0,15577970
567,0,45,1,157320.51,1,1,0,62193.92,0,False,True,Middle,163539.902,0.7751041617105336,1,15727489
714,1,27,3,0.0,3,1,1,129130.09,0,False,True,Young,38739.027,0.08395587594318134,0,15764284
678,0,30,1,139676.95,2,0,1,16146.0,0,True,False,Young,141291.55000000002,0.416517853078673,0,15581811
581,0,55,6,0.0,1,1,1,22442.13,0,False,False,Senior,13465.278,0.6019830519933238,1,15622527
748,1,60,3,0.0,2,1,1,78194.37,0,False,True,Senior,23458.311,0.5567098610410138,1,15753362
781,0,19,3,0.0,2,1,1,124297.32,0,False,False,Young,37289.196,0.07435918627811747,0,15666652
691,1,21,3,103000.94,1,1,1,104648.58,0,False,True,Young,134395.514,0.08588678306276014,0,15789714
507,1,31,2,134237.07,1,1,1,166423.66,1,True,False,Middle,167521.80200000003,0.3279883659218779,0,15771543
724,1,34,6,118235.7,2,0,0,157137.23,0,True,False,Middle,212518.038,0.5414729403041214,1,15748327
705,0,57,3,0.0,2,1,1,34134.14,0,False,True,Senior,10240.242,0.6414566168233429,1,15754649
708,0,64,5,0.0,3,0,1,112520.07,1,False,True,Elder,56260.03500000001,0.7376089682425068,1,15810460
580,1,38,9,115442.19,2,1,0,128481.5,1,True,False,Middle,231075.54,0.6216357718838607,1,15771742
850,1,38,5,0.0,2,1,0,16491.64,0,False,False,Middle,8245.82,0.31178265441990866,0,15642160
714,1,25,2,0.0,1,1,1,132979.43,0,False,True,Young,26595.886,0.08699220628476126,0,15798439
559,0,43,1,0.0,2,1,1,196645.87,0,False,False,Middle,19664.587,0.3711266436448367,0,15605293
577,0,44,8,115557.0,1,0,1,127506.76,0,False,True,Middle,217562.408,0.5174070388965286,1,15692631
647,0,35,3,166518.63,2,1,0,147930.46,0,True,False,Middle,210897.768,0.7217837828905542,1,15665376
554,1,30,6,135370.12,1,1,1,179689.05,1,False,True,Young,243183.55,0.1850552034384429,0,15772412
549,1,54,5,92877.33,1,1,0,2619.64,1,True,False,Senior,94187.15000000001,0.855227113781995,1,15654577
528,0,26,10,102073.67,2,0,0,166799.93,0,False,False,Young,268873.6,0.36081896602931957,0,15585427
720,1,46,3,97042.6,1,1,1,133516.51,1,True,False,Senior,137097.553,0.5462659673683491,1,15584536
743,1,41,7,0.0,1,1,0,163736.09,1,False,True,Middle,114615.26299999999,0.4415421234236837,0,15585853
615,1,24,8,108528.07,2,0,0,179488.41,1,True,False,Young,252118.798,0.3689470124411021,0,15645271
635,0,44,2,79064.85,2,0,1,113291.75,0,True,False,Middle,101723.20000000001,0.6340614399782535,1,15579387
686,1,45,3,74274.87,3,1,0,64907.48,1,False,True,Middle,93747.114,0.535974035546836,1,15623107
840,0,36,6,0.0,2,1,0,141364.27,0,False,True,Middle,84818.56199999999,0.4393088433439057,0,15754072
695,1,43,1,100421.1,1,1,1,101141.28,0,False,False,Middle,110535.228,0.3182797250494708,0,15666163
564,1,26,7,84006.88,2,0,0,183490.99,0,False,False,Young,212450.573,0.2341581775594583,0,15765192
805,0,31,4,0.0,2,1,0,4798.12,0,False,False,Middle,1919.248,0.32745781855247874,0,15804822
558,1,45,4,0.0,1,1,0,131807.14,0,False,True,Middle,52722.85600000001,0.5514516515170637,1,15612893
657,0,39,4,80293.81,1,1,0,97192.76,0,False,False,Middle,119170.91399999999,0.5813843990356947,1,15593636
641,0,42,7,125437.14,2,0,0,164128.58,0,False,False,Middle,240327.146,0.655526194303908,1,15693326
755,1,36,8,0.0,2,1,0,176809.87,0,False,False,Middle,141447.896,0.3053905378323094,0,15809901
483,1,48,1,0.0,2,1,1,110059.38,0,False,False,Senior,11005.938000000002,0.35534976535362583,0,15759751
545,0,44,2,127536.44,1,1,0,108398.63,0,True,False,Middle,149216.166,0.8484700760169286,1,15605425
678,1,66,8,0.0,2,1,1,47117.03,0,False,False,Elder,37693.624,0.6254109901775993,1,15801934
781,0,48,9,82794.18,1,1,0,124720.68,1,True,False,Senior,195042.792,0.8418523682241384,1,15592000
571,0,22,3,108117.1,1,0,1,53328.7,0,False,True,Young,124115.71,0.16853451066882058,0,15618695
634,0,35,10,0.0,1,1,0,82634.41,0,False,True,Middle,82634.41000000002,0.45577560195724587,0,15637110
523,1,27,8,61688.61,2,1,0,147059.16,0,True,False,Young,179335.93800000002,0.39339526081472526,0,15727408
501,0,40,2,0.0,2,0,0,141946.92,0,False,False,Middle,28389.384000000005,0.5638946845164545,1,15716328
662,1,74,6,0.0,2,1,0,123583.85,0,False,False,Elder,74150.31000000001,0.8952215197476434,1,15669060
573,1,50,0,159304.07,1,0,1,155915.24,1,False,True,Senior,159304.07,0.5375944312618439,1,15675854
648,1,33,5,138664.24,1,1,0,29076.27,0,True,False,Middle,153202.375,0.554548800028934,1,15621116
662,0,22,2,126362.57,2,1,1,97382.8,0,False,False,Young,145839.13,0.13691747873371954,0,15781495
725,1,39,4,160652.45,2,1,0,57643.55,0,False,False,Middle,183709.87000000002,0.46293401281828817,0,15740470
563,0,35,2,183572.84,1,1,1,66006.75,1,False,False,Middle,196774.19,0.3756512198688652,0,15714391
628,1,31,0,88421.81,1,0,0,72350.47,0,False,False,Middle,88421.81,0.33496411930195447,0,15730137
546,0,45,2,0.0,1,0,0,197789.83,1,False,True,Middle,39557.966,0.6895101808434405,1,15596455
688,1,41,2,112871.19,2,0,1,65520.74,0,True,False,Middle,125975.338,0.4590258384975381,0,15717290
850,1,41,8,60880.68,1,1,0,31825.84,0,True,False,Middle,86341.352,0.5976625714372439,1,15616555
614,0,34,5,0.0,2,1,0,185561.89,0,False,False,Middle,92780.945,0.41927668113929284,0,15659820
719,0,37,9,101455.7,1,1,0,25803.59,1,False,False,Middle,124678.931,0.5092873299951931,1,15696301
757,0,71,0,88084.13,2,1,1,154337.47,0,False,False,Elder,88084.13,0.8523719230542199,1,15771087
669,1,29,7,0.0,2,1,1,138145.62,0,False,False,Young,96701.93400000001,0.09577347454402114,0,15808831
438,1,59,7,127197.14,1,1,0,51565.98,1,True,False,Senior,163293.326,0.9093017129123834,1,15812241
492,1,39,7,0.0,2,0,1,71323.23,0,False,False,Middle,49926.261,0.20467446972539174,0,15680370
622,0,39,9,83456.79,2,0,0,38882.34,0,False,False,Middle,118450.89599999998,0.5423383830475506,1,15780561
645,1,42,4,98298.18,1,1,1,676.06,0,False,False,Middle,98568.60399999999,0.2972768025085771,0,15800784
728,1,37,0,0.0,2,1,1,72203.8,0,False,False,Middle,0.0,0.17025735504313005,0,15715796
651,1,35,2,86911.8,1,1,0,174094.24,0,False,False,Middle,121730.648,0.37724149181063954,0,15605375
783,0,42,2,139707.28,1,1,0,2150.22,0,True,False,Middle,140137.324,0.8114614042370146,1,15621520
732,0,67,1,0.0,2,1,1,177783.04,0,False,True,Elder,17778.304,0.7887943461490472,1,15665460
553,0,39,1,142876.98,2,1,0,44363.42,0,False,True,Middle,147313.32200000001,0.6593929390747012,1,15801152
660,1,30,7,146301.31,1,0,0,96847.91,0,False,False,Young,214094.847,0.3221848044917889,0,15756425
670,0,40,3,47364.45,1,1,1,148579.43,1,False,False,Middle,91938.279,0.35417039392226557,0,15674328
718,1,38,7,0.0,2,1,0,38308.34,0,False,False,Middle,26815.838000000003,0.3227404210729391,0,15742404
787,1,51,0,58137.08,1,0,1,142538.31,0,False,False,Senior,58137.08,0.42411567310584236,0,15757140
775,0,38,6,179886.41,2,0,0,153122.58,0,True,False,Middle,271759.958,0.7604803827923258,1,15570051
479,1,24,6,107637.97,2,0,1,169505.83,0,True,False,Young,209341.468,0.20313562422007647,0,15669175
660,0,20,6,167685.56,1,1,0,57929.9,0,False,False,Young,202443.5,0.2793385574232769,0,15790324
721,1,68,4,136525.99,1,0,0,175399.14,0,True,False,Elder,206685.646,0.9498041866344719,1,15691119
659,1,39,8,52106.33,2,1,1,107964.36,0,True,False,Middle,138477.81800000003,0.3578817774319254,0,15743478
743,0,39,8,0.0,1,1,0,94263.44,0,False,False,Middle,75410.75200000001,0.49664438951679696,0,15707007
670,0,45,9,104930.38,1,1,0,155921.81,1,False,False,Middle,245260.00900000002,0.6992389455863369,1,15572547
766,0,34,6,106434.94,1,0,1,137995.66,1,True,False,Middle,189232.336,0.4553100074474558,0,15567063
845,0,38,2,112803.92,1,1,0,179631.85,0,False,True,Middle,148730.29,0.5793243590065196,1,15689633
710,0,46,10,120530.34,1,1,0,166586.99,1,True,False,Senior,287117.32999999996,0.8479862986075484,1,15720637
602,0,43,2,113641.49,4,1,0,115116.35,1,True,False,Middle,136664.76,0.7832611708482262,1,15616859
604,1,43,2,145081.72,1,1,1,23881.62,0,False,True,Middle,149858.044,0.3882844768056638,0,15766166
564,0,35,9,0.0,2,1,1,105837.38,0,False,True,Middle,95253.642,0.2509548122029886,0,15617655
637,0,27,7,135842.89,1,1,1,101418.05,0,True,False,Young,206835.52500000002,0.35129267681538506,0,15623450
527,0,31,1,112203.25,1,1,0,182266.01,0,False,False,Middle,130429.851,0.47371525757849126,0,15796612
687,1,34,7,129895.19,1,0,1,28698.17,0,False,False,Middle,149983.909,0.18771007599789713,0,15795963
756,1,41,6,149049.92,1,0,1,50422.36,1,True,False,Middle,179303.336,0.4723330350268003,0,15781598
503,1,42,9,153279.39,1,1,1,151336.96,0,True,False,Middle,289482.654,0.5415329221965521,1,15691871
657,1,42,5,41473.33,1,1,0,112979.6,1,False,True,Middle,97963.13,0.5010205595066188,1,15740345
666,0,40,2,0.0,2,0,0,36371.27,0,False,False,Middle,7274.254,0.5417402443311296,1,15662626
615,1,39,5,113193.51,2,1,1,52166.25,0,True,False,Middle,139276.635,0.4093535976490783,0,15596575
712,1,27,8,113174.21,2,1,0,147261.58,0,True,False,Young,230983.474,0.39450182857358707,0,15657321
764,0,24,0,0.0,2,1,0,88724.49,0,False,False,Young,0.0,0.23928129927469954,0,15575955
471,1,42,3,164951.56,1,1,0,190531.77,0,False,False,Middle,222111.091,0.594503665127003,1,15743893
608,1,27,4,153325.1,1,1,1,199953.33,0,False,True,Young,233306.432,0.15371395943782487,0,15697270
682,0,47,10,134032.01,1,1,0,144290.97,0,False,True,Senior,278322.98,0.7616464489398795,1,15644356
587,0,32,3,125445.04,2,1,1,130514.78,0,True,False,Middle,164599.474,0.4347889269139906,0,15677586
714,0,35,6,126077.43,2,1,1,53954.24,0,True,False,Middle,158449.974,0.45433207472800385,0,15571261
630,0,31,1,0.0,2,1,1,169802.73,0,False,True,Middle,16980.273,0.20087675689064372,0,15698758
648,0,28,8,90371.09,1,1,1,146851.73,0,True,False,Young,207852.47400000002,0.34505984697932574,0,15787014
785,0,40,3,0.0,2,1,1,96832.82,0,False,False,Middle,29049.846000000005,0.2884805552367902,0,15739857
601,0,47,1,142802.02,1,1,1,57553.02,0,True,False,Senior,148557.322,0.7455912789405651,1,15774630
717,0,28,1,90537.16,1,0,1,74800.99,0,False,False,Young,98017.259,0.2038912745187656,0,15805523
707,0,44,6,0.0,2,1,1,192542.17,0,False,False,Middle,115525.30200000001,0.3701867214085233,0,15749557
771,0,23,7,156123.73,1,1,0,72990.62,0,False,False,Young,207217.16400000002,0.3015989086380171,0,15681180
602,0,35,5,0.0,2,1,0,31050.02,0,False,False,Middle,15525.010000000002,0.4283366766102493,0,15742028
626,1,38,7,141074.59,1,1,0,52795.56,1,False,False,Middle,178031.482,0.4540885629475475,0,15686463
588,1,59,4,0.0,2,1,1,27435.41,0,False,True,Senior,10974.164,0.5603623919457976,1,15654379
616,0,42,6,117899.95,2,0,0,150266.81,0,True,False,Middle,208060.03600000002,0.803346689890029,1,15783629
621,1,33,4,0.0,2,1,1,40299.23,0,False,True,Middle,16119.692000000003,0.1437174113990823,0,15751193
674,1,26,6,166257.96,1,1,1,149369.41,0,False,False,Young,255879.606,0.12796780337871275,0,15724099
633,0,46,3,0.0,2,1,0,120250.58,0,False,True,Senior,36075.174,0.6670574500844972,1,15568429
698,0,64,1,169362.43,1,1,0,84760.32,1,True,False,Elder,177838.462,0.9641632461826875,1,15648967
508,1,26,7,205962.0,1,1,0,156424.4,0,False,False,Young,315459.08,0.315991258618517,0,15664498
736,0,24,0,0.0,2,1,0,109355.73,1,False,False,Young,0.0,0.24041741202030312,0,15779522
672,1,68,0,126061.51,2,1,1,184936.77,0,True,False,Elder,126061.51,0.8686622399773347,1,15583850
613,0,21,7,105627.95,1,1,1,36560.51,0,False,False,Young,131220.307,0.12340210211507749,0,15696539
712,1,32,9,100606.02,1,1,0,165693.06,0,False,False,Middle,249729.77400000003,0.3228589438205653,0,15760121
624,0,38,3,0.0,2,1,1,163666.85,0,False,False,Middle,49100.05500000001,0.27968218788042637,0,15628279
676,1,38,1,0.0,2,0,1,35644.79,0,False,False,Middle,3564.4790000000003,0.19240708973744544,0,15766163
683,0,32,0,138171.1,2,1,1,188203.58,0,True,False,Middle,138171.1,0.42226364645962444,0,15566467
489,0,31,7,139395.08,1,0,1,6120.84,0,False,False,Middle,143679.66799999998,0.2703951827576714,0,15639049
739,1,29,1,0.0,2,1,1,164484.78,0,False,False,Young,16448.478,0.09344867824974235,0,15736413
701,0,37,3,0.0,2,1,1,164268.28,0,False,False,Middle,49280.484,0.2537093008545024,0,15634815
666,0,50,7,109062.28,1,1,1,140136.1,1,True,False,Senior,207157.55000000002,0.7490329255216959,1,15716381
565,0,40,1,89994.71,2,0,1,121084.27,0,True,False,Middle,102103.137,0.5815369237312606,1,15708162
666,1,36,3,0.0,2,1,0,35156.54,0,False,False,Middle,10546.962,0.31996572209533664,0,15569364
633,1,59,2,103996.74,1,1,1,103159.11,0,False,False,Senior,124628.562,0.6254778390592994,1,15791191
578,1,34,4,175111.11,1,1,1,74858.3,0,False,False,Middle,205054.43,0.22980236117099,0,15621205
812,0,49,8,66079.45,2,0,0,91556.57,1,False,True,Senior,139324.706,0.7191016612096582,1,15704788
809,1,33,8,148055.74,1,0,0,199203.21,0,True,False,Middle,307418.30799999996,0.5588478438855108,1,15775756
615,1,36,6,0.0,1,1,1,27011.8,1,False,False,Middle,16207.08,0.16463246913678714,0,15641312
684,0,31,8,0.0,2,1,0,188637.05,0,False,True,Middle,150909.63999999998,0.38123618189198843,0,15782531
544,1,40,8,0.0,2,1,0,61581.2,0,False,False,Middle,49264.96,0.38562756057744,0,15724428
713,1,47,1,95994.98,1,1,0,197529.23,0,True,False,Senior,115747.90299999999,0.7621557406355809,1,15743617
633,1,37,2,0.0,2,1,0,182258.17,0,False,False,Middle,36451.634000000005,0.3389709036198736,0,15585839
672,0,23,10,110741.56,1,1,0,80778.5,0,True,False,Young,191520.06,0.45845745382001696,0,15658158
661,1,35,5,0.0,1,1,0,155394.52,0,False,False,Middle,77697.26,0.3209465684133306,0,15637678
749,0,28,3,0.0,1,1,0,3408.7,0,False,True,Young,1022.6099999999999,0.3375449319013385,0,15701809
635,0,32,8,0.0,2,1,1,19367.98,1,False,True,Middle,15494.384,0.19113091690663128,0,15676937
850,0,70,1,96947.58,3,1,0,62282.99,1,True,False,Elder,103175.879,0.9634142484854781,1,15778975
641,1,41,6,0.0,2,1,0,65396.79,0,False,False,Middle,39238.074,0.3978803238241585,0,15710375
633,1,30,2,109786.82,2,1,1,139712.81,0,True,False,Young,137729.382,0.2614786341747968,0,15579914
413,1,35,2,0.0,2,1,1,60972.84,0,False,True,Middle,12194.568,0.19234986394171033,0,15595160
538,1,31,1,0.0,2,1,0,1375.46,0,False,False,Middle,137.54600000000002,0.2733754720094849,0,15595391
437,0,39,0,102721.49,1,0,0,22191.82,0,False,False,Middle,102721.49,0.6666577706478846,1,15630363
612,1,33,5,69478.57,1,1,0,8973.67,1,False,True,Middle,73965.40500000001,0.35129497987882863,0,15692443
516,0,53,1,156674.2,1,1,0,118502.34,1,True,False,Senior,168524.434,0.9258547318815785,1,15593795
826,0,56,8,174506.1,2,0,1,161802.82,1,False,True,Senior,303948.356,0.7139531962330858,1,15642824
660,0,23,6,166070.48,2,0,0,90494.72,0,True,False,Young,220367.31200000003,0.5029266375249395,1,15683524
646,0,29,4,105957.44,1,1,0,15470.91,0,True,False,Young,112145.804,0.59843477085586,1,15713532
767,1,36,3,0.0,1,0,0,65147.27,0,False,False,Middle,19544.181,0.33177805427068413,0,15719827
640,1,40,8,110340.68,1,1,1,157886.6,0,False,False,Middle,236649.96000000002,0.2752730452788761,0,15578435
778,1,33,1,0.0,2,1,0,85439.73,0,False,False,Middle,8543.973,0.26164195480632274,0,15723028
679,1,52,9,135870.01,2,0,0,54038.62,0,True,False,Senior,184504.768,0.8196459764790296,1,15595609
549,1,31,4,0.0,2,0,1,25684.85,0,False,False,Middle,10273.94,0.123163848372713,0,15622443
598,1,47,2,0.0,2,1,1,186116.54,0,False,False,Senior,37223.308000000005,0.31238095540898214,0,15579112
655,0,45,0,0.0,2,1,0,166830.71,0,False,False,Middle,0.0,0.6197663437221271,1,15648479
494,1,30,3,85704.95,1,0,1,27886.06,0,False,False,Young,94070.768,0.16197175402614147,0,15659234
653,0,42,1,0.0,2,1,1,5768.32,0,False,False,Middle,576.832,0.35877027526214456,0,15811970
539,0,38,8,105435.74,1,0,0,80575.44,1,True,False,Middle,169896.092,0.7581874589127156,1,15774192
645,0,37,1,0.0,2,1,1,68987.55,0,False,False,Middle,6898.755000000001,0.27073357617160315,0,15595136
751,1,34,9,108513.25,2,1,1,27097.82,0,True,False,Middle,132901.288,0.27211604951931057,0,15630580
528,1,35,3,156687.1,1,1,0,199320.77,0,False,False,Middle,216483.331,0.44476659965940774,0,15660646
696,1,31,3,150604.52,1,0,0,5566.6,0,True,False,Middle,152274.5,0.5390377287507481,1,15614365
716,0,44,6,155114.9,1,0,0,133871.83,0,False,False,Middle,235437.998,0.7116169439911212,1,15776128
602,0,35,8,0.0,2,1,1,152843.53,0,False,False,Middle,122274.82400000001,0.23575546782670206,0,15787035
647,0,64,1,91216.0,1,1,1,41800.18,0,False,True,Elder,95396.018,0.825868404825521,1,15792646
850,1,61,3,141784.02,1,1,1,92053.75,0,True,False,Elder,169400.145,0.7980917580168407,1,15726832
590,0,32,0,127763.24,1,1,0,100717.54,0,False,False,Middle,127763.24,0.5054194146228012,1,15773260
825,0,32,1,0.0,2,1,1,42935.15,0,False,True,Middle,4293.515,0.20040034179195715,0,15624437
850,1,31,6,82613.56,2,1,0,149170.92,0,False,True,Middle,172116.11200000002,0.2775581819006456,0,15717138
789,0,32,7,69423.52,1,1,0,107499.39,0,False,False,Middle,144673.093,0.40808550644018676,0,15657317
701,0,42,6,86167.82,1,1,0,153342.38,0,False,False,Middle,178173.24800000002,0.632877967973813,1,15626948
713,0,47,1,0.0,1,1,0,107825.08,1,False,True,Senior,10782.508000000002,0.6968749123507152,1,15758901
570,1,30,2,131406.56,1,1,1,47952.45,0,False,False,Young,140997.05,0.1697873717678603,0,15777759
536,0,44,4,121898.82,1,0,0,131007.18,0,True,False,Middle,174301.692,0.8492339889597756,1,15773322
771,1,32,9,77487.2,1,0,0,33143.04,0,True,False,Middle,107315.936,0.4538497951287969,0,15697318
512,0,75,2,0.0,1,1,0,123304.62,0,False,False,Elder,24660.924,0.9530372716514807,1,15678916
698,1,45,5,164450.94,1,1,0,141970.02,1,False,True,Middle,235435.95,0.634649898142748,1,15632118
656,1,33,7,138705.02,2,1,0,37136.15,0,False,False,Middle,164700.32499999998,0.33130497605336684,0,15788118
761,1,37,7,132730.17,1,1,0,199293.01,0,False,True,Middle,272235.277,0.4583573526352409,0,15788930
709,0,30,5,0.0,2,0,1,161388.22,0,False,False,Young,80694.11,0.16925614209102866,0,15628583
597,0,66,3,0.0,1,1,1,70532.53,0,False,True,Elder,21159.759000000002,0.8090787579003526,1,15635177
592,1,28,2,116498.22,1,1,0,144290.25,0,False,False,Young,145356.27000000002,0.28724036257943625,0,15587690
599,0,41,1,0.0,2,1,0,96069.82,0,False,False,Middle,9606.982000000002,0.5632441751681653,1,15627630
572,0,35,1,139979.07,1,1,0,185662.84,0,True,False,Middle,158545.354,0.7345807832851892,1,15610930
611,0,43,9,127216.31,2,0,1,17913.25,0,True,False,Middle,143338.235,0.6080593487192747,1,15657747
634,0,45,2,0.0,4,1,0,101039.53,1,False,False,Middle,20207.906000000003,0.5830547677527047,1,15568006
666,1,51,2,148222.65,1,0,0,156953.54,1,False,False,Senior,179613.358,0.7172592798992864,1,15751748
696,0,41,8,0.0,2,0,0,28276.83,0,False,False,Middle,22621.464000000004,0.5144046136346986,1,15722212
669,0,38,8,0.0,2,1,0,84049.16,0,False,False,Middle,67239.32800000001,0.46518786718363275,0,15658670
726,1,30,8,134152.29,1,1,1,147822.44,0,False,True,Young,252410.24200000003,0.163163874738397,0,15761654
497,0,32,8,111537.23,4,1,1,9497.99,1,True,False,Middle,119135.622,0.36127124991635756,0,15812210
750,0,39,7,119565.92,1,1,0,87067.73,0,False,True,Middle,180513.331,0.6057598988006276,1,15787051
850,0,29,7,0.0,2,1,0,23237.25,0,False,True,Young,16266.075,0.2930414859316308,0,15642991
617,1,38,7,0.0,1,1,1,27239.28,0,False,True,Middle,19067.496,0.19957550980127645,0,15713769
652,1,46,10,121063.8,3,1,0,151481.86,1,True,False,Senior,272545.66,0.7321879609406522,1,15605826
560,0,27,7,124995.98,1,1,1,114669.79,0,False,True,Young,205264.83299999998,0.224383447975091,0,15648898
629,1,39,5,0.0,2,0,0,116748.14,0,False,True,Middle,58374.07,0.4069573867449273,0,15705309
660,0,52,4,86891.84,1,1,0,90877.76,0,True,False,Senior,123242.94399999999,0.892729204288986,1,15734202
676,1,38,8,0.0,2,1,1,133692.88,0,False,False,Middle,106954.304,0.17275654611390504,0,15658852
581,1,43,9,78022.61,1,0,1,30662.91,0,False,True,Middle,105619.229,0.31442044873146824,0,15612633
798,1,34,9,154495.79,1,1,0,191395.88,0,False,False,Middle,326752.08200000005,0.38407537209405723,0,15604818
705,1,38,1,189443.72,1,0,1,106648.58,0,False,False,Middle,200108.578,0.2938452177212085,0,15593900
714,0,31,6,152926.6,1,1,1,50899.91,0,False,True,Middle,183466.546,0.27115699492241674,0,15624995
664,0,44,8,142989.69,1,1,1,115452.51,1,False,False,Middle,235351.698,0.481096266912831,0,15570087
697,1,43,7,115371.94,2,1,0,64139.1,0,True,False,Middle,160269.31,0.6829208609161206,1,15802617
609,1,37,6,0.0,2,0,1,22030.72,0,False,False,Middle,13218.432,0.16766806090251096,0,15656029
548,1,38,0,178056.54,2,1,0,38434.73,0,False,True,Middle,178056.54,0.5403803966262927,1,15739194
850,1,39,6,206014.94,2,0,1,42774.84,1,False,True,Middle,231679.844,0.28165919804605255,0,15607275
656,1,41,2,0.0,2,1,0,158973.77,0,False,False,Middle,31794.754,0.40866165929870624,0,15629475
727,1,37,9,101191.83,1,1,1,34551.35,1,True,False,Middle,132288.04499999998,0.3421271949320234,0,15635034
642,0,55,7,0.0,2,1,1,101515.76,0,False,False,Senior,71061.03199999999,0.5753616415329376,1,15756333
710,0,31,5,0.0,2,1,0,9561.73,0,False,True,Middle,4780.865,0.36086393323830823,0,15777436
710,1,33,1,0.0,2,1,0,168313.17,0,False,True,Middle,16831.317000000003,0.28542782325911537,0,15676835
718,0,37,7,0.0,2,1,1,55100.09,0,False,False,Middle,38570.063,0.23641792337028025,0,15574206
586,1,32,1,149814.54,1,1,0,31830.06,0,True,False,Middle,152997.546,0.581040302718574,1,15613017
617,0,36,7,115617.24,1,1,1,71519.4,0,False,True,Middle,165680.82,0.34433910859853645,0,15815131
630,1,28,9,0.0,2,0,0,32599.35,0,False,False,Young,29339.414999999997,0.18684462783176503,0,15585455
791,0,42,10,113657.41,2,0,1,139946.68,1,True,False,Middle,253604.09,0.580432146923708,1,15692929
673,1,39,8,138160.0,1,1,1,110468.51,0,False,True,Middle,226534.80800000002,0.28382488979967707,0,15758081
477,0,36,3,117700.86,1,0,0,74042.0,0,True,False,Middle,139913.46,0.760430594398706,1,15667476
662,0,37,5,0.0,2,1,0,151871.84,0,False,False,Middle,75935.92,0.4651188884708503,0,15738248
850,1,37,9,122506.38,1,0,1,199693.84,1,True,False,Middle,302230.836,0.3858819346434863,0,15672152
635,0,58,1,0.0,1,1,1,58907.08,1,False,False,Senior,5890.7080000000005,0.6756323619358401,1,15673372
537,1,59,9,0.0,2,0,0,103799.77,1,False,False,Senior,93419.793,0.7439040625185072,1,15587611
579,0,39,3,166501.17,2,1,0,93835.64,0,False,False,Middle,194651.86200000002,0.6324311976899856,1,15803415
651,0,46,4,89743.05,1,1,0,156425.57,1,False,True,Senior,152313.278,0.7341572366692923,1,15715673
610,0,25,2,0.0,2,1,0,123723.83,0,False,False,Young,24744.766000000003,0.2670443839076232,0,15655648
581,1,30,1,0.0,2,1,0,199464.08,0,False,False,Young,19946.408,0.23485691290090652,0,15763613
592,1,39,7,0.0,2,1,0,83084.33,0,False,False,Middle,58159.03100000001,0.36796157004195523,0,15660385
688,0,35,6,0.0,1,1,0,25488.43,1,False,True,Middle,15293.058000000003,0.45574066160986626,0,15733261
681,0,18,1,98894.39,1,1,1,9596.4,0,False,False,Young,99854.03,0.11015648221515997,0,15796231
658,1,37,3,168735.74,2,0,0,70370.24,0,True,False,Middle,189846.812,0.6451642225197181,1,15624866
792,1,34,1,0.0,1,0,1,86330.32,0,False,False,Middle,8633.032000000001,0.1470329352977454,0,15623730
528,0,62,7,133201.17,1,0,0,168507.68,1,True,False,Elder,251156.54600000003,0.9592174731863249,1,15668248
624,0,36,0,0.0,2,1,0,111605.9,0,False,True,Middle,0.0,0.4912321111752735,0,15694518
562,1,31,4,127237.25,2,0,1,143317.42,0,True,False,Middle,184564.218,0.30221519315840917,0,15638028
678,1,36,1,117864.85,2,1,0,27619.06,0,True,False,Middle,120626.75600000001,0.5963186115283067,1,15795895
705,0,64,3,153469.26,3,0,0,146573.66,1,True,False,Elder,197441.358,0.9549992374831023,1,15694376
650,1,23,4,93911.3,2,1,0,69055.45,0,True,False,Young,121533.48000000001,0.32364433416435334,0,15669204
593,0,46,2,76597.79,1,1,1,54453.72,0,False,True,Senior,87488.534,0.5346327071015199,1,15773779
652,0,40,4,79927.36,2,1,1,33524.6,0,False,False,Middle,93337.2,0.35231132646630803,0,15580682
554,0,27,4,0.0,2,1,1,135083.73,0,False,True,Young,54033.492000000006,0.16280470951589712,0,15768530
584,1,32,8,40172.91,1,1,1,137439.34,0,True,False,Middle,150124.382,0.2723415044503027,0,15672875
516,1,33,7,115195.58,1,1,1,11205.5,0,False,False,Middle,123039.43000000001,0.18133800593061117,0,15617082
789,0,43,9,116644.29,2,1,1,60176.1,0,True,False,Middle,170802.78,0.5725191153637227,1,15760514
598,1,20,8,180293.84,2,1,1,29552.7,0,True,False,Young,203936.0,0.15115902727027544,0,15761775
669,0,30,7,139872.81,1,1,0,188795.85,0,True,False,Young,272029.905,0.6421539753505535,1,15799964
645,0,24,3,34547.82,1,1,1,11638.17,0,False,False,Young,38039.271,0.13701490235228816,0,15693906
659,0,32,9,0.0,2,1,1,93155.75,0,False,False,Middle,83840.175,0.1797373026561202,0,15739514
833,1,29,1,96462.25,2,0,1,48986.18,0,True,False,Young,101360.868,0.22949799369679352,0,15756926
697,0,40,7,130334.35,2,0,1,116951.1,0,False,True,Middle,212200.12000000002,0.4066913352252331,0,15770984
580,1,39,3,119688.81,1,1,0,137041.26,0,True,False,Middle,160801.188,0.6738054576360092,1,15703979
691,1,38,1,0.0,2,0,0,44653.5,0,False,False,Middle,4465.35,0.36979126731358736,0,15801821
534,1,52,1,0.0,3,1,1,104035.41,1,False,False,Senior,10403.541000000001,0.3978761668526835,0,15711028
478,0,32,6,71187.24,1,1,1,110593.62,0,False,False,Middle,137543.412,0.2602275823778324,0,15791842
572,0,47,2,0.0,2,1,0,36099.7,0,False,False,Senior,7219.94,0.6767934410999952,1,15746127
501,1,37,4,0.0,2,0,0,12470.3,0,False,False,Middle,4988.12,0.3657738439100823,0,15663625
624,0,38,8,0.0,2,1,0,95403.41,0,False,True,Middle,76322.728,0.503465753698996,1,15604891
595,0,39,9,136422.41,1,1,1,151757.81,0,False,False,Middle,273004.439,0.40143067580731095,0,15589666
603,1,30,8,0.0,2,1,1,47536.46,0,False,False,Young,38029.168,0.09895298535304234,0,15627881
602,0,25,0,0.0,2,1,1,101274.17,0,False,False,Young,0.0,0.13154913969971782,0,15664895
500,0,34,6,0.0,1,1,1,140268.45,0,False,False,Middle,84161.07,0.25228155087913273,0,15676094
422,1,41,6,153238.88,1,1,0,11663.09,0,False,False,Middle,160236.734,0.5572588536332649,1,15761720
615,1,35,7,0.0,2,1,0,150784.29,0,False,False,Middle,105549.00300000001,0.3062332355854634,0,15611961
635,0,78,6,47536.4,1,1,1,119400.08,0,False,False,Elder,119176.448,0.911214576904135,1,15680167
711,0,32,1,0.0,2,1,0,126188.42,0,False,False,Middle,12618.842,0.3692961364806819,0,15762543
834,1,36,8,142882.49,1,1,0,89983.02,1,False,False,Middle,214868.90600000002,0.3838941624764782,0,15658475
633,0,44,7,0.0,2,1,0,29761.29,0,False,False,Middle,20832.903000000002,0.5811136208000709,1,15779743
650,0,31,1,160566.11,2,0,0,27073.81,0,False,False,Middle,163273.49099999998,0.4890218659450839,0,15661532
743,1,65,2,131935.51,1,1,1,96399.67,1,True,False,Elder,151215.44400000002,0.8516081003745964,1,15782360
567,1,38,6,127678.8,2,0,0,45422.89,0,False,False,Middle,154932.53399999999,0.44621684940741263,0,15767908
706,0,46,4,105214.58,1,1,0,108699.59,1,True,False,Senior,148694.416,0.8422777786212523,1,15677105
638,1,46,9,139859.54,1,1,0,38967.29,0,False,False,Senior,174930.10100000002,0.5888787637624768,1,15641474
641,0,38,3,0.0,2,1,0,116466.19,0,False,False,Middle,34939.857,0.4905248558388016,0,15624451
574,0,34,5,112324.45,2,1,1,17993.43,0,False,False,Middle,121321.165,0.2772732968837829,0,15577985
642,1,30,8,134497.27,1,0,0,43250.54,0,True,False,Young,169097.702,0.48663430236421296,0,15571666
722,0,35,1,120171.58,1,1,0,125240.8,0,False,True,Middle,132695.66,0.555226867614407,1,15783691
623,1,23,1,106012.2,2,0,1,191415.94,0,False,False,Young,125153.794,0.08810744314474911,0,15671172
681,1,25,5,0.0,1,0,1,90860.97,0,False,False,Young,45430.485,0.08048861208744183,0,15731760
530,0,34,8,0.0,2,0,1,141872.52,0,False,False,Middle,113498.016,0.23596520294301365,0,15585599
797,0,55,10,0.0,4,1,1,49418.87,1,False,False,Senior,49418.87,0.4742774560770924,0,15784958
653,1,51,3,0.0,1,1,0,170426.65,1,False,False,Senior,51127.994999999995,0.6210851859095989,1,15734524
850,1,42,8,119839.69,1,0,1,51016.02,1,True,False,Middle,160652.506,0.4431823754031684,0,15614103
581,1,34,1,0.0,2,0,1,81175.25,0,False,True,Middle,8117.525000000001,0.16999734880210468,0,15794895
589,1,38,8,92219.21,1,1,0,99106.97,0,True,False,Middle,171504.78600000002,0.6226023896577951,1,15772381
555,1,48,3,142055.41,2,0,1,79134.78,0,True,False,Senior,165795.844,0.6295354528588194,1,15710553
748,0,49,7,29602.08,1,0,0,163550.58,1,False,False,Senior,144087.48599999998,0.7182261029396898,1,15649292
745,0,46,7,0.0,2,1,1,67769.94,0,False,False,Senior,47438.958000000006,0.38015649271334695,0,15792565
730,1,34,1,0.0,2,1,1,126592.01,0,False,False,Middle,12659.201000000001,0.13447968310246122,0,15718245
565,0,44,1,0.0,2,0,1,89602.81,0,False,False,Middle,8960.281,0.4092814793594293,0,15703117
778,1,37,3,141803.77,1,0,1,179421.84,0,False,False,Middle,195630.322,0.23721020551993344,0,15758136
812,1,24,10,0.0,2,1,1,156906.15,0,False,False,Young,156906.15,0.061360599763305976,0,15799932
526,1,42,1,0.0,1,0,1,168486.02,0,False,False,Middle,16848.602,0.2712741665179872,0,15633516
708,0,47,0,126589.12,2,0,1,132730.07,1,False,False,Senior,126589.12,0.5236116656936691,1,15622532
680,1,33,2,108393.35,1,0,1,39057.67,0,False,False,Middle,116204.884,0.18849417774770885,0,15798960
567,1,43,2,115643.58,2,0,0,174606.35,0,False,True,Middle,150564.85,0.5765267964223791,1,15698664
564,1,48,5,132876.23,1,1,0,79259.77,0,False,True,Senior,172506.11500000002,0.6844205914849885,1,15703614
709,0,24,3,110949.41,1,1,1,168515.61,0,False,False,Young,161504.093,0.155766991118153,0,15699195
629,1,46,1,130666.2,1,1,1,161125.67,1,False,False,Senior,146778.767,0.3944905252064963,0,15710543
510,0,45,10,103821.47,2,0,1,77878.62,0,False,False,Middle,181700.09,0.4695759095095981,0,15695499
506,0,32,3,0.0,1,1,1,80823.02,0,False,False,Middle,24246.906000000003,0.22735666232572616,0,15622321
605,1,39,7,0.0,1,0,1,119348.28,0,False,False,Middle,83543.796,0.21220562599996076,0,15715744
650,1,32,1,132187.73,2,1,1,178331.36,0,False,True,Middle,150020.866,0.1809174090204317,0,15788151
850,1,49,8,98649.55,1,1,0,119174.88,1,True,False,Senior,193989.45400000003,0.7678028908328915,1,15687153
489,1,38,2,126444.08,2,1,1,82662.73,0,True,False,Middle,142976.626,0.43649745313109006,0,15684958
659,0,30,8,154159.51,1,1,0,40441.1,0,True,False,Young,186512.39,0.6224249383717235,1,15706116
753,0,43,5,0.0,2,1,0,109881.71,0,False,False,Middle,54940.85500000001,0.5606628807148095,1,15740557
477,1,48,8,129250.0,2,1,1,157937.35,0,True,False,Senior,255599.88,0.6220758786939394,1,15707291
610,0,45,3,0.0,1,1,0,38276.84,1,False,True,Middle,11483.052,0.6757707697628862,1,15583353
619,0,33,2,167733.51,2,1,1,65222.48,0,False,False,Middle,180778.00600000002,0.3017036541775108,0,15761024
619,0,31,2,56116.3,2,0,0,2181.94,0,True,False,Middle,56552.688,0.6091323937604399,1,15630709
758,0,30,3,141581.08,1,1,0,156249.06,0,False,False,Young,188455.79799999998,0.4350502003783092,0,15639590
516,1,50,7,139675.07,2,1,0,45591.23,0,True,False,Senior,171588.931,0.816295969046248,1,15659399
789,0,27,8,66201.96,1,1,1,79458.12,0,False,False,Young,129768.456,0.15180249152036612,0,15567078
687,0,44,9,0.0,2,0,0,103042.2,1,False,False,Middle,92737.98,0.5867836531470799,1,15696373
485,1,34,3,133658.24,1,1,0,70209.83,0,True,False,Middle,154721.18899999998,0.6112287418625676,1,15786617
446,1,25,3,136202.78,1,1,0,176743.51,0,True,False,Young,189225.833,0.44640894642973006,0,15657449
597,0,60,0,131778.08,1,0,0,10703.53,1,False,False,Senior,131778.08,0.9075646686160411,1,15672594
712,1,74,5,0.0,2,0,0,151425.82,0,False,True,Elder,75712.91000000002,0.9066450043280799,1,15714240
522,0,34,3,0.0,2,1,1,3894.34,0,False,False,Middle,1168.3020000000001,0.23731911346858725,0,15782144
805,0,26,8,42712.87,2,1,1,28861.69,0,True,False,Young,65802.22200000001,0.2243993227236506,0,15665008
781,0,28,4,0.0,2,1,0,177703.15,0,False,False,Young,71081.26,0.28626226977196045,0,15581733
689,0,57,4,0.0,2,1,0,136649.8,1,False,True,Senior,54659.92,0.8168215739995117,1,15751392
670,1,31,1,142631.54,2,1,1,175894.24,0,True,False,Middle,160220.964,0.2870915352831241,0,15785815
670,1,33,2,141204.65,2,1,0,76257.46,0,False,False,Middle,156456.142,0.35757389601099837,0,15664214
524,0,25,7,131402.21,1,0,0,193668.49,0,True,False,Young,266970.153,0.5794474763756479,1,15579996
734,0,39,3,92636.96,2,1,1,125671.29,0,False,True,Middle,130338.34700000001,0.3587343081045581,0,15675252
489,0,51,3,0.0,2,0,1,174098.28,1,False,False,Senior,52229.484,0.5472272435105405,1,15579617
578,0,31,5,102088.68,4,0,0,187866.21,1,True,False,Middle,196021.78499999997,0.5920233399880603,1,15593976
622,1,39,9,0.0,2,0,1,100862.36,0,False,True,Middle,90776.12400000001,0.206389285491356,0,15716041
843,0,38,8,134887.53,1,1,1,10804.04,0,False,False,Middle,143530.762,0.3131193931306621,0,15654489
687,1,48,4,0.0,2,1,1,170893.85,0,False,False,Senior,68357.54000000001,0.3162553489658519,0,15736302
700,1,28,8,159900.38,1,0,0,22698.56,0,False,True,Young,178059.228,0.2971073617625345,0,15805909
410,0,50,2,102278.79,2,1,0,89822.48,0,True,False,Senior,120243.286,0.8933881988021075,1,15572762
537,0,41,0,0.0,2,0,1,175262.49,0,False,False,Middle,0.0,0.34964883327207497,0,15724632
780,0,43,0,0.0,1,0,1,15705.27,0,False,False,Middle,0.0,0.3916170781791726,0,15670416
652,1,58,6,0.0,2,0,1,170025.43,0,False,True,Senior,102015.258,0.5430364922357126,1,15749528
620,1,35,0,76989.97,1,1,1,17242.79,0,True,False,Middle,76989.97,0.36693804307457145,0,15578783
697,0,23,10,0.0,2,1,1,79734.23,0,False,False,Young,79734.23,0.09344833315030963,0,15580719
786,1,35,3,0.0,2,1,0,92712.97,0,False,False,Middle,27813.891000000003,0.2844165422804976,0,15656293
850,0,39,5,114491.82,1,1,0,99689.48,0,True,False,Middle,164336.56,0.7392308586432792,1,15691875
749,1,54,3,144768.94,1,1,0,93336.3,1,True,False,Senior,172769.83000000002,0.8620349855250837,1,15596870
445,1,31,7,145056.59,1,1,1,175893.53,0,False,False,Middle,268182.061,0.19611038782530038,0,15780770
443,1,50,3,117206.3,1,1,0,42840.18,1,True,False,Senior,130058.354,0.8420899778040856,1,15751491
637,1,41,2,138014.4,2,1,0,140298.24,0,True,False,Middle,166074.048,0.6901581812221512,1,15706200
616,0,45,6,128352.59,3,1,1,144000.59,1,True,False,Middle,214752.94400000002,0.649823833584829,1,15808674
756,0,23,1,112568.31,1,1,1,113408.11,0,False,False,Young,123909.121,0.1455083169368416,0,15641411
644,1,33,2,0.0,1,1,0,96420.58,0,False,False,Middle,19284.116,0.2958934110062479,0,15764661
850,1,41,1,176958.46,2,0,1,125806.3,0,True,False,Middle,189539.09,0.4714752560495697,0,15689492
703,0,38,9,99167.54,1,1,0,65720.92,0,True,False,Middle,158316.36800000002,0.7184345389531309,1,15602405
684,0,42,3,103210.27,1,1,0,31002.03,0,False,True,Middle,112510.879,0.6755095715559352,1,15610271
706,0,48,10,104478.12,3,0,1,158248.71,1,True,False,Senior,262726.82999999996,0.6801338683570582,1,15791780
580,1,61,8,125921.37,1,1,1,94677.83,0,False,True,Elder,201663.63400000002,0.6878943340912437,1,15589147
777,0,35,3,0.0,2,1,1,17257.72,0,False,True,Middle,5177.316000000001,0.23766058663322828,0,15756975
676,1,48,3,80697.44,1,0,0,101397.86,0,True,False,Senior,111116.79800000001,0.7828242839720813,1,15729582
708,0,44,2,161887.81,2,1,0,84870.23,0,False,False,Middle,178861.856,0.6983829086216058,1,15742971
809,1,24,7,109558.36,1,1,0,183515.13,0,False,False,Young,238018.951,0.19950055020878257,0,15568046
588,1,38,1,124271.26,1,1,0,75969.19,0,False,False,Middle,131868.179,0.481063346064248,0,15694890
623,1,43,1,0.0,2,1,1,146379.3,0,False,False,Middle,14637.93,0.24974615938778774,0,15736963
537,1,42,1,190569.23,1,0,1,127154.8,0,False,True,Middle,203284.71000000002,0.4150547658691437,0,15646490
536,1,53,2,143923.96,1,1,0,2019.78,1,False,True,Senior,144327.916,0.7833579186658928,1,15607314
769,1,48,2,96542.16,2,0,1,197885.72,0,False,False,Senior,136119.304,0.36866076715032736,0,15576745
690,1,33,5,0.0,2,1,0,138017.68,0,False,False,Middle,69008.84,0.26438753677949667,0,15669606
771,1,45,0,139825.56,1,0,0,170984.97,1,False,True,Middle,139825.56,0.6164820956853714,1,15737832
497,1,24,6,111769.14,2,1,0,55859.27,0,True,False,Young,145284.702,0.36665194659291567,0,15681990
622,1,37,4,0.0,2,1,0,4459.5,0,False,True,Middle,1783.8000000000002,0.3624711753453985,0,15758050
602,1,30,9,113672.18,2,0,0,102135.92,0,False,True,Young,205594.508,0.31074081485800276,0,15787848
543,0,32,7,147256.86,1,1,0,112771.95,0,False,False,Middle,226197.22499999998,0.505847521641102,1,15713594
520,1,45,7,107023.03,1,1,0,32903.93,0,False,True,Middle,130055.781,0.6071086147468479,1,15588186
669,1,37,1,125529.55,1,1,1,162260.93,0,False,False,Middle,141755.643,0.2375615666198233,0,15786739
631,0,41,0,0.0,1,0,0,87959.83,0,False,True,Middle,0.0,0.6203114037203501,1,15699467
537,1,48,4,131834.8,1,1,0,166476.95,1,True,False,Senior,198425.58000000002,0.8147364954485805,1,15680706
732,1,62,2,0.0,2,1,1,25438.87,0,False,False,Elder,5087.774,0.5783628590843661,1,15645717
844,1,56,5,99529.7,1,0,1,157230.06,1,False,True,Senior,178144.73,0.560015797957222,1,15748597
838,1,35,0,0.0,2,0,1,197305.91,0,False,True,Middle,0.0,0.14727665859069883,0,15773709
652,1,27,10,107303.72,2,0,0,44435.76,0,False,False,Young,151739.48,0.21740043837391398,0,15629787
660,1,33,0,72783.42,1,0,0,181051.99,0,False,False,Middle,72783.42,0.3381459034515481,0,15661007
692,0,44,8,0.0,1,0,1,159069.37,0,False,True,Middle,127255.496,0.42513253026288794,0,15686812
588,0,35,0,0.0,2,1,1,155485.24,0,False,False,Middle,0.0,0.24178549622102752,0,15754113
533,0,22,10,115743.6,1,0,0,43852.05,0,True,False,Young,159595.65000000002,0.46466781029285165,0,15749489
850,1,43,4,161256.53,1,1,1,140071.57,0,False,False,Middle,217285.158,0.3224232045965892,0,15574352
511,1,27,8,0.0,2,1,1,49089.36,0,False,False,Young,39271.488000000005,0.08531227644437363,0,15701281
530,1,44,6,0.0,2,0,0,55893.37,0,False,True,Middle,33536.022000000004,0.5097684602587759,1,15811985
554,1,31,1,0.0,2,0,1,192660.55,0,False,False,Middle,19266.055,0.12330521721949352,0,15713505
585,0,40,3,162261.01,2,1,0,137028.51,0,True,False,Middle,203369.56300000002,0.7978638455935956,1,15685653
754,1,39,3,74896.33,1,0,0,34430.16,0,False,False,Middle,85225.378,0.43747521726519106,0,15758831
474,1,54,3,0.0,1,1,0,108409.17,1,False,False,Senior,32522.751000000004,0.7026988324564786,1,15618774
837,1,35,0,144037.6,1,1,0,145325.32,0,True,False,Middle,144037.6,0.5771074575683856,1,15764448
567,0,23,9,93522.2,1,0,1,81425.61,0,False,False,Young,166805.249,0.14520139619783426,0,15611024
800,1,38,1,0.0,2,1,0,51553.43,0,False,True,Middle,5155.343000000001,0.36793601325599384,0,15738220
646,1,18,10,0.0,2,0,1,52795.15,0,False,False,Young,52795.15,0.04029215042159096,0,15805764
627,1,38,8,106922.92,2,0,1,84270.09,0,True,False,Middle,174338.992,0.3837643966357166,0,15580487
505,1,26,8,112972.57,1,1,0,145011.62,0,False,False,Young,228981.866,0.26154451477280183,0,15675787
566,0,35,1,123042.0,1,1,0,66245.44,1,True,False,Middle,129666.544,0.737558848621731,1,15583580
619,0,33,3,100488.92,2,0,1,36446.74,0,True,False,Middle,111422.942,0.44204956870946505,0,15780654
757,0,44,4,123322.15,1,1,0,137136.29,0,False,False,Middle,178176.666,0.6822934773810042,1,15695034
648,1,32,0,0.0,1,0,1,117323.31,0,False,False,Middle,0.0,0.14029761815550867,0,15805671
621,1,42,8,68683.68,1,1,1,74157.71,0,False,True,Middle,128009.848,0.29311792811433357,0,15790658
543,1,49,6,59532.18,1,1,0,104253.56,0,True,False,Senior,122084.31599999999,0.7896398794887294,1,15578648
658,0,43,7,140260.36,2,1,0,2748.72,0,False,False,Middle,142184.46399999998,0.6451073305634963,1,15734987
633,1,50,7,88302.65,1,1,1,195937.16,0,True,False,Senior,225458.662,0.6340786424186929,1,15721740
648,0,19,1,0.0,2,0,1,22101.86,0,False,False,Young,2210.186,0.08928377870921854,0,15641822
501,1,40,5,114655.58,1,0,0,126535.92,0,True,False,Middle,177923.54,0.70397480454768,1,15765650
683,0,42,4,148283.94,1,1,1,44692.63,1,False,False,Middle,166160.992,0.45137098602006975,0,15788556
619,0,38,1,0.0,1,1,0,112442.63,1,False,True,Middle,11244.263,0.5508798587402738,1,15576550
705,0,35,3,0.0,2,0,1,66331.01,0,False,False,Middle,19899.303,0.23294713838104353,0,15622230
638,0,53,1,123916.67,1,1,0,16657.68,1,True,False,Senior,125582.438,0.9164868124490264,1,15653937
710,0,31,1,0.0,2,1,0,20081.3,0,False,False,Middle,2008.13,0.36341171027585545,0,15743538
590,0,54,4,0.0,2,1,1,93820.49,1,False,False,Senior,37528.196,0.5752611322400382,1,15591740
725,1,43,2,165896.0,2,1,0,130795.52,0,False,False,Middle,192055.104,0.5492867684753665,1,15650086
638,0,32,0,0.0,2,1,0,160129.99,0,False,False,Middle,0.0,0.3782265454074844,0,15718773
791,1,36,6,111168.97,1,1,1,189969.91,0,False,False,Middle,225150.916,0.2037866653477223,0,15615140
702,0,40,1,103549.24,1,0,0,9712.52,1,False,False,Middle,104520.492,0.6358999483122233,1,15644361
607,0,32,6,0.0,2,0,0,196062.01,0,False,False,Middle,117637.206,0.39414603351534716,0,15774536
535,1,30,6,103804.97,1,1,1,125710.53,0,False,False,Young,179231.288,0.15532018805418774,0,15618661
651,1,45,2,165901.59,2,1,0,23054.51,1,False,False,Middle,170512.492,0.6072980703980685,1,15605020
506,1,59,8,119152.1,2,1,1,170679.74,0,True,False,Senior,255695.892,0.7874424156571974,1,15762134
511,0,57,8,122950.31,1,1,1,181258.76,0,False,True,Senior,267957.31799999997,0.7600678326870302,1,15685279
757,0,51,1,0.0,1,1,1,22835.13,1,False,False,Senior,2283.5130000000004,0.5307186624636863,1,15582849
768,1,49,1,133384.66,1,1,0,102397.22,1,True,False,Senior,143624.382,0.8064779528329004,1,15655410
757,1,32,9,0.0,2,1,0,115950.96,0,False,False,Middle,104355.864,0.2318955665694346,0,15649129
663,1,64,6,0.0,2,0,1,15876.52,0,False,True,Elder,9525.912,0.6336803534916856,1,15702380
537,0,37,7,158411.95,4,1,1,117690.58,1,True,False,Middle,240795.35600000003,0.5060405971137366,1,15759067
570,1,29,4,122028.65,2,1,1,173792.77,0,True,False,Young,191545.75799999997,0.2604321132520337,0,15683027
850,0,35,5,0.0,1,1,1,80992.8,0,False,False,Middle,40496.4,0.21827933537375507,0,15597487
661,0,64,8,128751.65,2,1,0,189398.18,1,True,False,Elder,280270.194,0.9566180479486163,1,15763256
659,1,54,8,133436.52,1,1,0,56787.8,0,False,False,Senior,178866.76,0.7281922324344581,1,15620111
454,1,40,2,123177.01,1,1,0,148309.98,0,False,True,Middle,152839.006,0.5607051075518065,1,15623053
708,0,59,2,0.0,1,1,0,179673.11,1,False,False,Senior,35934.621999999996,0.8346186927598164,1,15595592
720,0,37,2,120328.88,2,1,1,138470.21,0,False,False,Middle,148022.92200000002,0.31983894227316445,0,15740072
785,0,39,1,130147.98,1,1,0,163798.41,1,False,False,Middle,146527.821,0.5946171320672055,1,15778005
743,0,36,8,92716.96,1,1,1,33693.78,0,False,True,Middle,119671.98400000001,0.2990521347972619,0,15583278
493,0,48,7,0.0,2,1,0,48545.1,0,False,True,Senior,33981.57,0.7028554639174609,1,15601263
557,1,34,3,0.0,1,0,1,123427.98,0,False,True,Middle,37028.394,0.1804419906140059,0,15709222
850,1,40,1,76914.21,1,1,0,174183.44,0,False,False,Middle,94332.554,0.42842080795012827,0,15713949
799,0,32,3,106045.92,2,1,1,17938.0,0,False,False,Middle,111427.31999999999,0.2257607756671601,0,15717706
756,1,34,1,103133.26,1,1,1,90059.04,0,False,False,Middle,112139.16399999999,0.1843574815036867,0,15756071
752,1,38,0,145974.79,2,1,1,137694.23,0,False,False,Middle,145974.79,0.23718162108902044,0,15696564
696,0,36,3,0.0,3,1,0,65039.9,0,False,True,Middle,19511.97,0.4475864798009938,0,15657637
630,0,49,1,0.0,2,0,1,162858.29,0,False,True,Senior,16285.829000000002,0.5116918621948204,1,15755863
659,0,38,9,0.0,2,1,1,35701.06,0,False,True,Middle,32130.953999999998,0.2671997534025096,0,15719858
685,1,39,9,0.0,2,1,1,18826.06,0,False,True,Middle,16943.454,0.17949435059589586,0,15688876
599,0,31,3,0.0,1,1,1,130086.47,1,False,True,Middle,39025.941000000006,0.22073538117278094,0,15698528
559,0,31,1,139183.06,1,0,1,143360.56,0,False,True,Middle,153519.116,0.30882964278151315,0,15770345
615,1,19,5,0.0,2,1,0,159920.92,0,False,True,Young,79960.46000000002,0.12660571221472466,0,15761506
580,0,36,3,74974.89,1,1,1,12099.67,0,True,False,Middle,78604.791,0.5039351299601867,1,15716619
487,1,44,6,61691.45,1,1,1,53087.98,0,False,True,Middle,93544.238,0.3494256147639487,0,15788367
646,0,35,1,121952.75,2,1,1,142839.82,0,True,False,Middle,136236.732,0.48148413382592453,0,15709451
811,0,35,7,0.0,1,1,1,178.19,0,False,False,Middle,124.733,0.20751725106825458,0,15640421
526,1,35,5,0.0,2,1,1,105618.14,0,False,True,Middle,52809.07,0.17268819424897633,0,15580068
767,1,37,7,0.0,2,1,1,24734.25,0,False,True,Middle,17313.975000000002,0.15848146200975635,0,15677123
548,0,33,1,80107.83,2,0,1,82245.67,0,False,False,Middle,88332.397,0.27296515169858065,0,15619801
737,0,45,2,0.0,2,0,1,177695.67,0,False,True,Middle,35539.134000000005,0.4147378263481947,0,15582246
613,1,40,1,147856.82,3,0,0,107961.11,1,True,False,Middle,158652.931,0.6753059274726916,1,15711843
711,1,36,8,0.0,2,1,0,55207.41,0,False,True,Middle,44165.92800000001,0.31207336184303985,0,15680046
850,0,53,7,65407.16,2,0,0,182633.63,1,False,True,Senior,193250.70100000003,0.7857331016424921,1,15804131
752,0,53,8,114233.18,1,1,1,51587.04,0,False,False,Senior,155502.812,0.60289921377307,1,15722611
710,0,37,5,0.0,2,1,0,115403.31,0,False,False,Middle,57701.655000000006,0.4536383035595191,0,15729224
664,0,53,7,187602.18,1,1,0,186392.99,1,False,True,Senior,318077.273,0.861623391713797,1,15811588
510,0,22,3,156834.34,1,0,0,44374.44,0,False,False,Young,170146.672,0.3517339452171445,0,15702138
577,0,34,2,0.0,2,1,1,84033.35,0,False,False,Middle,16806.670000000002,0.23199502100491656,0,15749799
529,1,42,1,157498.9,1,1,1,82276.62,0,False,False,Middle,165726.562,0.36515976468761235,0,15752885
757,0,44,9,0.0,2,1,0,177528.92,0,False,True,Middle,159776.02800000002,0.6123118665736331,1,15674932
691,1,41,2,0.0,1,1,1,56850.92,1,False,False,Middle,11370.184000000001,0.23336927752600484,0,15743828
621,1,34,8,0.0,1,0,0,47972.65,0,False,True,Middle,38378.12,0.3193431768009389,0,15642022
709,1,35,2,0.0,2,1,0,104982.39,0,False,True,Middle,20996.478000000003,0.32193188130672434,0,15746461
756,1,19,4,130274.22,1,1,1,133535.29,0,False,True,Young,183688.336,0.0758071363986754,0,15809991
788,0,41,6,0.0,1,1,1,25571.37,0,False,False,Middle,15342.822,0.30702410630326277,0,15787322
705,0,39,5,149379.66,2,1,0,96075.55,0,False,False,Middle,197417.435,0.5927919429162477,1,15575498
483,1,29,9,0.0,1,1,1,81634.45,0,False,False,Young,73471.00499999999,0.10985819797296281,0,15691387
719,1,35,1,100829.94,1,1,1,165008.97,0,False,True,Middle,117330.837,0.21162348005322848,0,15765457
793,0,32,1,96408.98,1,1,1,138191.81,0,True,False,Middle,110228.161,0.4045642475782694,0,15666173
593,1,41,6,0.0,2,1,1,99136.49,0,False,False,Middle,59481.89400000001,0.21776471245162865,0,15627377
551,1,52,1,0.0,1,0,0,63584.55,1,False,False,Senior,6358.455000000001,0.6752170087960825,1,15656683
690,1,39,6,0.0,2,1,0,160532.88,0,False,False,Middle,96319.728,0.3646878681668875,0,15679810
823,1,71,5,149105.08,1,0,1,162683.06,0,False,False,Elder,230446.61,0.8085228607404613,1,15606310
512,1,39,3,0.0,1,1,0,134878.19,0,False,True,Middle,40463.457,0.4462516457088095,0,15756871
802,1,41,5,0.0,2,1,1,134626.3,0,False,True,Middle,67313.15000000001,0.21507658105821648,0,15610002
450,0,34,2,0.0,2,1,0,175480.93,0,False,True,Middle,35096.186,0.47401651143760626,0,15567802
651,1,41,1,90218.11,1,1,0,174337.68,0,True,False,Middle,107651.878,0.6774376330960793,1,15745452
697,0,33,1,87347.7,1,1,0,172524.51,0,False,False,Middle,104600.151,0.465673966995758,0,15617252
611,1,28,2,0.0,2,0,0,25395.83,0,False,False,Young,5079.166000000001,0.2200144648453549,0,15753248
643,0,33,0,137811.75,1,1,1,184856.89,0,False,False,Middle,137811.75,0.29198933395002197,0,15610755
822,1,37,3,105563.0,1,1,0,182624.93,0,False,False,Middle,160350.479,0.3967050857594564,0,15662238
632,1,38,4,0.0,2,0,0,192505.62,0,False,False,Middle,77002.248,0.36652095161249554,0,15799186
575,0,26,7,0.0,2,1,0,112507.63,0,False,True,Young,78755.34100000001,0.2995752017941726,0,15686941
672,1,31,6,91125.75,1,1,0,177295.92,0,False,False,Middle,197503.30200000003,0.30848160050898377,0,15601172
517,1,39,3,0.0,2,0,1,12465.51,0,False,True,Middle,3739.6530000000002,0.2345494194901517,0,15723858
621,1,39,8,0.0,2,1,0,36122.96,0,False,True,Middle,28898.368000000002,0.37487024701732574,0,15615896
775,0,77,6,135120.56,1,1,0,37836.64,0,True,False,Elder,157822.544,0.9826680951824098,1,15737647
600,1,29,8,0.0,2,0,1,34747.43,0,False,False,Young,27797.944000000003,0.09454681296393061,0,15582841
640,1,28,7,0.0,2,1,1,131097.9,0,False,False,Young,91768.53,0.09060665851939809,0,15760090
752,0,36,1,86837.95,1,1,1,105280.55,0,False,False,Middle,97366.005,0.30331785436687997,0,15588587
613,1,26,4,100446.57,1,0,1,149653.81,0,False,False,Young,160308.094,0.11798918669533157,0,15683157
484,0,32,3,0.0,2,1,1,139390.99,0,False,False,Middle,41817.297,0.21325702608756347,0,15694209
511,0,33,3,0.0,2,1,0,132436.71,0,False,False,Middle,39731.013000000006,0.4180631462308216,0,15655875
745,0,32,2,0.0,4,0,1,179705.13,1,False,False,Middle,35941.026000000005,0.16110633782417355,0,15805704
786,0,32,6,114512.59,1,1,0,15796.66,0,False,True,Middle,123990.586,0.4574414745645618,0,15744789
727,1,35,5,136364.46,1,0,0,142754.71,0,False,False,Middle,207741.815,0.40349005086092254,0,15799357
622,1,31,5,106260.67,1,1,1,2578.43,0,False,False,Middle,107549.885,0.15408984340049162,0,15726153
794,1,24,10,146126.75,1,1,1,88992.05,0,False,False,Young,235118.8,0.0903273201795934,0,15713346
636,1,52,4,111284.53,1,0,1,32936.44,1,False,True,Senior,124459.106,0.5258097934214292,1,15665053
741,0,42,9,121056.63,2,1,0,39122.58,0,False,True,Middle,156266.95200000002,0.6207237067363253,1,15592379
687,1,34,5,128270.56,1,1,0,191092.62,0,False,False,Middle,223816.87,0.3817177314291104,0,15692599
660,1,30,4,0.0,2,1,0,129149.06,0,False,True,Young,51659.624,0.24647848205080414,0,15620758
660,1,35,7,0.0,2,1,0,13218.6,0,False,False,Middle,9253.02,0.2791915790381209,0,15637428
617,0,79,7,0.0,1,1,1,160589.18,0,False,False,Elder,112412.426,0.9095311148986034,1,15808389
762,1,32,10,191775.65,1,1,0,179657.83,0,False,False,Middle,371433.48,0.3754232124417307,0,15807003
752,0,35,2,0.0,1,1,0,44335.54,1,False,True,Middle,8867.108,0.4712047507842813,0,15702912
561,1,34,4,85141.79,2,1,1,29217.37,0,False,True,Middle,96828.738,0.19279312734621928,0,15590623
609,1,26,10,126392.18,1,0,1,43651.49,0,False,False,Young,170043.66999999998,0.10920391376539884,0,15728078
803,1,28,3,0.0,2,1,0,159654.0,0,False,False,Young,47896.200000000004,0.18537912425169667,0,15708256
556,0,40,9,129860.37,1,0,0,17992.94,0,False,False,Middle,146054.016,0.6205476835073422,1,15582335
531,0,53,5,127642.44,1,1,0,141501.45,1,False,False,Senior,198393.165,0.8360205546802651,1,15649150
411,0,35,2,0.0,2,1,1,93825.78,0,False,False,Middle,18765.156,0.2684309670649294,0,15691647
587,0,44,5,125584.17,2,1,1,41852.24,1,True,False,Middle,146510.29,0.6503057077899947,1,15668270
683,1,56,7,50911.21,3,0,0,97629.31,1,False,True,Senior,119251.72699999998,0.7125057710208373,1,15624820
654,1,29,2,91955.61,1,1,0,37065.66,0,False,False,Young,99368.742,0.28625152978673146,0,15736254
670,0,36,2,84266.44,2,0,0,38614.69,0,True,False,Middle,91989.378,0.7025095932791566,1,15720814
655,0,36,2,147149.59,1,1,1,87816.86,0,False,False,Middle,164712.962,0.35352781540183287,0,15642997
752,0,36,7,0.0,2,1,0,184866.86,0,False,False,Middle,129406.80200000001,0.43412029281139297,0,15693200
534,0,23,5,104822.45,1,0,1,160176.47,0,False,False,Young,184910.685,0.16468661757850514,0,15624596
635,1,42,1,146766.72,2,0,1,164357.1,0,False,False,Middle,163202.43,0.31959050442688,0,15807167
491,1,70,6,148745.92,2,1,1,17818.33,0,True,False,Elder,159436.918,0.8975580140603975,1,15660301
516,1,27,9,0.0,1,1,0,142680.64,1,False,False,Young,128412.57600000003,0.2165415186091727,0,15593094
530,0,48,0,0.0,1,1,0,85081.09,0,False,False,Senior,0.0,0.7229470671300143,1,15618239
687,1,35,3,0.0,2,1,1,176450.19,0,False,True,Middle,52935.05700000001,0.1592166862816104,0,15574137
684,0,41,6,135203.81,2,1,1,121967.88,0,False,False,Middle,208384.538,0.39854078986371244,0,15614740
706,1,23,2,93301.97,2,0,1,127187.04,0,True,False,Young,118739.378,0.16295100184361688,0,15574071
490,1,33,5,96341.0,2,0,0,108313.34,0,True,False,Middle,150497.66999999998,0.5461937039772451,1,15671148
796,1,44,8,165326.2,1,1,1,57205.55,0,False,False,Middle,211090.64,0.3288275497765285,0,15721921
849,1,27,0,0.0,2,0,1,157891.86,0,False,False,Young,0.0,0.07837646961683946,0,15717995
779,0,41,10,99786.2,1,1,0,86927.53,0,False,False,Middle,186713.73,0.5864528726730182,1,15632050
794,0,22,4,114440.24,1,1,1,107753.07,0,False,True,Young,157541.468,0.14272224865247377,0,15647111
748,1,36,4,141573.55,1,1,0,82158.14,0,False,True,Middle,174436.80599999998,0.43968753386142656,0,15759991
663,0,22,9,0.0,1,1,0,29135.89,1,False,True,Young,26222.301000000003,0.22387561474084455,0,15790204
645,0,55,1,133676.65,1,0,1,17095.49,0,False,True,Senior,135386.199,0.7366386005761051,1,15686780
464,0,33,10,147493.7,2,1,0,100447.53,0,False,False,Middle,247941.23000000004,0.5039403048312874,1,15640491
737,1,54,9,0.0,1,1,0,83470.4,1,False,False,Senior,75123.36,0.6388650546035629,1,15783225
590,0,29,4,0.0,2,1,0,121846.81,0,False,False,Young,48738.724,0.33075835040012386,0,15734438
522,0,37,3,95022.57,1,1,1,129107.59,0,True,False,Middle,133754.847,0.5449071696642251,1,15688760
648,0,34,3,0.0,1,1,0,54726.43,0,False,False,Middle,16417.929,0.43705024315870844,0,15768124
754,1,37,6,0.0,1,1,1,116141.72,0,False,False,Middle,69685.032,0.16773039639775447,0,15661330
669,1,50,4,149713.61,3,1,1,124872.42,1,False,False,Senior,199662.57799999998,0.4276044373955974,0,15781272
648,0,43,1,107963.38,1,0,0,186438.86,1,True,False,Middle,126607.266,0.8216997206350644,1,15573888
763,1,40,3,0.0,2,1,0,134281.11,0,False,False,Middle,40284.333,0.3719441483672535,0,15575858
790,1,32,3,0.0,1,1,0,91044.47,0,False,True,Middle,27313.341000000004,0.2782461743062205,0,15645937
581,1,37,7,0.0,2,1,1,74320.75,0,False,False,Middle,52024.525,0.1665867192505463,0,15702337
703,1,43,8,0.0,2,1,0,9704.66,0,False,False,Middle,7763.728,0.4020875385738949,0,15764537
571,0,33,9,102017.25,2,0,0,128600.49,0,False,False,Middle,217757.69100000002,0.47367349595861535,0,15619616
657,0,27,8,0.0,2,0,0,6468.24,0,False,True,Young,5174.592000000001,0.2883853037739614,0,15585133
737,1,44,7,0.0,2,0,0,57898.58,0,False,False,Middle,40529.006,0.43976715514711684,0,15573971
793,1,29,8,96674.55,2,0,0,192120.66,0,False,True,Young,250371.07800000004,0.2762132155297736,0,15579433
783,0,44,3,81811.71,1,1,0,164213.53,1,False,True,Middle,131075.769,0.6783184303328629,1,15777045
751,1,33,4,79281.61,1,1,0,117547.76,0,False,True,Middle,126300.714,0.344635913929511,0,15611580
579,1,31,6,0.0,2,1,0,26149.25,0,False,False,Middle,15689.550000000001,0.2385270188306056,0,15614778
655,0,36,10,122314.39,1,1,0,9181.66,0,True,False,Middle,131496.05,0.6870079606976345,1,15771750
614,1,43,8,140733.74,1,1,1,166588.76,0,True,False,Middle,274004.748,0.536487819927644,1,15593280
678,1,49,2,116933.11,1,1,0,195053.58,1,True,False,Senior,155943.826,0.803452478692446,1,15569274
562,1,41,5,165445.04,2,1,0,85787.31,0,False,True,Middle,208338.695,0.5582409545290666,1,15654408
711,0,53,5,123805.03,1,1,0,102428.51,0,True,False,Senior,175019.285,0.9045286032808252,1,15657468
620,1,37,0,107548.94,1,1,0,71175.94,0,False,False,Middle,107548.94,0.45010241482196994,0,15614213
437,1,49,9,111634.29,2,0,1,166440.32,0,False,False,Senior,261430.57800000004,0.4568274453412828,0,15589869
691,0,41,8,109153.96,3,1,1,148848.76,1,True,False,Middle,228232.96800000002,0.5492299269278401,1,15693205
552,0,34,4,0.0,2,1,0,140286.69,0,False,True,Middle,56114.67600000001,0.4553376870994809,0,15797113
765,1,34,5,86055.17,2,1,1,104220.5,0,True,False,Middle,138165.41999999998,0.2852028022474784,0,15676958
707,0,51,10,98438.23,1,0,0,70778.63,1,True,False,Senior,169216.86,0.8761729395574196,1,15739592
764,1,29,5,0.0,2,1,0,65868.28,0,False,True,Young,32934.14000000001,0.21456498705335336,0,15656263
585,0,32,8,144705.87,2,0,0,171482.56,0,False,False,Middle,281891.918,0.49287458224034103,0,15636872
784,1,31,7,0.0,2,1,1,143204.41,0,False,False,Middle,100243.087,0.10243317300246842,0,15589435
605,1,41,5,91612.91,1,1,1,28427.84,0,False,False,Middle,105826.83,0.27859256048005576,0,15640464
699,1,40,2,0.0,1,1,0,78387.32,0,False,True,Middle,15677.464000000002,0.43747248662098753,0,15723851
544,0,40,7,0.0,1,0,1,161076.92,0,False,False,Middle,112753.84400000003,0.3520106662472634,0,15722122
803,0,32,9,192122.84,1,1,1,54277.45,1,False,False,Middle,240972.54499999998,0.2601113262198406,0,15696852
735,1,41,7,179904.0,1,1,1,137180.95,0,False,False,Middle,275930.66500000004,0.313991919003413,0,15634936
673,1,59,0,178058.06,2,0,1,21063.71,1,False,False,Senior,178058.06,0.6708217740097456,1,15575935
652,1,30,2,176166.56,2,1,1,152210.81,0,False,False,Young,206608.722,0.16161374972662249,0,15634491
694,1,42,3,156864.2,2,0,0,88890.75,0,False,False,Middle,183531.42500000002,0.5375540291872285,1,15628530
741,0,44,7,0.0,2,1,1,190534.76,0,False,False,Middle,133374.33200000002,0.3652485204522226,0,15678720
590,1,30,3,0.0,2,1,0,83090.35,0,False,True,Young,24927.105000000003,0.2582308171386135,0,15627999
809,0,33,3,0.0,2,0,1,141426.78,0,False,True,Middle,42428.034,0.21130937578089443,0,15571244
523,1,34,2,161588.89,1,1,1,51358.66,0,False,False,Middle,171860.622,0.23815288241653695,0,15739931
540,1,48,2,109349.29,1,1,0,88703.04,1,False,False,Senior,127089.89799999999,0.6608708023712719,1,15806256
596,0,29,6,0.0,2,1,0,116696.77,0,False,True,Young,70018.062,0.34980776856138596,0,15787258
597,0,36,9,0.0,2,1,1,7156.09,0,False,False,Middle,6440.481,0.220908876902046,0,15706463
407,1,37,1,0.0,1,1,1,49161.12,1,False,True,Middle,4916.112000000001,0.2393953739000876,0,15691004
748,1,60,0,152335.7,1,1,0,126743.33,1,False,False,Senior,152335.7,0.8271872029094578,1,15792228
562,0,51,1,124662.54,1,1,1,65390.46,1,False,False,Senior,131201.58599999998,0.64235910762298,1,15733447
734,0,47,10,91522.04,2,1,1,138835.91,0,True,False,Senior,230357.95,0.6576899770589509,1,15679062
710,1,45,1,0.0,2,1,1,36154.66,0,False,False,Middle,3615.4660000000003,0.27774560200269083,0,15594409
539,0,39,6,62052.28,1,0,1,59755.14,0,False,True,Middle,97905.364,0.38847575946499335,0,15613816
542,1,32,7,107871.72,1,1,0,125302.64,0,False,False,Middle,195583.568,0.34854855695082276,0,15681991
717,0,36,2,99472.76,2,1,0,94274.72,1,False,False,Middle,118327.704,0.5105783998371821,1,15796074
682,0,50,10,128039.01,1,1,1,102260.16,0,False,True,Senior,230299.17,0.5998968604082283,1,15625941
515,1,33,2,0.0,2,1,1,136028.97,0,False,False,Middle,27205.794,0.14252964036102755,0,15615016
526,0,33,8,114634.63,2,1,0,110114.38,1,False,True,Middle,202726.13400000002,0.5067660363352605,1,15748414
702,1,26,5,56738.47,2,1,1,100442.22,1,False,False,Young,106959.58,0.08750311657276168,0,15751203
651,1,34,2,90355.12,2,0,0,193597.94,0,True,False,Middle,129074.708,0.5352780285408382,1,15662658
792,1,36,5,115725.24,2,0,0,1871.25,0,True,False,Middle,116660.865,0.5542173194220398,1,15574868
817,1,58,3,114327.59,2,1,1,42831.11,0,True,False,Senior,127176.923,0.7315590845601682,1,15790282
674,0,36,6,100762.64,1,1,0,182156.86,0,True,False,Middle,210056.756,0.7168837165213346,1,15762927
641,0,40,9,0.0,1,0,0,151648.66,1,False,False,Middle,136483.794,0.5554463591895236,1,15803456
513,1,39,7,89039.9,2,1,1,146738.83,0,False,True,Middle,191757.081,0.26888767299763466,0,15771857
561,1,34,1,78829.53,1,1,1,12148.2,0,False,False,Middle,80044.35,0.20178583929576926,0,15700601
627,1,30,6,112372.96,1,1,1,118029.09,0,True,False,Young,183190.41400000002,0.2753353583783084,0,15569670
682,1,81,6,122029.15,1,1,1,50783.88,0,True,False,Elder,152499.478,0.9486933887879123,1,15772341
683,0,29,0,157829.12,1,0,0,129891.66,0,False,False,Young,157829.12,0.4555784538337922,0,15661548
420,0,31,1,108377.75,2,1,1,9904.63,0,True,False,Middle,109368.213,0.45207320945689977,0,15787597
670,0,54,2,95507.12,1,1,1,63213.31,0,False,False,Senior,108149.78199999999,0.6545130370092076,1,15806913
505,1,43,6,127146.68,1,0,0,137565.87,0,True,False,Middle,209686.202,0.7551631269402805,1,15804862
580,1,24,1,133811.78,1,1,0,17185.95,1,True,False,Young,135530.375,0.4200945529342806,0,15792986
577,1,36,3,121092.47,2,0,1,143783.46,0,False,False,Middle,164227.508,0.22326888399205508,0,15625632
773,1,34,10,126979.75,1,0,0,36823.28,0,True,False,Middle,163803.03,0.5203143949730749,1,15727703
616,1,37,5,144235.73,2,0,0,154957.66,1,False,False,Middle,221714.56,0.4442036244060163,0,15606273
763,0,38,0,152582.2,2,0,0,31892.82,0,False,False,Middle,152582.2,0.6027833879364433,1,15799652
640,1,43,9,172478.15,1,1,0,191084.4,1,False,True,Middle,344454.11,0.6213973358876662,1,15715047
592,1,36,1,126477.42,1,0,0,179718.17,0,False,False,Middle,144449.237,0.44014326588677877,0,15784687
528,1,43,7,97473.87,2,1,1,159823.16,0,False,True,Middle,209350.082,0.3384519279065669,0,15615322
630,1,53,5,138053.67,1,0,1,114110.97,0,False,False,Senior,195109.15500000003,0.5365376216303078,1,15722072
529,0,31,2,164003.05,2,1,1,60993.23,0,False,False,Middle,176201.696,0.2814382109704445,0,15646784
546,0,47,8,0.0,1,1,1,66408.01,1,False,False,Senior,53126.407999999996,0.4511878997218269,0,15644692
753,0,62,6,0.0,2,1,1,136398.9,0,False,False,Elder,81839.34,0.6887968738817289,1,15670354
772,0,39,4,122486.11,2,1,1,140709.25,0,False,True,Middle,178769.81,0.3697582592029485,0,15716357
567,1,36,1,0.0,2,0,0,8555.73,0,False,False,Middle,855.573,0.3588765456408628,0,15786717
628,0,45,6,53667.44,1,1,0,115022.94,0,True,False,Middle,122681.20400000001,0.816480230442652,1,15771383
658,1,20,7,0.0,2,0,0,187638.34,0,False,False,Young,131346.838,0.12530060399200835,0,15649793
679,1,58,9,109327.65,1,1,1,3829.13,0,False,True,Senior,112773.867,0.580819496792795,1,15731543
629,1,34,1,121151.05,1,0,0,119357.93,0,False,True,Middle,133086.843,0.42635287572899516,0,15684516
731,1,42,9,101043.63,1,1,1,192175.52,0,False,True,Middle,274001.598,0.31892076164286925,0,15677249
775,1,33,3,83501.66,2,1,0,128841.31,0,True,False,Middle,122154.05300000001,0.48248020812099024,0,15581525
660,1,33,2,80462.24,1,0,0,150422.35,0,False,True,Middle,110546.71,0.37134884645409094,0,15628420
752,1,39,3,0.0,1,1,0,188187.05,0,False,False,Middle,56456.11499999999,0.37652071472718085,0,15600478
655,1,37,6,109093.41,2,1,0,1775.52,0,False,False,Middle,110158.72200000001,0.38547497474123116,0,15594502
543,0,46,5,140355.6,1,1,1,85086.78,0,False,True,Senior,182898.99000000002,0.5723402661703371,1,15784361
811,1,42,10,0.0,2,1,1,3797.79,0,False,False,Middle,3797.7900000000004,0.17660764780526292,0,15767626
689,1,45,0,130170.82,2,1,0,150856.38,0,True,False,Middle,130170.82,0.7415804302129538,1,15632521
531,0,42,2,0.0,2,0,1,90537.47,0,False,False,Middle,18107.494000000002,0.37460308064518966,0,15665088
515,1,40,0,109542.29,1,1,1,166370.81,0,False,False,Middle,109542.29,0.2955204406439124,0,15652084
466,0,41,3,33563.95,2,1,0,178994.13,1,False,False,Middle,87262.189,0.6003589209859523,1,15574761
782,1,36,1,148795.17,2,1,1,195681.43,0,False,False,Middle,168363.31300000002,0.2025530486893392,0,15729515
611,1,64,9,0.0,2,1,1,53277.15,0,False,False,Elder,47949.435000000005,0.5961696502006089,1,15682070
621,1,40,8,174126.75,3,1,0,172490.78,1,True,False,Middle,312119.374,0.6763314366826085,1,15743817
604,1,41,3,0.0,1,0,0,11819.84,0,False,True,Middle,3545.9520000000007,0.4795655375642357,0,15572158
655,0,35,1,106405.03,1,1,1,82900.25,0,False,True,Middle,114695.055,0.3399277532183518,0,15584477
689,1,38,2,0.0,1,1,1,82709.8,0,False,True,Middle,16541.960000000003,0.21145788477785277,0,15614893
681,1,30,2,128393.29,1,1,1,180593.45,0,False,True,Young,164511.97999999998,0.16760215908406298,0,15665963
643,1,41,2,127841.52,1,1,0,172363.41,0,True,False,Middle,162314.202,0.7011415602010878,1,15612524
617,0,24,4,137295.19,2,1,1,91195.12,0,False,False,Young,173773.238,0.1606557670161194,0,15596962
638,0,55,2,155828.22,1,0,1,108987.25,1,False,True,Senior,177625.67,0.7385329664029019,1,15744942
743,1,39,6,0.0,2,1,0,44265.28,0,False,False,Middle,26559.168,0.3422652641146995,0,15573278
828,0,25,7,144351.86,1,1,0,116613.26,0,True,False,Young,225981.142,0.511219675596618,1,15717056
776,1,35,8,106365.29,1,1,1,148527.56,0,False,True,Middle,225187.338,0.20406879985931559,0,15795881
540,1,35,7,127801.88,1,0,1,84239.46,0,True,False,Middle,186769.502,0.3834772076227674,0,15758939
616,0,45,4,122793.96,1,1,1,62002.04,0,True,False,Middle,147594.776,0.6877380681307698,1,15792250
628,1,38,10,113525.84,1,1,0,46044.48,1,True,False,Middle,159570.32,0.606754725283954,1,15740406
667,0,23,6,136100.69,2,0,0,169669.33,1,False,True,Young,237902.288,0.3324302739023799,0,15768137
615,1,30,7,0.0,2,1,1,156346.84,0,False,False,Young,109442.788,0.10755922589004147,0,15569120
543,1,30,4,140916.81,1,1,0,157711.18,0,False,False,Young,204001.282,0.34069180031149837,0,15723721
553,0,31,4,0.0,2,1,1,89087.4,0,False,False,Middle,35634.96,0.19091500583172064,0,15777122
554,1,26,4,121365.39,1,1,1,8742.36,0,True,False,Young,124862.334,0.23302549955862709,0,15742681
684,0,36,4,0.0,1,1,0,117038.96,0,False,True,Middle,46815.584,0.4925129220777881,0,15582090
452,0,35,7,0.0,2,1,0,164241.67,0,False,False,Middle,114969.16900000002,0.4651101651718102,0,15711254
606,1,47,3,93578.68,2,0,1,137720.56,1,False,False,Senior,134894.848,0.37885707352337467,0,15775067
629,1,40,9,0.0,1,1,0,106.67,0,False,False,Middle,96.003,0.3719957255069875,0,15602851
659,0,33,8,115409.6,1,0,1,1539.21,0,False,True,Middle,116640.96800000001,0.2782257465704158,0,15802857
493,0,33,8,90791.69,1,1,1,59659.53,0,False,False,Middle,138519.314,0.2700733752196033,0,15701175
794,0,62,9,123681.32,3,1,0,173586.63,1,False,False,Elder,279909.287,0.8754061819840729,1,15783019
554,0,44,6,92436.86,1,1,0,126033.9,0,False,False,Middle,168057.2,0.6917569536113087,1,15728912
796,0,52,9,167194.36,1,1,1,62808.93,1,True,False,Senior,223722.397,0.7713342036056426,1,15585580
807,0,36,4,0.0,2,0,1,147007.33,0,False,False,Middle,58802.932,0.23158174056630898,0,15583480
500,1,44,9,160838.13,2,1,0,196261.64,0,True,False,Middle,337473.606,0.7715229174668634,1,15620341
722,1,43,1,0.0,1,1,0,44560.17,1,False,True,Middle,4456.017,0.4993684293447093,0,15613886
559,0,40,7,144470.77,1,1,1,18917.95,0,False,True,Middle,157713.335,0.437341656874124,0,15792916
584,0,38,3,0.0,2,1,1,4525.4,0,False,True,Middle,1357.62,0.31142217853014537,0,15710408
834,0,68,9,130169.27,2,0,1,93112.2,0,True,False,Elder,213970.25,0.9086565247866784,1,15598695
754,1,35,4,0.0,2,1,1,9658.41,0,False,True,Middle,3863.364,0.1505458424100653,0,15649354
590,1,43,7,81076.8,2,1,1,182627.25,1,False,False,Middle,208915.875,0.2985540830859847,0,15737556
740,1,36,7,0.0,1,1,1,13177.4,0,False,False,Middle,9224.18,0.14771519722251192,0,15671610
502,0,57,3,101465.31,1,1,0,43568.31,1,True,False,Senior,114535.803,0.9357267913966507,1,15625092
733,1,48,5,0.0,1,0,1,117830.57,0,False,False,Senior,58915.28500000001,0.3337647874888484,0,15741032
755,0,37,0,113865.23,2,1,1,117396.25,0,True,False,Middle,113865.23,0.5003676325566343,1,15750014
554,0,46,7,87603.35,3,0,1,96929.24,1,False,True,Senior,155453.81800000003,0.49096505335671,0,15784761
534,1,36,4,120037.96,1,1,0,36275.94,0,False,False,Middle,134548.336,0.43477919968530343,0,15768359
656,1,33,4,0.0,2,1,0,116706.0,0,False,True,Middle,46682.4,0.29220742274313855,0,15805769
575,1,49,7,121205.15,4,1,1,168080.53,1,True,False,Senior,238861.521,0.5757831442732299,1,15719508
480,1,47,8,75408.33,1,1,0,25887.89,1,False,True,Senior,96118.642,0.6220487573887917,1,15609011
575,1,40,5,0.0,2,1,1,122488.59,0,False,False,Middle,61244.295,0.21053990555337054,0,15703106
672,0,40,3,0.0,1,1,0,113171.61,1,False,False,Middle,33951.483,0.5466969913288348,1,15626795
758,0,35,5,0.0,2,0,0,100365.51,0,False,True,Middle,50182.755000000005,0.4419901249233353,0,15773731
682,1,50,6,121818.84,2,0,1,124151.37,0,False,False,Senior,196309.662,0.43390958927173995,0,15756196
501,0,29,8,0.0,2,1,0,112664.24,0,False,False,Young,90131.392,0.33496145857267745,0,15687903
746,1,34,6,141806.0,2,1,1,183494.87,0,True,False,Middle,251902.92200000002,0.32648067630775746,0,15777599
556,0,51,8,61354.14,1,1,0,198810.65,1,False,False,Senior,220402.66000000003,0.7876735946977357,1,15754577
823,0,53,4,124954.94,1,0,1,131259.6,1,True,False,Senior,177458.78,0.7869842436274155,1,15584113
491,0,68,1,95039.12,1,0,1,116471.14,1,True,False,Elder,106686.234,0.9340781022343666,1,15669589
638,0,29,9,103417.74,1,1,1,15336.4,0,False,False,Young,117220.5,0.19093847440364564,0,15632793
734,1,45,2,0.0,2,1,0,99593.28,0,False,False,Middle,19918.656000000003,0.474836095313161,0,15711130
555,1,40,10,43028.77,1,1,0,170514.21,0,False,False,Middle,213542.97999999998,0.4595167293925283,0,15615254
745,0,44,0,119638.21,1,1,1,34265.08,1,True,False,Middle,119638.21,0.6712966505180805,1,15720583
728,1,37,3,122689.51,2,0,0,106977.53,1,False,False,Middle,154782.769,0.41218948087648893,0,15780432
626,1,44,10,0.0,2,0,0,164287.86,0,False,False,Middle,164287.86,0.4779199130019054,0,15673223
681,1,37,8,73179.34,2,1,1,25292.53,0,True,False,Middle,93413.364,0.3159727488632511,0,15807989
478,0,38,4,171913.87,1,1,0,51820.87,1,False,False,Middle,192642.218,0.6517912691210542,1,15761168
709,1,38,5,0.0,2,1,1,81452.29,0,False,False,Middle,40726.145,0.16997434613015308,0,15651272
562,1,33,8,92659.2,2,1,0,1354.25,0,True,False,Middle,93742.59999999999,0.48835897337284906,0,15812832
769,0,34,7,137239.17,1,1,1,71379.92,1,True,False,Middle,187205.114,0.4534664698086102,0,15680517
684,0,46,3,102955.14,2,1,0,154137.33,0,True,False,Senior,149196.339,0.8320117219146845,1,15750569
536,0,61,8,65190.29,1,1,1,64308.49,1,False,False,Elder,116637.082,0.7441930281567471,1,15690743
631,0,29,2,96863.52,2,1,1,31613.35,0,True,False,Young,103186.19,0.3615866572338263,0,15627741
657,1,34,5,154983.98,1,1,0,27738.01,0,False,True,Middle,168852.98500000002,0.4186422495018347,0,15712121
699,1,59,3,106819.65,1,0,1,163570.25,0,True,False,Senior,155890.725,0.7796795272495041,1,15805429
606,1,38,7,128578.52,1,1,1,193878.51,0,False,True,Middle,264293.477,0.2871135174953618,0,15814923
612,0,63,2,126473.33,1,0,1,147545.65,0,False,False,Elder,155982.46,0.8134050140607186,1,15589230
660,0,38,5,110570.78,2,1,0,195906.59,0,False,False,Middle,208524.075,0.5636480297861488,1,15775490
829,1,50,7,0.0,2,0,1,178458.86,0,False,True,Senior,124921.202,0.36213535289423393,0,15749727
567,1,29,8,0.0,2,1,0,156125.72,0,False,True,Young,124900.576,0.24342866808503638,0,15619238
850,0,33,3,0.0,2,1,1,11159.19,0,False,False,Middle,3347.757,0.1850479321658296,0,15593468
712,0,44,2,0.0,2,0,0,45738.94,0,False,True,Middle,9147.788,0.6342040248772668,1,15718454
562,1,30,3,111099.79,2,0,0,140650.19,0,False,False,Young,153294.847,0.3080646643218009,0,15789498
755,0,29,3,0.0,3,1,0,4733.94,0,False,False,Young,1420.182,0.28939129203600283,0,15744691
793,1,25,3,100913.57,1,0,0,10579.72,0,False,True,Young,104087.486,0.23586304189201449,0,15708289
471,1,26,8,0.0,2,1,1,179655.87,0,False,True,Young,143724.696,0.10057060147881841,0,15790412
707,1,42,2,16893.59,1,1,1,77502.56,0,False,False,Middle,32394.102,0.25287604312340967,0,15741416
784,1,38,10,122267.85,1,0,0,145759.93,0,False,True,Middle,268027.78,0.4623887921560477,0,15598894
703,1,32,1,125685.79,1,1,1,56246.72,0,False,False,Middle,131310.462,0.17874849331971715,0,15663294
704,1,36,8,127397.34,1,1,0,151335.24,0,False,True,Middle,248465.532,0.43657753670440025,0,15572728
662,1,38,0,105271.56,1,0,1,179833.45,0,False,False,Middle,105271.56,0.24712273449209118,0,15706729
636,0,28,2,115265.14,1,0,0,191627.85,0,True,False,Young,153590.71,0.5991699958632024,1,15674433
640,1,36,4,0.0,1,0,0,173016.46,0,False,True,Middle,69206.584,0.37616185377314376,0,15641170
739,1,31,1,0.0,2,1,1,58469.75,0,False,True,Middle,5846.975,0.12383625212930019,0,15806284
767,1,23,2,139542.82,1,0,1,28038.28,0,True,False,Young,145150.476,0.19269209518106525,0,15690958
753,0,46,3,111512.75,3,1,0,159576.75,1,True,False,Senior,159385.775,0.8145533237944581,1,15606386
714,1,37,9,148466.93,2,0,1,151280.96,0,False,False,Middle,284619.794,0.2288568444850608,0,15682322
707,1,29,4,0.0,2,1,0,139953.94,0,False,False,Young,55981.576,0.20787708431708105,0,15579915
577,0,35,4,108155.49,1,1,0,105407.79,0,False,False,Middle,150318.606,0.5387393772266964,1,15681928
633,0,42,1,0.0,2,1,0,56865.62,0,False,False,Middle,5686.562000000001,0.5807148492719786,1,15734005
849,1,41,10,84622.13,1,1,1,198072.16,0,True,False,Middle,282694.29000000004,0.42764282727795605,0,15650432
614,0,41,7,146997.64,2,0,0,137791.18,0,False,True,Middle,243451.46600000001,0.6762544675687878,1,15592578
558,0,47,9,0.0,2,1,0,103787.28,0,False,False,Senior,93408.55200000001,0.6547597104497144,1,15671243
832,0,27,10,98590.25,1,1,0,30912.89,0,False,False,Young,129503.14,0.3004132352102114,0,15775709
567,0,26,2,0.0,2,1,1,78651.55,0,False,False,Young,15730.310000000001,0.1412134068186797,0,15702631
587,0,45,8,134980.74,1,1,1,123309.57,1,True,False,Middle,233628.396,0.693208371074036,1,15602282
712,0,79,5,108078.56,1,1,1,174118.93,0,False,True,Elder,195138.025,0.9342224022041887,1,15717879
655,0,29,9,0.0,2,0,1,85736.26,0,False,True,Young,77162.634,0.16683485006961132,0,15740878
641,0,42,6,0.0,2,0,0,121138.77,0,False,False,Middle,72683.262,0.569081281838665,1,15794468
676,1,35,5,106836.67,2,1,0,84199.78,0,False,False,Middle,148936.56,0.3582798091221474,0,15773277
472,1,29,8,102490.27,1,0,1,181224.56,0,False,False,Young,247469.918,0.15992569214053423,0,15572657
644,1,34,9,112746.54,2,0,0,141230.07,0,True,False,Middle,239853.603,0.5460391626111023,1,15800295
598,1,38,0,125487.89,1,0,0,158111.71,0,False,False,Middle,125487.89,0.4797720593075198,0,15672397
792,1,25,8,142862.21,1,1,1,130639.01,0,False,True,Young,247373.418,0.11304609257308772,0,15684921
700,0,37,7,0.0,2,1,0,17040.82,0,False,False,Middle,11928.574,0.4329024087499668,0,15720676
616,1,34,10,0.0,2,1,0,25662.27,0,False,False,Middle,25662.270000000004,0.2553770876172531,0,15731829
743,1,35,6,79388.33,1,1,1,193360.69,0,False,True,Middle,195404.744,0.20097871990984506,0,15732672
427,1,37,5,0.0,2,1,1,121485.1,0,False,False,Middle,60742.55,0.19058190668892241,0,15692406
731,1,29,10,0.0,2,1,1,162452.65,0,False,False,Young,162452.65000000002,0.09311318766420566,0,15764405
610,0,31,6,107784.65,1,1,1,141137.53,0,False,False,Middle,192467.168,0.24949007056962272,0,15757537
724,0,41,4,142880.28,3,0,0,185541.2,1,False,True,Middle,217096.76,0.6402373835981989,1,15793307
653,0,38,9,149571.94,1,1,0,118383.18,0,False,True,Middle,256116.802,0.6241771158039049,1,15660679
774,1,49,1,142767.39,1,1,1,8214.41,0,False,False,Senior,143588.831,0.45132702891332077,0,15666856
547,1,49,8,121537.71,2,1,0,46521.45,1,True,False,Senior,158754.87,0.7889397834796784,1,15687372
719,1,50,2,0.0,2,0,0,10772.13,0,False,True,Senior,2154.426,0.6147528959979807,1,15667289
740,1,43,9,0.0,1,1,0,199290.68,1,False,True,Middle,179361.612,0.4897854146792537,0,15624641
543,1,42,4,89838.71,3,1,0,85983.54,1,False,False,Middle,124232.126,0.4826067596205808,0,15734610
688,1,45,9,103399.87,1,0,0,129870.93,0,True,False,Middle,220283.707,0.7419279824280597,1,15631882
474,0,30,9,0.0,2,0,0,63158.22,0,False,False,Young,56842.398,0.3499829824712001,0,15642709
505,1,43,5,136855.94,2,1,0,171070.52,0,True,False,Middle,222391.2,0.7389130254502905,1,15811026
688,0,39,0,0.0,2,1,0,53222.15,1,False,False,Middle,0.0,0.5198018960159739,1,15596303
650,0,55,2,140891.46,3,1,1,179834.45,1,True,False,Senior,176858.35,0.8035393297420407,1,15787255
610,1,37,0,0.0,1,1,0,114514.64,0,False,False,Middle,0.0,0.373437578426778,0,15617166
705,0,46,5,89364.91,1,0,1,139162.15,0,False,True,Senior,158945.985,0.5218692935186985,1,15742442
669,0,29,7,146011.4,1,0,0,50249.16,0,False,False,Young,181185.812,0.42287936264029674,0,15758692
650,1,20,8,0.0,2,1,1,113469.65,0,False,True,Young,90775.72,0.05501767968310492,0,15568238
550,1,29,9,145294.08,2,1,0,147484.13,0,True,False,Young,278029.797,0.48180085302447945,0,15730353
595,0,45,9,106000.12,1,0,0,191448.96,1,True,False,Middle,278304.184,0.8518681547663725,1,15731555
572,0,26,5,0.0,2,1,0,119381.41,0,False,True,Young,59690.70500000001,0.30518752261373794,0,15582404
622,0,58,2,0.0,2,1,1,33277.31,0,False,True,Senior,6655.4619999999995,0.6782732905754082,1,15721462
662,1,20,9,104508.77,2,0,0,73107.53,0,False,True,Young,170305.54700000002,0.15860729300185872,0,15632899
783,0,58,3,127539.3,1,1,1,96590.39,1,True,False,Senior,156516.41700000002,0.845867093638477,1,15808526
714,1,44,7,0.0,1,0,1,6923.11,0,False,True,Middle,4846.177,0.27393267906687746,0,15694349
671,1,51,3,96891.46,1,1,0,176403.33,1,True,False,Senior,149812.459,0.8204177123147778,1,15718465
600,0,32,1,78535.25,1,1,0,64349.6,0,False,False,Middle,84970.21,0.47088917149607484,0,15682995
847,0,37,9,112712.17,1,1,0,116097.26,0,False,True,Middle,217199.704,0.5464070886188727,1,15584776
650,1,55,9,119618.42,1,1,1,29861.13,0,False,True,Senior,146493.437,0.5431269228158836,1,15777772
710,0,28,6,0.0,1,1,0,48426.98,0,False,True,Young,29056.188000000002,0.3270772588923884,0,15576156
682,0,33,8,74963.5,1,1,1,32770.56,0,False,False,Middle,101179.948,0.23165835416101407,0,15646756
642,1,26,1,138023.79,2,0,1,117060.2,0,False,False,Young,149729.81,0.11964524767963503,0,15742886
536,0,28,4,0.0,1,1,1,136197.65,0,False,True,Young,54479.06,0.18937651695991592,0,15586135
754,0,47,1,185513.67,1,1,0,27438.83,0,False,False,Senior,188257.553,0.7755471068336943,1,15616152
678,1,60,8,185648.56,1,0,0,192156.54,1,False,False,Senior,339373.792,0.8503452633128179,1,15721460
533,0,49,1,102286.6,3,1,0,69409.37,1,True,False,Senior,109227.53700000001,0.8689859937784417,1,15727317
741,1,38,4,128015.83,1,1,0,58440.43,0,True,False,Middle,151392.002,0.631646154627954,1,15649536
757,1,31,10,39539.39,2,0,0,192519.39,0,False,False,Middle,232058.78000000003,0.26110634194482524,0,15754929
721,1,40,3,0.0,1,1,1,144874.67,0,False,False,Middle,43462.401000000005,0.21119752484021032,0,15572051
700,1,37,3,77608.46,2,1,1,175373.46,0,False,False,Middle,130220.498,0.19518064521489858,0,15668142
663,1,26,5,141462.13,1,1,0,440.2,0,False,False,Young,141682.23,0.2486695464268377,0,15701176
677,0,35,0,0.0,2,0,0,76637.38,0,False,True,Middle,0.0,0.4773708198784672,0,15708422
655,1,27,2,131691.33,1,1,0,49480.66,0,False,False,Young,141587.462,0.2762536943511653,0,15655632
832,1,29,8,93833.86,1,0,1,10417.87,0,False,True,Young,102168.156,0.12041965398344148,0,15744606
721,0,46,7,137933.39,1,1,1,67976.57,0,False,True,Senior,185516.98900000003,0.5276118827069932,1,15612140
542,1,54,8,105770.14,1,0,1,140929.98,1,False,True,Senior,218514.124,0.5747096221364105,1,15656086
654,0,54,5,0.0,2,0,1,47139.06,0,False,True,Senior,23569.53,0.5924411858926422,1,15655298
821,0,38,8,0.0,2,0,1,126241.4,1,False,True,Middle,100993.12,0.2727128979349709,0,15644796
508,0,38,3,166328.65,2,0,1,22614.19,0,False,False,Middle,173112.907,0.4114493850649439,0,15726250
588,0,42,2,164307.77,1,1,0,48498.19,0,True,False,Middle,174007.408,0.8395734038516411,1,15764432
691,1,38,9,163965.69,2,0,1,103511.26,0,True,False,Middle,257125.82400000002,0.41124525689222163,0,15631721
664,1,40,7,125608.72,1,1,0,122073.48,0,False,False,Middle,211060.15600000002,0.4873922295876684,0,15707479
439,0,66,9,0.0,1,1,0,65535.56,0,False,False,Elder,58982.00400000001,0.9039574542238425,1,15579826
479,1,37,6,118433.94,1,0,1,160060.9,0,False,True,Middle,214470.47999999998,0.2872559705686407,0,15668104
850,0,55,10,98488.08,1,1,0,155879.57,1,False,False,Senior,254367.65000000002,0.8121971332838511,1,15641604
518,1,40,4,0.0,2,0,1,194416.58,0,False,False,Middle,77766.632,0.22675219875817382,0,15587240
717,0,64,10,98362.35,2,1,1,21630.21,0,True,False,Elder,119992.56,0.8631203397067716,1,15680767
698,0,51,6,144237.91,4,1,0,157143.61,1,False,False,Senior,238524.076,0.7544565643235771,1,15601594
850,1,34,6,0.0,1,0,1,52796.31,0,False,False,Middle,31677.786,0.13022107432230673,0,15589969
700,1,47,4,0.0,1,1,0,121798.52,1,False,True,Senior,48719.408,0.5638606856870845,1,15703728
626,0,29,4,105767.28,2,0,0,41104.82,0,False,False,Young,122209.208,0.3979810669542,0,15617790
774,1,32,9,0.0,2,1,0,10604.48,0,False,True,Middle,9544.032,0.22853417904431825,0,15662500
719,0,48,5,0.0,2,0,0,78563.66,0,False,True,Senior,39281.83000000001,0.6879947622046553,1,15778526
646,1,31,2,0.0,1,1,1,170821.43,1,False,True,Middle,34164.286,0.13590857714654206,0,15670584
485,0,25,3,134467.26,1,1,1,113266.09,0,False,False,Young,168447.087,0.20072653225767306,0,15748069
784,1,38,1,138515.02,1,1,1,171768.76,0,True,False,Middle,155691.89599999998,0.4089322804131938,0,15680597
850,1,32,2,128647.98,2,0,0,54416.18,0,True,False,Middle,139531.216,0.4968478105845641,0,15628992
669,0,38,9,121858.98,1,1,0,130755.34,0,False,False,Middle,239538.78600000002,0.580069405161166,1,15719624
731,1,70,3,0.0,2,1,1,141180.66,0,False,True,Elder,42354.198000000004,0.732246535665451,1,15812767
721,0,49,1,120108.56,1,0,1,183421.76,0,False,False,Senior,138450.736,0.5703400736283134,1,15689201
515,0,37,0,196853.62,1,1,1,132770.11,0,False,False,Middle,196853.62,0.4286704607290953,0,15614716
774,0,35,3,121418.62,1,1,1,24400.37,0,False,False,Middle,128738.731,0.2998173277847691,0,15683618
585,1,36,10,0.0,2,1,1,180318.6,0,False,True,Middle,180318.6,0.18288625772494413,0,15799631
695,0,29,9,0.0,2,1,0,111565.45,0,False,False,Young,100408.905,0.30184129323576014,0,15692259
729,0,42,4,97495.8,2,0,0,2002.5,0,True,False,Middle,98296.8,0.7789612344960637,1,15590966
713,0,42,3,0.0,2,0,0,82565.01,0,False,False,Middle,24769.502999999997,0.5640088221312991,1,15656426
555,1,33,5,127343.4,1,0,1,121789.3,0,False,True,Middle,188238.05,0.22129024647790518,0,15675256
699,0,50,0,158633.61,1,1,0,193785.87,0,False,True,Senior,158633.61,0.8119404088297068,1,15751185
587,1,55,9,0.0,1,1,0,64593.07,0,False,False,Senior,58133.763000000006,0.6759293482191371,1,15789582
762,0,69,9,183744.98,1,1,1,196993.69,0,False,True,Elder,361039.301,0.8892979645331595,1,15651103
510,1,44,6,0.0,2,1,1,175518.31,0,False,False,Middle,105310.98599999999,0.2792764551414834,0,15672299
842,1,46,9,0.0,1,0,0,17268.02,0,False,True,Senior,15541.218,0.48764165815827826,0,15772250
608,1,31,7,79962.92,2,1,0,60901.72,0,False,False,Middle,122594.12400000001,0.2756866052686482,0,15763922
850,0,36,10,0.0,2,1,1,100750.03,0,False,False,Middle,100750.03000000001,0.20539305850868847,0,15633870
642,1,36,4,0.0,2,1,1,195224.91,0,False,False,Middle,78089.964,0.15962408336793854,0,15624323
850,1,33,7,140956.99,1,0,0,3510.18,0,False,False,Middle,143414.11599999998,0.3249458456834508,0,15688612
455,0,43,6,0.0,1,1,1,81250.79,0,False,True,Middle,48750.474,0.4304997472543844,0,15694644
726,1,29,7,0.0,2,1,1,91844.14,1,False,False,Young,64290.898,0.08953151851963134,0,15587174
544,1,30,8,145241.63,1,1,1,80676.83,0,False,True,Young,209783.094,0.17740821672697138,0,15579559
651,1,31,7,138008.06,2,1,0,129912.74,0,True,False,Middle,228946.978,0.4960344133607399,0,15775430
814,0,31,4,0.0,2,1,1,142029.17,0,False,False,Middle,56811.668000000005,0.16426845568265958,0,15623695
537,1,39,2,0.0,2,1,1,137651.6,0,False,False,Middle,27530.320000000003,0.20617736985708565,0,15760849
553,1,37,2,0.0,2,1,0,33877.29,0,False,False,Middle,6775.4580000000005,0.361664322889701,0,15813095
800,1,38,9,0.0,1,1,0,78744.39,0,False,True,Middle,70869.951,0.35346738099890945,0,15705281
791,1,34,7,0.0,2,1,0,96734.46,0,False,False,Middle,67714.12200000002,0.2571525048571253,0,15812594
699,0,29,9,127570.93,2,1,0,164756.81,0,False,True,Young,275852.059,0.4201912679803356,0,15626322
756,0,28,6,0.0,1,1,1,164394.65,0,False,False,Young,98636.79,0.15161052571428096,0,15723105
591,0,27,5,107812.67,1,0,1,162501.83,1,False,True,Young,189063.585,0.22492342167200702,0,15588449
850,1,22,7,91560.58,2,0,0,10541.38,0,True,False,Young,98939.546,0.26303112878948787,0,15794849
760,1,34,6,121303.77,2,1,1,59325.21,0,True,False,Middle,156898.896,0.2985181673841045,0,15620000
569,1,43,8,161546.68,2,0,1,178187.28,0,False,True,Middle,304096.50399999996,0.38393019189958577,0,15799720
661,0,35,5,128415.45,1,1,0,142626.49,0,False,True,Middle,199728.695,0.5645500551649582,1,15711287
670,0,31,2,57530.06,1,1,1,181893.31,1,False,False,Middle,93908.72200000001,0.2188550089592778,0,15613102
694,1,38,1,0.0,2,0,1,156858.2,0,False,False,Middle,15685.820000000002,0.18156504102225854,0,15621440
728,0,28,4,142243.54,2,1,0,33074.51,0,False,False,Young,155473.344,0.37709962111736706,0,15677146
764,0,39,9,138341.51,1,1,0,50072.94,1,True,False,Middle,183407.15600000002,0.7426414690361535,1,15801169
639,1,32,9,0.0,2,1,0,111340.36,0,False,False,Middle,100206.32400000001,0.24649943903635435,0,15722425
683,0,30,2,0.0,2,0,1,100496.84,1,False,False,Young,20099.368000000002,0.17498395553368473,0,15682421
663,1,30,4,0.0,3,1,0,101371.05,0,False,True,Young,40548.420000000006,0.22863265853515638,0,15691910
826,1,41,5,146466.46,2,0,0,180934.67,0,False,True,Middle,236933.795,0.5142690628030582,1,15721779
735,1,36,5,0.0,2,1,0,105152.17,0,False,True,Middle,52576.085,0.3264136059253718,0,15579548
682,0,58,1,0.0,1,1,1,706.5,0,False,False,Senior,70.65,0.674312733345854,1,15681075
663,0,39,8,0.0,2,1,1,101168.9,0,False,False,Middle,80935.12,0.27709465114477,0,15607884
562,0,29,9,120307.58,1,1,1,6795.61,0,False,True,Young,126423.629,0.22414453153158936,0,15767757
696,1,27,4,87637.26,2,0,0,196111.35,0,False,False,Young,166081.8,0.23130634624400914,0,15791550
850,1,38,2,94652.04,1,1,1,171960.76,0,False,True,Middle,129044.192,0.2317935351473013,0,15658589
719,0,22,7,114415.84,1,1,1,177497.4,0,False,False,Young,238664.02000000002,0.137576917279557,0,15670822
804,0,71,8,0.0,2,0,1,147995.96,0,False,False,Elder,118396.768,0.815422662698149,1,15629744
604,1,40,1,84315.02,1,0,0,36209.1,0,False,False,Middle,87935.93000000001,0.5031452317565798,1,15660768
782,0,27,3,0.0,2,1,0,143614.01,0,False,True,Young,43084.20300000001,0.2931678249292302,0,15726310
512,1,42,9,93955.83,2,1,0,14828.54,0,True,False,Middle,107301.516,0.6612613261422449,1,15641298
569,1,36,1,67087.69,1,1,0,154775.7,0,False,False,Middle,82565.26000000001,0.39866620051092966,0,15625675
597,0,22,6,101528.61,1,1,0,70529.0,1,True,False,Young,143846.01,0.4625364850688245,0,15713354
753,1,30,1,110824.52,1,1,1,57896.27,0,True,False,Young,116614.147,0.27208978700112463,0,15633866
430,0,33,8,0.0,1,1,1,69759.91,0,False,False,Middle,55807.92800000001,0.23353040683108545,0,15704231
756,1,28,8,179960.2,1,1,0,89938.08,0,False,False,Young,251910.66400000002,0.28254623586518385,0,15735400
493,1,38,3,134006.77,1,1,0,89578.32,0,False,False,Middle,160880.266,0.4954316517599355,0,15632826
777,0,37,10,121532.17,2,1,1,73464.88,0,True,False,Middle,194997.05,0.46192364766099214,0,15751022
779,0,38,7,0.0,2,1,1,138542.87,0,False,True,Middle,96980.009,0.27497678143574555,0,15664737
702,0,38,2,0.0,1,1,1,161888.63,0,False,True,Middle,32377.726000000002,0.31057133122244773,0,15681126
551,1,35,7,129717.3,2,0,0,86937.2,0,False,False,Middle,190573.34000000003,0.3953159982893829,0,15738954
749,1,22,4,94762.16,2,1,1,42241.54,0,True,False,Young,111658.77600000001,0.1414701623991884,0,15662263
742,1,55,5,155196.17,1,0,1,121207.66,1,True,False,Senior,215800.00000000003,0.7391633453677114,1,15621611
752,1,29,4,129514.99,1,1,1,102930.46,0,True,False,Young,170687.174,0.255411558694899,0,15783752
740,0,57,3,113386.36,2,1,1,65121.63,1,True,False,Senior,132922.849,0.8215918105038856,1,15709474
576,1,24,3,0.0,1,0,1,78498.04,1,False,False,Young,23549.412,0.08279636235840046,0,15701280
637,1,43,3,172196.23,1,1,1,104769.96,0,False,True,Middle,203627.21800000002,0.3918552305905489,0,15671104
724,1,28,5,97612.12,1,1,1,96498.14,0,False,False,Young,145861.19,0.11897635948814896,0,15796434
685,1,20,4,104719.94,2,1,0,38691.34,0,False,False,Young,120196.476,0.14926196956843837,0,15781505
625,0,38,7,0.0,1,1,0,164804.02,0,False,False,Middle,115362.814,0.5149792652056807,1,15625819
571,1,37,9,139592.98,3,1,0,104152.65,1,True,False,Middle,233330.36500000002,0.5919257681530551,1,15753174
584,0,29,4,0.0,2,1,0,88866.92,0,False,True,Young,35546.768000000004,0.35575637660160864,0,15654067
550,0,22,7,139096.85,1,1,0,129890.94,0,False,False,Young,230020.50800000003,0.31799542199489045,0,15724719
662,0,72,7,140301.72,1,0,1,179258.67,0,False,True,Elder,265782.789,0.9072329583762682,1,15624695
803,1,43,3,0.0,1,1,0,72051.44,0,False,True,Middle,21615.432,0.4718442562418769,0,15718216
615,1,66,7,0.0,2,1,1,74580.8,0,False,False,Elder,52206.560000000005,0.6460931798490841,1,15586300
481,1,39,1,111233.09,1,1,1,123995.15,0,False,True,Middle,123632.605,0.3129833699023999,0,15783349
701,1,23,3,0.0,2,1,0,38960.59,0,False,False,Young,11688.177,0.1440475084585511,0,15725767
751,1,29,10,147737.63,1,0,1,94951.27,0,False,False,Young,242688.90000000002,0.13651534912291746,0,15791925
675,1,35,8,0.0,2,1,1,56642.97,0,False,False,Middle,45314.376000000004,0.1338739058242423,0,15793585
733,1,40,5,125725.02,2,1,1,50783.1,0,True,False,Middle,151116.57,0.41557192046190977,0,15576641
822,1,38,6,128289.7,3,1,0,9149.96,1,False,False,Middle,133779.676,0.36659960091931365,0,15749519
559,0,46,5,0.0,1,1,0,21006.1,1,False,False,Senior,10503.050000000001,0.6639056983655742,1,15684960
731,0,49,4,88826.07,1,1,1,33759.41,1,True,False,Senior,102329.834,0.7147064409983049,1,15591286
678,0,41,1,143443.61,1,1,0,196622.28,1,False,False,Middle,163105.838,0.6537192711523029,1,15668323
645,0,68,9,0.0,4,1,1,176353.87,1,False,False,Elder,158718.483,0.763917655291328,1,15608528
701,1,29,2,0.0,2,1,0,176943.59,0,False,False,Young,35388.718,0.20874342790912975,0,15645184
554,1,26,8,149134.46,1,1,1,177966.24,0,False,True,Young,291507.452,0.14801348821843757,0,15702566
723,1,30,3,124119.54,1,1,0,162198.32,0,False,False,Young,172779.036,0.30263471441431683,0,15660840
766,1,44,3,116822.7,1,0,0,197643.24,0,True,False,Middle,176115.672,0.7310031183251691,1,15750811
597,0,24,1,103219.47,1,1,0,60420.07,0,False,False,Young,109261.477,0.34035151127029484,0,15733842
574,1,41,1,0.0,2,0,0,70550.0,0,False,False,Middle,7055.0,0.44286193676183294,0,15581526
655,0,40,0,81954.6,1,1,1,198798.44,1,True,False,Middle,81954.6,0.563520097418778,1,15662751
780,0,37,10,95196.26,1,1,0,126310.39,1,True,False,Middle,221506.65,0.7009717940960589,1,15684319
672,1,43,5,0.0,2,1,1,64515.5,0,False,True,Middle,32257.75,0.2557110517389554,0,15702190
717,1,38,7,0.0,2,1,1,158580.05,0,False,False,Middle,111006.03499999999,0.17204290605435874,0,15588517
521,0,32,2,136555.01,2,1,1,129353.21,0,False,False,Middle,162425.652,0.27908593441841295,0,15801863
633,1,59,5,0.0,1,1,1,137273.97,0,False,False,Senior,68636.985,0.5496785873871236,1,15584271
669,1,39,3,119452.03,1,1,1,171575.54,0,False,False,Middle,170924.692,0.26274130803160267,0,15700366
740,1,44,9,0.0,1,0,1,96528.0,1,False,False,Middle,86875.20000000001,0.25564902834252795,0,15804038
462,0,24,9,69881.09,2,0,1,64421.02,0,True,False,Young,127860.008,0.26429124854851205,0,15720820
619,1,39,5,0.0,2,1,1,158444.61,0,False,False,Middle,79222.305,0.19477156045304175,0,15743759
665,0,44,7,0.0,2,1,1,66548.58,0,False,False,Middle,46584.006,0.3575319320548463,0,15749947
655,0,27,9,0.0,2,0,0,108008.05,0,False,True,Young,97207.24500000001,0.3055122212720143,0,15670496
463,1,20,8,204223.03,1,1,0,128268.39,0,False,True,Young,306837.74199999997,0.245118521606936,0,15746664
799,0,63,1,110314.21,2,1,0,37464.0,1,False,False,Elder,114060.61,0.8944403006625159,1,15745533
713,0,48,1,163760.82,1,0,0,157381.14,1,False,True,Senior,179498.934,0.7975595507960738,1,15761497
807,0,31,1,141069.18,3,1,1,194257.11,0,True,False,Middle,160494.891,0.3624985531939535,0,15628600
728,1,38,1,115934.74,1,1,1,139059.05,0,False,False,Middle,129840.645,0.24106802147573617,0,15627002
582,1,52,2,151457.88,1,0,1,40893.61,0,False,False,Senior,159636.602,0.5483216356323061,1,15614635
704,0,35,3,154206.07,2,1,1,40261.49,0,True,False,Middle,166284.517,0.4926791296416855,0,15731281
714,0,26,9,89928.99,1,1,0,46203.31,0,False,False,Young,131511.969,0.30651951591358534,0,15814022
628,1,30,8,89182.09,1,1,1,13126.9,0,False,False,Young,99683.61,0.12779413222975564,0,15659194
809,1,41,1,79706.25,2,1,0,165675.01,0,True,False,Middle,96273.751,0.6247704491488694,1,15745030
547,0,44,5,0.0,3,0,0,5459.07,1,False,True,Middle,2729.535,0.6202388079118,1,15691817
560,0,27,5,0.0,2,1,0,131919.48,0,False,False,Young,65959.74,0.3008237171002955,0,15707488
811,1,31,7,117799.28,1,1,1,182372.35,0,False,False,Middle,245459.925,0.14857888834754238,0,15784700
584,1,26,4,0.0,2,1,0,147600.54,0,False,False,Young,59040.21600000001,0.18554577617053275,0,15710397
691,1,28,1,0.0,2,0,0,92865.41,0,False,False,Young,9286.541000000001,0.20958027390737377,0,15687648
680,1,34,6,146422.22,1,1,0,67142.97,1,True,False,Middle,186708.002,0.5710503682378306,1,15732281
588,1,33,9,150186.22,2,1,1,65611.01,0,True,False,Middle,209236.12900000002,0.3130366469606332,0,15607230
721,1,40,6,100275.88,1,1,0,138564.48,1,True,False,Middle,183414.56800000003,0.6523324644274007,1,15567630
850,1,47,6,0.0,1,1,0,187391.02,1,False,False,Senior,112434.612,0.5132570775795477,1,15587507
529,1,32,9,147493.89,1,1,0,33656.35,0,False,False,Middle,177784.605,0.34833551412747465,0,15733904
622,1,43,8,0.0,2,1,0,100618.17,0,False,False,Middle,80494.53600000001,0.43654028697505814,0,15709511
683,0,42,8,0.0,2,0,1,198134.9,0,False,False,Middle,158507.92,0.3503733828493749,0,15579616
575,1,29,4,121823.4,2,1,1,50368.87,0,False,False,Young,141970.948,0.13764234944663495,0,15694852
577,0,40,1,0.0,2,1,1,108787.0,0,False,True,Middle,10878.7,0.34999061868358206,0,15589924
510,1,31,0,113688.63,1,1,0,33099.41,1,True,False,Middle,113688.63,0.5577823988875446,1,15799300
652,0,40,7,100471.34,1,1,1,124550.88,0,False,True,Middle,187656.956,0.40984578906758073,0,15731330
569,0,28,3,100032.52,1,1,0,5159.21,1,True,False,Young,101580.28300000001,0.5969102982346058,1,15694129
687,1,31,3,0.0,2,0,0,48228.1,0,False,True,Middle,14468.43,0.267138582806523,0,15620372
822,1,32,8,116358.0,1,1,0,108798.36,0,False,False,Middle,203396.68800000002,0.3039794703473964,0,15744622
656,0,23,4,163549.63,1,0,1,21085.12,0,True,False,Young,171983.678,0.31159082564163787,0,15799815
745,1,51,3,99183.9,1,1,1,28922.25,0,True,False,Senior,107860.575,0.6382157046097751,1,15759250
386,0,53,1,131955.07,1,1,1,62514.65,1,False,True,Senior,138206.535,0.73086471290353,1,15732643
684,0,41,1,134177.06,1,0,0,177506.66,0,False,True,Middle,151927.726,0.6816710030070909,1,15690540
635,0,38,1,0.0,2,1,0,90605.05,0,False,True,Middle,9060.505000000001,0.5274682321259645,1,15803078
582,1,30,2,0.0,2,1,1,132029.95,0,False,False,Young,26405.990000000005,0.11173497281104629,0,15652180
613,1,19,5,0.0,1,1,1,176903.35,0,False,True,Young,88451.675,0.060207512853766,0,15741195
795,0,56,9,94348.94,1,1,0,29239.29,1,True,False,Senior,120664.301,0.9006479840528115,1,15743490
659,0,32,2,155584.21,1,0,1,153662.88,0,False,False,Middle,186316.786,0.294386939472312,0,15575510
745,0,28,6,0.0,2,1,0,154389.18,0,False,False,Young,92633.508,0.2899025255172522,0,15732610
604,0,41,10,0.0,2,1,1,166224.39,0,False,True,Middle,166224.39,0.3559214357621139,0,15602909
509,1,32,9,170661.47,1,1,1,21646.2,0,True,False,Middle,190143.05,0.33060811052955547,0,15734058
706,0,29,6,185544.36,1,1,0,171037.63,0,True,False,Young,288166.93799999997,0.6440364713182277,1,15801788
619,0,44,6,52831.13,1,1,1,112649.22,1,False,True,Middle,120420.66200000001,0.46000584634375824,0,15702462
572,1,51,8,97750.07,3,1,1,193014.26,1,True,False,Senior,252161.47800000003,0.6256021388913217,1,15683416
695,1,36,6,114007.5,2,1,0,118120.88,0,False,False,Middle,184880.028,0.3777452802312727,0,15794187
543,0,71,1,104308.77,1,1,1,25650.04,0,False,False,Elder,106873.774,0.8913843869593453,1,15792989
640,0,33,6,84719.13,2,1,1,113048.79,0,False,False,Middle,152548.404,0.24237661281997194,0,15613734
672,1,39,2,0.0,2,1,0,87372.49,0,False,False,Middle,17474.498000000003,0.3739943140350795,0,15606177
701,1,39,9,140236.98,1,0,1,146651.99,0,False,False,Middle,272223.771,0.2717643756467881,0,15636700
634,1,25,9,0.0,2,1,1,8227.91,0,False,True,Young,7405.119000000001,0.07081332981543026,0,15645766
531,0,42,6,75302.85,2,0,0,57034.35,0,False,True,Middle,109523.46,0.6551399346037369,1,15671345
699,1,27,1,0.0,2,1,0,93003.21,0,False,False,Young,9300.321000000002,0.19052349176225045,0,15652469
605,0,51,9,104760.82,1,1,1,165574.54,1,False,False,Senior,253777.90600000002,0.6099609607416899,1,15749638
534,0,49,7,0.0,1,1,0,13566.48,1,False,False,Senior,9496.536,0.7039509525300963,1,15728706
449,0,31,1,113693.0,1,0,0,82796.29,0,False,True,Middle,121972.629,0.5373661219662049,1,15735439
684,0,36,5,174180.39,1,1,0,119830.08,0,False,True,Middle,234095.43000000002,0.607893696771324,1,15778696
622,1,42,9,115766.26,1,0,0,72155.85,1,True,False,Middle,180706.525,0.6989298608303623,1,15624744
714,0,40,0,0.0,2,1,0,62762.12,0,False,False,Middle,0.0,0.5327183938543193,1,15584338
712,0,48,8,0.0,2,1,0,183235.33,0,False,True,Senior,146588.264,0.6902876212707576,1,15726178
783,0,72,5,121215.9,2,1,1,105206.48,0,False,False,Elder,173819.14,0.8668029309550607,1,15794939
743,1,45,10,144677.19,3,1,0,22512.44,1,True,False,Middle,167189.63,0.6810385297602267,1,15788068
683,1,36,5,115350.63,1,1,1,122305.91,0,False,False,Middle,176503.58500000002,0.21437085065030861,0,15572956
654,1,40,5,105683.63,1,1,0,173617.09,0,False,True,Middle,192492.175,0.5118127741603392,1,15780386
700,1,37,1,135179.49,1,1,0,160670.37,0,False,False,Middle,151246.527,0.439110431253285,0,15791114
744,1,31,0,117551.23,1,1,0,158958.9,0,False,True,Middle,117551.23,0.33748219874922647,0,15708046
645,1,25,1,157404.02,2,1,0,93073.04,0,True,False,Young,166711.324,0.41162063924054415,0,15719779
525,1,36,3,77910.23,1,1,0,67238.01,0,False,True,Middle,98081.633,0.44096025426535496,0,15591550
732,1,25,0,110942.9,1,0,0,172576.56,0,False,False,Young,110942.9,0.2261534799359966,0,15639368
721,0,40,7,0.0,2,1,1,122580.48,0,False,False,Middle,85806.33600000001,0.29005580922635116,0,15699830
622,1,32,5,179305.09,1,1,1,149043.78,0,False,False,Middle,253826.97999999998,0.20113054932981217,0,15569264
654,1,31,5,150593.59,2,1,1,105218.45,0,True,False,Middle,203202.815,0.2905990870489132,0,15595158
529,0,43,0,123815.86,1,1,1,78463.99,1,False,False,Middle,123815.86,0.5004690779260738,1,15599126
720,0,59,6,0.0,2,1,1,160849.43,1,False,True,Senior,96509.658,0.6704060943040456,1,15650575
850,0,25,8,69385.17,2,1,0,87834.24,0,True,False,Young,139652.562,0.42399201594953834,0,15641490
667,1,27,2,138032.15,1,1,0,166317.71,0,True,False,Young,171295.69199999998,0.44655874605517665,0,15680234
620,1,41,3,0.0,2,1,1,137309.06,0,False,False,Middle,41192.718,0.22096392377523308,0,15592230
616,1,29,9,0.0,1,1,1,166984.44,0,False,False,Young,150285.996,0.10972216555400369,0,15626212
637,0,46,2,143500.82,1,1,0,166996.46,1,True,False,Senior,176900.11200000002,0.8626611092286485,1,15700627
710,0,29,3,119670.18,1,1,0,188022.44,0,False,True,Young,176076.912,0.4363528774700024,0,15782641
717,1,33,1,99106.73,1,0,0,194467.23,0,False,True,Middle,118553.453,0.3695511642680987,0,15784445
786,1,24,2,120135.55,2,1,1,125449.47,0,True,False,Young,145225.44400000002,0.17089440066051506,0,15813681
651,0,39,8,0.0,1,1,0,137452.57,0,False,False,Middle,109962.05600000001,0.5231227588822409,1,15596649
530,0,55,4,120905.03,1,0,1,123475.88,1,False,False,Senior,170295.382,0.7085431576804895,1,15700460
815,0,57,5,0.0,3,0,0,38941.44,1,False,True,Senior,19470.72,0.7874579870806697,1,15724076
715,0,34,9,102277.52,1,0,0,177852.57,1,True,False,Middle,262344.83300000004,0.6875949716767368,1,15784000
496,0,55,4,125292.53,1,1,1,31532.96,1,True,False,Senior,137905.714,0.8390091465479226,1,15733966
680,1,42,0,0.0,1,1,0,136377.21,0,False,True,Middle,0.0,0.478255516289325,0,15612667
646,0,51,4,101629.3,1,0,0,130541.1,0,False,False,Senior,153845.74,0.7958216670646766,1,15654025
807,1,47,1,171937.27,1,1,1,65636.92,0,True,False,Senior,178500.962,0.6110534263200778,1,15589431
727,1,47,7,0.0,2,1,0,193305.35,0,False,False,Senior,135313.745,0.5142143645491067,1,15578238
787,1,25,5,0.0,2,1,0,47307.9,0,False,False,Young,23653.95,0.14944079222091355,0,15566269
806,1,34,6,0.0,2,0,0,100809.99,0,False,False,Middle,60485.994000000006,0.2651983282682998,0,15639217
603,1,31,1,129743.75,1,1,0,109145.2,0,False,False,Middle,140658.27,0.3481018723267874,0,15688644
649,1,32,1,0.0,1,0,1,91167.19,1,False,True,Middle,9116.719000000001,0.1543707797370794,0,15662426
547,1,41,3,151191.31,1,1,0,175295.89,1,True,False,Middle,203780.077,0.7284546665194802,1,15720511
684,1,32,3,102630.13,2,1,1,127433.47,0,True,False,Middle,140860.171,0.279830004073814,0,15567246
477,0,57,9,114023.64,2,1,1,71167.17,1,False,False,Senior,178074.093,0.6963096362088461,1,15647965
558,1,41,2,124227.14,1,1,1,111184.67,0,True,False,Middle,146464.074,0.5012670995641375,1,15679048
695,0,23,1,0.0,2,1,1,141756.32,0,False,False,Young,14175.632000000001,0.10510879548705247,0,15675749
592,1,35,6,80285.16,1,1,0,72678.75,1,False,True,Middle,123892.41,0.3979556203380981,0,15782181
789,1,31,4,175477.15,1,1,1,172832.9,0,False,False,Middle,244610.31,0.17064160007102513,0,15795738
597,0,29,1,132144.35,1,1,0,158086.33,0,False,False,Young,147952.983,0.43935160606097623,0,15773751
839,1,47,2,136911.07,1,1,1,168184.62,1,True,False,Senior,170547.994,0.5703128516447932,1,15655436
405,1,31,5,133299.67,2,1,1,72950.14,0,True,False,Middle,169774.74000000002,0.3165029744521063,0,15691396
658,1,39,7,0.0,2,1,0,48378.4,0,False,False,Middle,33864.88,0.3512638687131969,0,15796958
684,1,42,1,117691.0,1,1,1,23135.65,1,True,False,Middle,120004.565,0.5067062526254554,1,15801832
633,1,35,10,0.0,2,1,0,65675.47,0,False,False,Middle,65675.47,0.27830411580447373,0,15661349
589,1,46,9,0.0,2,1,0,170676.67,0,False,False,Senior,153609.003,0.5160874322139719,1,15719265
750,0,37,1,133199.71,2,1,1,27366.77,0,True,False,Middle,135936.387,0.522801615806721,1,15779985
771,1,51,5,135506.58,3,1,1,152479.64,1,False,True,Senior,211746.4,0.44599688920519603,0,15663410
812,1,33,2,127154.14,2,0,1,105383.49,0,True,False,Middle,148230.838,0.3009064219499115,0,15704144
539,1,39,2,0.0,2,1,1,48189.94,0,False,True,Middle,9637.988000000001,0.229006558397056,0,15774104
670,0,42,5,49508.79,3,1,1,100324.01,0,True,False,Middle,99670.79500000001,0.530630548289638,1,15812230
673,1,41,5,0.0,1,1,1,65657.29,0,False,False,Middle,32828.645,0.22439762133983326,0,15742848
538,0,62,3,75051.49,1,0,0,17682.02,1,False,False,Elder,80356.096,0.9029822295493914,1,15745326
575,1,52,8,123925.23,1,0,0,111342.66,1,False,True,Senior,212999.358,0.7431313037648615,1,15674541
682,1,41,6,0.0,2,0,1,134158.09,1,False,False,Middle,80494.854,0.21602992225619833,0,15728564
712,1,33,3,153819.58,1,1,0,79176.09,1,False,False,Middle,177572.40699999998,0.37586781785262896,0,15580701
598,0,39,5,0.0,2,1,1,83103.46,0,False,True,Middle,41551.73000000001,0.3171312791082301,0,15688973
776,1,30,6,0.0,2,0,1,63908.86,0,False,True,Young,38345.316000000006,0.10612425253608943,0,15709412
606,0,23,10,70417.79,1,0,1,90896.04,0,False,True,Young,161313.83,0.14693581646038542,0,15607753
686,1,38,7,111484.88,1,1,1,76076.2,0,False,True,Middle,164738.22,0.2500679689144674,0,15705352
850,1,38,1,146343.98,1,0,1,103902.11,0,False,True,Middle,156734.19100000002,0.2712679558781934,0,15602500
642,1,72,1,160541.0,2,1,1,142223.94,0,False,False,Elder,174763.394,0.8270672908423038,1,15672437
606,1,27,2,130274.26,2,1,0,147533.09,0,True,False,Young,159780.878,0.4305537240615769,0,15720968
627,0,21,7,98993.02,1,1,1,169156.64,0,False,False,Young,217402.668,0.13074880407165046,0,15730796
850,1,36,0,0.0,2,1,0,141242.57,0,False,True,Middle,0.0,0.3166466567598662,0,15768219
850,1,32,9,141827.33,2,1,1,149458.73,0,True,False,Middle,276340.18700000003,0.2724121726023117,0,15663883
724,0,40,6,110054.45,1,1,1,86950.72,0,False,False,Middle,162224.88199999998,0.3748578745990469,0,15589296
579,1,28,4,0.0,2,1,1,176925.69,0,False,False,Young,70770.276,0.09669629995232659,0,15586425
727,1,28,1,0.0,1,1,0,40357.39,0,False,True,Young,4035.739,0.23851251287280018,0,15679813
813,0,36,6,98088.09,1,0,1,26687.22,1,True,False,Middle,114100.42199999999,0.4652680710098925,0,15681410
642,1,48,9,118317.27,4,0,0,78702.98,1,False,False,Senior,189149.952,0.5627713427442332,1,15668283
669,1,22,10,0.0,2,1,0,176163.74,0,False,True,Young,176163.74,0.15106923716582515,0,15624072
574,1,54,1,99774.5,1,0,0,4896.11,1,True,False,Senior,100264.111,0.8748071378528899,1,15669664
774,0,32,4,0.0,2,0,0,114899.13,0,False,False,Middle,45959.652,0.36096261249765665,0,15682728
735,0,38,1,0.0,3,0,0,92220.12,1,False,False,Middle,9222.012,0.4674066833729253,0,15573851
639,0,27,8,133806.54,2,1,0,6251.3,0,False,True,Young,138807.58000000002,0.3636472196405449,0,15733661
738,1,44,2,0.0,2,1,0,43018.82,1,False,True,Middle,8603.764000000001,0.48640752116453123,0,15710012
835,1,32,8,124993.29,2,1,1,27548.06,0,False,False,Middle,147031.738,0.13033991869312364,0,15763327
637,0,44,0,157622.58,1,1,1,120454.2,0,False,True,Middle,157622.58,0.5437434763409595,1,15668853
589,1,48,5,126111.61,1,0,1,133961.19,0,True,False,Senior,193092.20500000002,0.6310630982569235,1,15639303
591,1,42,9,161651.37,2,1,1,131753.97,0,False,False,Middle,280229.94299999997,0.318231404507337,0,15691011
723,0,40,7,142856.95,2,0,0,38019.74,0,False,False,Middle,169470.768,0.5957244052374385,1,15638513
831,1,44,3,111100.98,1,1,1,28144.07,1,True,False,Middle,119544.201,0.49958464604839875,0,15648933
733,1,35,8,102918.38,1,1,1,45959.86,0,False,True,Middle,139686.268,0.1926367491820344,0,15628904
731,0,30,5,0.0,2,1,0,189528.72,0,False,False,Young,94764.36,0.3279165748378801,0,15644788
654,1,47,10,0.0,2,1,0,170481.98,0,False,False,Senior,170481.98,0.5236419029216339,1,15598161
828,1,37,4,0.0,2,1,0,94845.45,0,False,False,Middle,37938.18,0.30711352882583515,0,15745624
590,1,22,7,125265.61,1,1,1,161253.08,0,False,True,Young,238142.766,0.10302390860264736,0,15733169
657,1,37,4,82500.28,1,1,1,115260.72,0,False,False,Middle,128604.568,0.21677022586269984,0,15801417
531,0,64,2,175754.87,2,1,1,60721.4,0,True,False,Elder,187899.15,0.9176701794843137,1,15592707
516,0,47,6,109387.33,1,0,0,121365.45,0,False,False,Senior,182206.6,0.7590483566662763,1,15593954
561,1,37,1,100443.36,2,0,1,101693.73,0,False,False,Middle,110612.73300000001,0.2342263625135289,0,15714431
682,0,54,0,83102.72,2,1,1,54132.93,0,False,True,Senior,83102.72,0.6596064886032805,1,15638257
575,1,28,7,0.0,1,1,1,10666.05,0,False,True,Young,7466.235,0.10512542123473517,0,15690939
623,0,28,4,0.0,2,1,0,41227.67,0,False,False,Young,16491.068,0.3068017573977752,0,15723613
642,0,40,7,0.0,2,1,0,10712.82,0,False,False,Middle,7498.973999999999,0.49969645298857585,0,15813640
779,0,48,2,115290.27,1,0,0,98912.69,1,False,False,Senior,135072.80800000002,0.7491845216383771,1,15707322
671,0,42,6,0.0,2,1,0,197202.48,0,False,False,Middle,118321.48800000001,0.5644698473827102,1,15588918
495,0,40,1,140197.71,2,1,0,150720.39,0,False,False,Middle,155269.74899999998,0.6481124537340133,1,15600357
850,0,28,1,105245.34,1,0,1,74780.13,0,False,False,Young,112723.353,0.19496864164165037,0,15747014
630,1,50,8,0.0,2,0,1,79377.45,0,False,False,Senior,63501.96,0.3495738725049799,0,15809830
588,1,32,1,0.0,2,1,1,8763.87,0,False,False,Middle,876.3870000000002,0.1350873597148849,0,15662245
562,1,35,3,142296.13,1,0,1,177112.7,0,True,False,Middle,195429.94,0.403323283944382,0,15651075
740,0,56,4,99097.33,1,1,1,85016.64,1,False,True,Senior,133103.986,0.6949598606461405,1,15594456
695,1,28,5,171069.39,2,1,1,88689.4,0,False,False,Young,215414.09000000003,0.13292819376469106,0,15583462
589,0,39,7,0.0,2,0,0,95985.64,0,False,False,Middle,67189.948,0.5142539946796127,1,15757661
607,0,31,1,102523.88,1,1,1,166792.71,0,False,False,Middle,119203.15100000001,0.24997286550030573,0,15729117
794,1,35,6,0.0,2,1,1,68730.91,0,False,False,Middle,41238.546,0.12982307013037064,0,15749671
580,1,44,9,143391.07,1,0,0,146891.07,1,True,False,Middle,275593.03300000005,0.7659647314198887,1,15566253
644,0,44,8,106022.73,2,0,0,148727.42,0,True,False,Middle,225004.66600000003,0.8175882380654784,1,15595153
636,0,36,1,0.0,1,1,0,43134.58,0,False,True,Middle,4313.4580000000005,0.5177509937714191,1,15698572
599,1,36,3,128960.21,2,1,1,40318.33,0,True,False,Middle,141055.709,0.3785083324310737,0,15674149
507,0,35,2,0.0,2,1,0,97633.93,0,False,False,Middle,19526.786,0.46092416686094545,0,15623082
682,0,48,7,0.0,2,1,0,65069.03,0,False,False,Senior,45548.320999999996,0.6514756557395329,1,15797905
714,0,24,7,0.0,2,1,0,166335.0,0,False,False,Young,116434.5,0.2357429795962987,0,15746028
696,0,25,8,126442.59,1,1,0,121904.44,0,False,False,Young,223966.142,0.33470536159555514,0,15582951
599,1,51,0,0.0,1,1,1,175235.99,0,False,True,Senior,0.0,0.43110917971433993,0,15616471
577,1,37,2,127261.35,1,1,0,56185.05,0,False,False,Middle,138498.36000000002,0.4626784310494586,0,15641575
733,0,32,5,0.0,2,1,0,131625.14,0,False,True,Middle,65812.57,0.3839831955805225,0,15638803
647,0,33,4,0.0,1,1,0,152323.04,0,False,False,Middle,60929.21600000001,0.4156060446248492,0,15808283
831,0,34,2,0.0,2,0,0,165840.94,0,False,False,Middle,33168.188,0.38906223601106,0,15811200
543,1,30,6,73481.05,1,1,1,176692.65,0,True,False,Young,179496.64,0.2722088684110486,0,15733476
679,1,34,7,160515.37,1,1,0,121904.14,0,False,False,Middle,245848.26799999998,0.39451764319480964,0,15633274
713,0,61,4,149525.34,2,1,0,123663.63,0,True,False,Elder,198990.79200000002,0.945681925675172,1,15582168
690,1,43,2,166522.78,1,0,0,119644.59,1,True,False,Middle,190451.698,0.7558591471778449,1,15807269
751,1,29,1,135536.5,1,1,0,66825.33,0,False,False,Young,142219.033,0.29891304972188315,0,15602979
613,0,43,10,120481.69,1,0,0,94875.03,1,True,False,Middle,215356.72000000003,0.8175477766949095,1,15660417
701,1,28,1,103421.32,1,0,1,76304.73,0,False,True,Young,111051.793,0.1472938980444735,0,15590199
698,1,33,5,135658.73,2,0,1,39755.0,0,False,False,Middle,155536.23,0.17246233914130435,0,15641794
451,0,36,2,0.0,2,1,1,180142.42,0,False,False,Middle,36028.484000000004,0.27313592035401113,0,15779174
665,1,28,8,191402.82,2,1,0,83238.4,0,False,False,Young,257993.54,0.2821327159593833,0,15785547
726,1,50,9,94504.35,1,0,1,5078.9,0,True,False,Senior,99075.36,0.5828487455510268,1,15795124
608,0,44,5,126147.84,1,0,1,132424.69,1,True,False,Middle,192360.185,0.6823582270034076,1,15718912
549,0,46,7,0.0,1,1,1,109057.56,0,False,False,Senior,76340.292,0.4441274775777913,0,15592028
803,1,33,6,0.0,2,1,0,115676.61,0,False,False,Middle,69405.966,0.2455281483671675,0,15580227
663,1,43,4,87624.03,2,1,0,149401.33,0,False,False,Middle,147384.562,0.5037828990644104,1,15657830
558,0,45,1,153697.53,2,0,0,89891.4,1,False,False,Middle,162686.66999999998,0.7413914243141697,1,15798256
714,0,25,4,0.0,2,0,0,82500.84,0,False,False,Young,33000.336,0.2551488483109443,0,15643819
704,1,39,5,0.0,1,1,0,6416.92,0,False,False,Middle,3208.46,0.37307811804985147,0,15754301
805,0,45,9,116585.97,1,1,0,189428.75,1,True,False,Middle,287071.845,0.8303297952377351,1,15726855
659,1,34,9,134464.58,2,1,0,178833.34,0,True,False,Middle,295414.586,0.5594681274694817,1,15755225
738,1,62,10,83008.31,1,1,1,42766.03,0,True,False,Elder,125774.34,0.7685832673741124,1,15725221
635,1,35,2,113635.16,1,1,0,90883.12,0,False,True,Middle,131811.784,0.4298373687631701,0,15789055
530,0,36,7,0.0,2,1,0,80619.09,0,False,True,Middle,56433.363000000005,0.4829194154440913,0,15617507
661,1,41,5,122552.48,2,0,1,120646.4,0,True,False,Middle,182875.68,0.45952415268729174,0,15668894
531,1,31,2,118899.45,2,0,0,41409.36,0,False,True,Middle,127181.322,0.3671859452013501,0,15589563
694,0,29,5,99713.87,1,0,0,112317.89,0,False,False,Young,155872.815,0.4038539028729141,0,15693162
731,0,36,6,0.0,1,0,0,152128.36,0,False,False,Middle,91277.016,0.46490441338797417,0,15750099
556,0,36,2,134208.22,1,0,1,177670.57,0,False,False,Middle,169742.334,0.3643398877147903,0,15795540
647,0,41,1,85906.65,3,1,0,189159.97,0,True,False,Middle,104822.647,0.7483944218849634,1,15794941
850,1,32,3,137714.25,1,0,1,159403.68,0,True,False,Middle,185535.354,0.30100896232038593,0,15611848
573,1,33,1,160777.9,1,1,1,149536.15,0,False,True,Middle,175731.51499999998,0.23292568342127537,0,15581237
591,1,45,5,0.0,2,1,1,155492.87,0,False,False,Middle,77746.435,0.2814511860959431,0,15738150
723,1,21,4,0.0,2,0,0,24847.02,0,False,False,Young,9938.808,0.12526915240808514,0,15678571
617,1,25,1,102585.88,2,1,1,115387.4,0,False,False,Young,114124.62000000001,0.1008875374621402,0,15736124
704,0,39,10,102556.18,2,1,0,171971.25,1,True,False,Middle,274527.43,0.7403932100894757,1,15623202
457,1,42,4,126772.57,1,0,1,126106.4,0,True,False,Middle,177215.13,0.5442284532868401,1,15804201
787,0,38,3,158373.23,1,1,1,28228.35,0,True,False,Middle,166841.73500000002,0.5615840207504531,1,15596863
651,0,34,9,0.0,2,1,0,138113.71,0,False,False,Middle,124302.33899999999,0.40332681451330255,0,15696277
612,1,42,5,141927.1,1,1,1,43018.98,0,True,False,Middle,163436.59000000003,0.5089939673796745,1,15748608
828,1,47,1,109876.82,2,1,0,83611.45,1,False,True,Senior,118237.96500000001,0.6031625042008512,1,15723864
724,0,34,2,0.0,2,1,1,118863.38,0,False,False,Middle,23772.676000000003,0.21193831190183013,0,15802390
648,1,44,9,111369.79,2,1,1,91947.74,0,True,False,Middle,194122.756,0.4854254531031334,0,15774336
569,1,35,3,116969.35,1,0,0,94488.82,0,False,True,Middle,145315.996,0.448888937867062,0,15648766
765,0,34,8,136729.51,2,0,0,47058.21,0,True,False,Middle,174376.078,0.6531350498640405,1,15659094
577,0,44,1,152086.15,1,0,1,44719.5,1,True,False,Middle,156558.1,0.716888855667295,1,15606397
603,1,46,2,0.0,2,1,0,174478.54,0,False,True,Senior,34895.708000000006,0.5400319750190374,1,15642619
568,1,28,1,127289.28,1,0,0,45611.51,0,False,True,Young,131850.431,0.3400699099814651,0,15666032
748,1,45,2,119852.01,1,0,0,73853.94,1,True,False,Middle,134622.798,0.7553336500260347,1,15595842
573,1,38,4,0.0,2,1,1,196517.43,0,False,True,Middle,78606.972,0.2064758649396626,0,15753837
771,0,41,5,0.0,2,0,1,92914.67,0,False,True,Middle,46457.335,0.3321062115866305,0,15783882
763,1,35,9,0.0,1,1,1,31372.91,0,False,False,Middle,28235.619000000002,0.13147442223916606,0,15799790
410,0,35,7,117183.74,1,1,1,109733.73,0,False,False,Middle,193997.35100000002,0.34294608168328966,0,15628155
728,1,33,8,129907.63,1,0,1,36083.96,0,False,False,Middle,158774.798,0.16899190231904182,0,15703778
655,0,78,2,0.0,2,0,1,188435.38,0,False,True,Elder,37687.076,0.9052271358933752,1,15722322
580,0,36,6,145387.32,2,1,1,169963.2,1,True,False,Middle,247365.24000000002,0.5258580080761992,1,15639278
712,1,35,7,124616.23,1,1,1,69320.97,0,False,False,Middle,173140.90899999999,0.19346913554361153,0,15568487
680,1,31,9,0.0,2,1,0,36145.53,0,False,False,Middle,32530.977000000003,0.212867739991146,0,15682084
383,0,48,8,95808.19,1,0,0,137702.01,1,False,True,Senior,205969.798,0.8006179015358168,1,15642821
721,1,35,10,0.0,2,1,0,71594.26,0,False,False,Middle,71594.26,0.2672116485990062,0,15601387
620,0,42,1,0.0,2,0,1,65565.92,0,False,False,Middle,6556.592000000001,0.366002271222936,0,15642515
774,0,36,8,117152.3,1,0,0,101828.39,0,False,True,Middle,198615.012,0.5517247145283052,1,15710421
563,1,35,3,106250.72,1,0,0,39546.32,0,False,False,Middle,118114.61600000001,0.41676288845831594,0,15726774
850,0,27,8,111837.78,2,1,1,110805.79,0,True,False,Young,200482.412,0.28266227650849296,0,15649078
681,1,47,9,97023.21,1,1,1,2168.13,0,False,False,Senior,98974.527,0.338589271887456,0,15641877
631,0,31,8,137687.72,1,1,0,190067.12,0,False,False,Middle,289741.41599999997,0.47895789626008073,0,15796496
614,0,40,3,113348.5,1,1,1,77789.01,0,False,True,Middle,136685.203,0.4346373611135758,0,15815690
704,1,24,10,122109.78,1,1,1,127654.37,0,False,True,Young,249764.15,0.10439528069965216,0,15631739
786,1,32,2,120452.4,2,0,0,79602.86,0,False,False,Middle,136372.972,0.3167707208661693,0,15625584
534,0,53,7,0.0,2,1,1,80619.17,0,False,False,Senior,56433.418999999994,0.5529955568707783,1,15802466
590,1,34,0,65812.35,2,0,1,160346.3,0,False,True,Middle,65812.35,0.19029240590000135,0,15697028
583,0,40,3,54428.37,1,1,0,109638.78,1,False,True,Middle,87320.004,0.6252147308988303,1,15575759
656,0,75,3,0.0,2,1,1,1276.87,0,False,False,Elder,383.061,0.8696126165718236,1,15567442
597,1,33,9,0.0,2,1,0,49374.82,0,False,False,Middle,44437.338,0.2537468623813928,0,15746805
588,0,48,1,143279.58,2,1,0,31580.8,1,True,False,Senior,146437.65999999997,0.8806830313194406,1,15636330
667,1,32,0,103846.65,1,1,0,20560.69,0,True,False,Middle,103846.65,0.5441839202085145,1,15714970
627,1,37,2,125190.86,1,0,1,84584.69,0,False,False,Middle,142107.798,0.2535490841887941,0,15653784
708,0,33,8,0.0,2,0,1,15246.83,0,False,False,Middle,12197.464,0.18296601471972165,0,15693543
641,1,65,6,38340.02,1,1,0,32607.77,1,False,False,Elder,57904.682,0.8345101476525102,1,15773283
527,0,28,2,123802.98,2,1,1,155846.69,0,True,False,Young,154972.318,0.37017240063821644,0,15742534
592,1,37,3,96651.03,1,1,1,3232.82,0,False,False,Middle,97620.876,0.2352577938133793,0,15569878
465,1,33,8,0.0,2,1,0,177668.55,0,False,False,Middle,142134.84,0.30101745523504114,0,15729454
628,1,39,6,0.0,2,0,0,134441.6,0,False,False,Middle,80664.96000000002,0.38049688085313244,0,15578375
678,1,43,1,133237.21,1,1,0,111032.79,1,False,False,Middle,144340.489,0.5627645667048801,1,15785559
570,0,61,6,142105.35,1,1,1,45214.04,0,False,False,Elder,169233.774,0.783450035851375,1,15649414
815,1,37,1,166115.42,1,1,0,67208.3,0,False,False,Middle,172836.25,0.4506167555275057,0,15701605
817,0,37,6,81070.34,2,1,0,80985.88,0,False,False,Middle,129661.868,0.4826828429829052,0,15686696
717,1,35,4,0.0,1,1,1,167573.06,0,False,False,Middle,67029.224,0.1541442728331948,0,15625586
641,0,53,0,123835.52,2,0,1,160110.65,0,False,False,Senior,123835.52,0.6409568866278851,1,15654975
624,1,51,10,123401.43,2,1,1,127825.25,0,False,False,Senior,251226.68,0.4479085209067151,0,15782993
579,1,49,4,169377.31,1,1,1,123535.05,0,True,False,Senior,218791.33000000002,0.6702415088076132,1,15774382
698,1,38,2,130015.24,1,1,1,41595.3,0,False,False,Middle,138334.30000000002,0.2563807054766953,0,15689602
645,1,32,4,0.0,2,0,1,97628.08,0,False,False,Middle,39051.232,0.1249018472285333,0,15756155
691,1,34,8,133936.04,2,1,0,91359.79,0,False,False,Middle,207023.872,0.3451898678481252,0,15812647
638,1,34,6,114543.27,1,1,1,97755.29,0,False,False,Middle,173196.44400000002,0.1908547510279674,0,15736043
705,0,31,3,119794.67,1,0,0,182528.44,0,False,False,Middle,174553.202,0.4572147124542838,0,15696744
720,1,33,9,0.0,2,1,1,142956.48,0,False,False,Middle,128660.83200000001,0.12129162055876028,0,15602572
553,1,44,4,0.0,1,1,0,10789.3,0,False,True,Middle,4315.72,0.529712250226299,1,15674765
658,0,29,8,0.0,2,0,1,130461.09,0,False,False,Young,104368.872,0.1592866237265123,0,15678725
648,0,32,8,157138.99,3,1,0,190994.48,1,True,False,Middle,309934.574,0.6504988123442499,1,15694444
636,1,45,3,0.0,2,1,1,159463.8,0,False,True,Middle,47839.14,0.2984689376196726,0,15795878
527,0,41,10,136733.24,1,1,1,57589.29,0,True,False,Middle,194322.53,0.6108384279498155,1,15735346
717,0,28,9,82498.14,2,0,0,40437.67,0,True,False,Young,118892.043,0.5061542120021204,1,15687094
614,1,39,3,151914.93,1,0,0,56459.45,0,False,True,Middle,168852.76499999998,0.5423343652237266,1,15790067
737,1,43,0,80090.93,1,1,0,39920.0,1,False,False,Middle,80090.93,0.5308872704936096,1,15605742
587,1,51,3,83739.32,1,0,1,148798.45,0,False,True,Senior,128378.85500000001,0.5008708345537926,1,15566740
682,0,35,2,181166.44,1,1,1,63737.19,1,False,False,Middle,193913.878,0.3543150928379547,0,15664897
710,1,38,3,130588.82,1,1,1,154997.64,0,False,False,Middle,177088.11200000002,0.2484993735023007,0,15585777
507,1,42,6,0.0,2,1,0,34777.23,0,False,False,Middle,20866.338000000003,0.43635623349690444,0,15650864
609,1,33,6,94126.67,1,0,0,93718.16,0,True,False,Middle,150357.566,0.5416055043807856,1,15806709
786,1,32,9,0.0,2,1,0,133112.41,0,False,False,Middle,119801.169,0.2315549037689285,0,15633818
688,1,38,7,148045.68,1,1,0,175479.92,1,False,False,Middle,270881.624,0.469437298706282,0,15713845
710,1,38,2,0.0,2,1,0,96.27,0,False,False,Middle,19.254,0.3554604702589215,0,15639662
779,1,33,3,0.0,2,1,0,30804.68,0,False,True,Middle,9241.404,0.2776246619880809,0,15567013
733,0,44,6,168165.84,1,0,1,197193.49,0,False,False,Middle,286481.934,0.5106949017960016,1,15777784
583,0,26,10,72835.56,2,1,0,96792.15,0,True,False,Young,169627.71000000002,0.48826193131830814,0,15800251
627,1,41,3,0.0,2,1,0,132719.8,0,False,False,Middle,39815.94,0.41381364961161643,0,15651315
666,1,31,3,123212.08,2,1,1,112157.31,0,True,False,Middle,156859.273,0.2785487459206057,0,15651450
620,1,38,0,0.0,2,1,1,38015.34,0,False,True,Middle,0.0,0.21502999962060063,0,15784218
614,0,39,6,0.0,2,1,1,164018.98,0,False,True,Middle,98411.38800000002,0.31996239259209625,0,15572398
606,1,40,6,119501.88,2,1,0,46774.94,0,False,False,Middle,147566.844,0.4630976204801517,0,15707962
700,0,39,5,144550.83,2,1,1,189664.43,0,True,False,Middle,239383.04499999998,0.5625807368165884,1,15705663
677,1,34,3,126729.41,1,1,1,26106.39,1,True,False,Middle,134561.327,0.35016083706038803,0,15645355
850,1,36,5,119984.07,1,1,0,191535.11,1,True,False,Middle,215751.625,0.5754675743288404,1,15729557
564,1,35,4,0.0,1,1,0,158937.55,0,False,False,Middle,63575.02,0.33710534979597745,0,15631436
771,0,56,2,0.0,1,1,1,25222.6,1,False,True,Senior,5044.52,0.6408904980721848,1,15583073
620,1,42,9,121490.05,1,1,1,29296.74,0,False,True,Middle,147857.116,0.3093105380207143,0,15614361
610,1,46,5,91897.8,1,1,0,54394.28,0,False,True,Senior,119094.94,0.6145323000370256,1,15724684
609,1,39,2,139443.75,2,1,0,9234.06,0,False,True,Middle,141290.562,0.5113503842535827,1,15700083
683,1,35,5,144961.97,1,0,1,26796.73,0,True,False,Middle,158360.335,0.3738321615227705,0,15636541
633,1,42,3,126041.02,1,0,1,11796.89,0,True,False,Middle,129580.087,0.5164725116039836,1,15796015
676,1,28,1,69459.05,2,1,1,128461.29,0,True,False,Young,82305.179,0.21029773551174427,0,15787222
693,1,38,7,198338.77,2,1,1,14278.18,0,False,False,Middle,208333.49599999998,0.24736046641061835,0,15594270
709,1,36,0,0.0,2,1,0,46811.77,0,False,False,Middle,0.0,0.32885241106805235,0,15701524
569,1,35,2,109196.66,3,1,0,109393.19,1,True,False,Middle,131075.298,0.555736590625382,1,15645847
684,0,38,3,134168.5,3,1,0,3966.5,1,False,True,Middle,135358.45,0.5806816013130448,1,15708867
565,1,34,6,0.0,1,1,1,63173.64,0,False,False,Middle,37904.184,0.1514069551825795,0,15613140
681,1,29,8,0.0,1,1,0,66367.33,0,False,False,Young,53093.864,0.21155056805282874,0,15628893
503,0,36,9,0.0,2,1,1,16274.67,0,False,True,Middle,14647.203000000001,0.2550599349801545,0,15764073
656,1,40,2,0.0,2,1,1,180553.48,0,False,False,Middle,36110.696,0.20274552049760158,0,15782879
566,1,65,4,120100.41,1,1,0,107563.16,1,True,False,Elder,163125.674,0.938890488809225,1,15635964
592,0,62,5,0.0,1,1,1,100941.57,0,False,False,Elder,50470.785,0.7309373592684665,1,15726087
687,0,50,5,0.0,2,1,0,110230.4,0,False,True,Senior,55115.200000000004,0.7194924209432968,1,15726313
686,1,22,8,0.0,2,0,0,142331.85,0,False,True,Young,113865.48000000001,0.14978396742560515,0,15578073
616,1,30,2,0.0,2,1,0,199099.51,0,False,True,Young,39819.902,0.25167032923985944,0,15786249
494,1,67,5,0.0,2,1,1,85890.16,0,False,True,Elder,42945.08000000001,0.7146210489831614,1,15812850
534,1,38,3,0.0,1,0,0,143938.27,0,False,False,Middle,43181.481,0.4052000257501199,0,15596972
695,0,31,8,0.0,2,0,1,131644.41,0,False,True,Middle,105315.528,0.19394187109724212,0,15620579
579,0,31,9,0.0,2,1,0,112395.98,0,False,True,Middle,101156.382,0.38012151184494125,0,15768270
432,1,38,2,135559.8,2,1,1,71856.3,0,True,False,Middle,149931.06,0.4536115624412313,0,15656597
816,0,25,2,150355.35,2,1,1,35770.84,0,True,False,Young,157509.518,0.29623948874966677,0,15699446
730,0,37,1,0.0,2,1,1,124364.63,0,False,False,Middle,12436.463000000002,0.25368498634204495,0,15615004
593,0,35,6,133489.12,2,1,1,78101.29,0,False,False,Middle,180349.894,0.3024523422527181,0,15704771
715,0,37,9,105489.31,1,0,0,143096.49,1,True,False,Middle,234276.151,0.7291724642375557,1,15588372
775,1,25,10,60205.2,2,1,0,14073.11,0,True,False,Young,74278.31,0.27757790948646704,0,15681439
539,1,38,5,0.0,2,1,0,47388.41,0,False,False,Middle,23694.205,0.36424175461951164,0,15607509
576,1,19,6,0.0,2,0,0,72306.07,0,False,True,Young,43383.64200000001,0.12857112885984945,0,15670343
617,1,50,7,0.0,1,1,0,184839.7,1,False,True,Senior,129387.79000000002,0.6376932655079868,1,15597968
688,1,40,6,0.0,1,1,1,47886.44,0,False,False,Middle,28731.864,0.20459992714201428,0,15658432
608,1,33,4,0.0,1,0,1,130474.03,0,False,False,Middle,52189.612,0.14856074243185077,0,15616431
597,1,35,9,0.0,3,0,1,73181.39,1,False,True,Middle,65863.251,0.1466487255116631,0,15796957
670,0,42,6,112333.63,1,1,1,65706.86,0,False,False,Middle,151757.746,0.4199945457026261,0,15815552
616,0,57,7,116936.81,1,1,1,104379.36,0,True,False,Senior,190002.36200000002,0.8409811864406992,1,15631871
579,0,50,5,117721.02,1,0,1,192146.63,1,True,False,Senior,213794.33500000002,0.7762623269487884,1,15635870
786,1,37,7,165896.22,2,1,1,66977.68,0,False,False,Middle,212780.596,0.21272861766498513,0,15596713
704,0,44,9,153656.85,1,1,0,158742.81,0,False,True,Middle,296525.379,0.7289220243517676,1,15684211
796,0,50,1,94164.0,1,1,1,189414.74,0,False,False,Senior,113105.474,0.5488058808108094,1,15760521
598,1,39,1,0.0,2,1,0,159130.32,0,False,True,Middle,15913.032000000001,0.4086533451491837,0,15608408
602,1,49,0,191808.73,1,0,0,97640.2,0,False,False,Senior,191808.73,0.7285858456510501,1,15804721
619,1,58,5,152199.33,1,1,1,86022.09,0,False,False,Senior,195210.375,0.6303485719196128,1,15730272
492,0,52,8,125396.24,1,1,0,10014.72,1,True,False,Senior,133408.016,0.9011961809978439,1,15741988
641,1,41,7,104405.54,3,1,0,17384.21,0,True,False,Middle,116574.487,0.62173624349542,1,15771728
518,0,27,1,133801.49,1,1,1,143315.57,0,False,False,Young,148133.047,0.22344105813343287,0,15605113
623,0,40,4,0.0,3,1,0,31669.18,0,False,True,Middle,12667.672,0.5315589954694191,1,15661945
733,0,28,5,0.0,2,0,0,12761.16,0,False,False,Young,6380.580000000001,0.29052661027458065,0,15783816
625,1,42,6,100047.33,1,1,0,93429.95,0,True,False,Middle,156105.3,0.6961803263412799,1,15721207
759,0,31,1,109848.6,1,1,1,42012.55,0,False,False,Middle,114049.85500000001,0.24441257173457326,0,15764072
604,0,32,7,127849.38,1,1,0,15798.7,0,False,False,Middle,138908.47,0.4642723623754368,0,15689412
512,0,46,3,0.0,2,1,1,56408.14,0,False,True,Senior,16922.442,0.4678554161129196,0,15798385
520,0,29,8,95947.76,1,1,0,4696.44,0,False,False,Young,99704.912,0.39132868006546206,0,15775339
805,1,26,2,0.0,2,1,1,25042.1,0,False,True,Young,5008.42,0.08299021121733942,0,15585256
626,1,43,4,137638.69,1,1,0,130442.08,1,False,False,Middle,189815.522,0.5671084609717538,1,15797329
656,1,38,10,0.0,1,1,1,136521.82,0,False,False,Middle,136521.82000000004,0.18714013957073916,0,15780220
785,1,41,7,0.0,2,1,1,199108.88,0,False,True,Middle,139376.21600000001,0.22274181560586326,0,15648951
553,1,31,6,0.0,2,0,0,124596.63,0,False,False,Middle,74757.978,0.2582375013299411,0,15752409
569,0,44,4,0.0,2,0,0,134394.78,0,False,False,Middle,53757.912000000004,0.6235890253855415,1,15807524
670,1,38,10,89416.99,1,0,0,144275.39,0,False,False,Middle,233692.38,0.43273541383993674,0,15766649
586,1,42,6,0.0,2,1,1,123410.23,0,False,True,Middle,74046.138,0.25470695781272434,0,15696812
617,0,45,1,0.0,1,1,0,143298.06,0,False,True,Middle,14329.806,0.6749451873830925,1,15581295
508,0,60,7,143262.04,1,1,1,129562.74,0,False,False,Senior,233955.958,0.7845607212598746,1,15663234
624,0,35,7,119656.45,2,1,1,4595.05,0,False,True,Middle,122872.985,0.2981710772362731,0,15741417
654,1,29,4,132954.64,1,1,1,146715.07,0,False,False,Young,191640.668,0.14712972938731228,0,15695174
681,0,44,3,105206.7,2,1,1,163558.36,0,True,False,Middle,154274.20799999998,0.6310598778925101,1,15665168
578,1,28,4,0.0,2,0,0,6947.09,0,False,True,Young,2778.8360000000002,0.23319138472044484,0,15601503
621,0,37,9,83061.26,2,1,0,9170.54,0,False,True,Middle,91314.746,0.5140905000551763,1,15706131
632,1,40,5,147650.68,1,1,1,199674.83,0,False,False,Middle,247488.09499999997,0.30144473434438146,0,15782758
644,1,44,5,73348.56,1,1,0,157166.79,1,False,False,Middle,151931.95500000002,0.5395833709831475,1,15591091
821,1,28,2,0.0,2,1,0,46072.52,0,False,False,Young,9214.503999999999,0.18853358853702895,0,15715877
754,0,38,2,0.0,2,0,0,3524.69,0,False,False,Middle,704.9380000000001,0.48967641707192794,0,15756918
568,0,27,1,116320.68,1,0,1,45563.94,0,False,True,Young,120877.074,0.24301200521216096,0,15746662
584,1,33,3,0.0,2,0,1,59103.13,0,False,False,Middle,17730.939,0.1408488526784006,0,15626679
549,0,29,8,0.0,2,1,1,189558.44,0,False,False,Young,151646.752,0.17265388669692536,0,15793343
729,0,38,7,0.0,2,0,0,45779.9,0,False,False,Middle,32045.93,0.4607789054516569,0,15576774
523,1,61,8,66250.71,1,1,1,21859.06,0,False,False,Elder,83737.95800000001,0.6203467322111261,1,15801316
477,0,24,2,95675.62,2,0,0,162699.7,1,True,False,Young,128215.56,0.5174591946980921,1,15800514
675,1,42,2,92616.64,2,1,0,8567.18,0,True,False,Middle,94330.076,0.6820259332325844,1,15662232
782,0,41,4,0.0,1,1,0,132943.88,0,False,True,Middle,53177.552,0.571152101625843,1,15737778
616,0,36,6,0.0,1,1,1,12916.32,1,False,True,Middle,7749.792,0.27462775302188946,0,15782096
738,0,37,8,100565.94,1,1,1,128799.86,0,False,True,Middle,203605.828,0.34011423933668566,0,15783522
717,0,42,5,190305.78,1,1,0,99347.8,1,False,True,Middle,239979.68,0.7140332003174051,1,15785373
526,0,35,9,118536.4,1,1,0,40980.87,1,True,False,Middle,155419.183,0.7024695247095522,1,15756272
660,1,19,5,127649.64,1,1,1,40368.65,0,False,False,Young,147833.965,0.07009827929967835,0,15615245
525,1,35,7,165358.77,1,0,1,94738.54,0,False,False,Middle,231675.74799999996,0.24485757867065694,0,15600174
629,1,29,6,0.0,2,1,1,88842.8,0,False,True,Young,53305.68000000001,0.1066853397594947,0,15752956
616,0,36,10,78249.53,1,1,0,136934.91,0,True,False,Middle,215184.44,0.7028557950971412,1,15644882
521,0,61,0,125193.96,1,1,1,109356.53,0,True,False,Elder,125193.96,0.895788884723641,1,15766272
691,0,29,9,0.0,2,0,0,199635.93,0,False,False,Young,179672.337,0.33146045240227073,0,15800620
687,0,41,2,154007.21,1,1,0,158408.23,0,True,False,Middle,185688.856,0.8095441921732776,1,15569764
677,0,43,3,133214.88,2,1,1,95936.84,0,False,True,Middle,161995.932,0.47068818559829184,0,15747458
695,1,63,1,146202.93,1,1,1,126688.83,1,False,True,Elder,158871.813,0.7319068284102103,1,15573171
663,0,27,9,0.0,2,1,0,150850.29,0,False,False,Young,135765.26100000003,0.2837454392384617,0,15736769
496,1,30,0,90963.49,1,0,1,27802.0,0,False,False,Young,90963.49,0.17556908709374197,0,15763381
747,1,41,9,0.0,1,1,0,32430.94,1,False,True,Middle,29187.845999999998,0.4047760197567175,0,15814430
546,0,52,2,0.0,1,1,0,137332.37,1,False,False,Senior,27466.474000000002,0.7699604826219023,1,15638607
706,1,68,4,114386.85,1,1,1,28601.68,0,False,True,Elder,125827.52200000001,0.7787403646680009,1,15737133
472,0,26,5,0.0,2,1,0,108411.66,0,False,False,Young,54205.83000000001,0.2964584390871132,0,15613945
703,0,40,7,0.0,2,0,1,122518.5,0,False,False,Middle,85762.95000000001,0.3002837287503058,0,15659937
850,0,38,2,0.0,2,1,0,9015.07,0,False,False,Middle,1803.0140000000001,0.46294195036101254,0,15765287
667,1,71,4,137260.78,1,0,1,94433.08,1,False,True,Elder,175034.012,0.8354120322014351,1,15661723
559,1,33,9,111060.05,2,1,0,110371.84,0,False,False,Middle,210394.706,0.3365282197098554,0,15766064
636,1,60,7,124447.73,1,1,1,141364.62,1,False,True,Senior,223402.96399999998,0.6718566230631223,1,15649616
672,0,34,8,0.0,2,1,1,16245.25,0,False,False,Middle,12996.2,0.1933346592503302,0,15719017
667,1,42,7,0.0,1,0,1,108348.94,1,False,False,Middle,75844.25800000002,0.24359897510462564,0,15720919
648,1,33,7,135310.41,2,0,1,171668.2,0,True,False,Middle,255478.15000000002,0.32796254756486853,0,15706706
497,1,32,8,0.0,2,1,0,67364.42,0,False,False,Middle,53891.536,0.26050162491695866,0,15709653
743,0,73,6,0.0,2,0,1,107867.38,0,False,False,Elder,64720.42800000001,0.8417780971945452,1,15805104
619,1,29,5,0.0,2,1,0,194310.1,0,False,False,Young,97155.05,0.22052201891191073,0,15622442
639,1,34,5,139393.19,2,0,0,33950.08,0,False,True,Middle,156368.23,0.39816531720562276,0,15572801
540,1,28,8,0.0,2,0,0,197588.32,0,False,True,Young,158070.65600000002,0.2464682786938691,0,15767598
766,0,26,3,104258.8,1,1,1,428.23,0,False,False,Young,104387.269,0.1705836510934995,0,15757897
749,0,26,6,0.0,2,0,1,34948.77,0,False,False,Young,20969.262000000002,0.11975652582970592,0,15568104
655,1,32,9,113447.01,1,1,0,82084.3,0,True,False,Middle,187322.88,0.503915406176975,1,15763414
630,1,33,9,0.0,2,1,0,64804.59,0,False,False,Middle,58324.130999999994,0.2524740700819149,0,15732265
778,0,33,4,111063.73,2,1,0,83556.65,0,True,False,Middle,144486.38999999998,0.6319584210474916,1,15621974
757,0,30,6,161378.02,1,0,0,71926.28,1,True,False,Young,204533.788,0.6346151068147993,1,15803947
529,0,39,2,82766.43,1,1,1,122925.44,0,False,True,Middle,107351.518,0.41165509607054773,0,15720706
620,1,29,9,0.0,2,1,0,13133.88,0,False,True,Young,11820.492,0.2085485505207617,0,15759290
615,0,61,1,104267.7,1,1,0,62845.64,1,False,False,Elder,110552.264,0.8984590859959537,1,15651664
735,0,25,3,91718.8,1,0,0,28411.23,0,False,False,Young,100242.16900000001,0.3273509837938847,0,15795132
705,0,47,3,63488.7,1,0,1,28640.92,1,False,True,Senior,72080.976,0.5285924875282738,1,15811565
644,0,46,6,12459.19,1,0,0,156787.34,1,False,True,Senior,106531.59400000001,0.6985668574794542,1,15713774
505,0,37,6,159863.9,2,0,1,125307.87,0,True,False,Middle,235048.62199999997,0.5714684552309539,1,15691840
471,1,23,6,104592.55,2,1,0,131736.23,0,True,False,Young,183634.288,0.3576508071799936,0,15682021
722,0,50,4,132088.59,1,1,1,128262.14,0,False,True,Senior,183393.446,0.6152086315004752,1,15612931
577,0,39,4,0.0,2,1,0,91366.42,0,False,True,Middle,36546.568,0.5455428729019524,1,15676707
744,1,44,5,120654.68,1,1,0,82290.81,0,False,True,Middle,161800.085,0.5751447601162045,1,15601383
573,0,30,6,0.0,2,1,0,66190.21,0,False,False,Young,39714.126000000004,0.3401760647116723,0,15662662
653,0,32,4,83772.95,1,0,1,23920.65,0,False,False,Middle,93341.20999999999,0.2520413379607172,0,15752694
660,0,31,6,172325.67,1,0,1,45438.38,0,False,False,Middle,199588.698,0.2741815359640298,0,15590683
787,1,46,7,117685.31,2,1,1,93360.35,0,False,False,Senior,183037.555,0.3254878090003097,0,15773591
617,1,41,7,0.0,2,0,1,14496.67,0,False,False,Middle,10147.669000000002,0.2084834485906854,0,15723620
567,1,39,5,0.0,2,0,0,168521.72,0,False,False,Middle,84260.86,0.3951328050884428,0,15671779
682,0,64,9,0.0,2,1,1,103318.44,0,False,True,Elder,92986.596,0.7416619119786572,1,15672966
684,1,35,6,135871.5,1,1,1,87219.41,0,False,False,Middle,188203.146,0.20627049393833136,0,15624667
447,1,41,3,0.0,4,1,1,197490.39,1,False,False,Middle,59247.117000000006,0.2097898035385617,0,15812888
625,0,49,4,128504.76,1,1,0,126812.63,1,True,False,Senior,179229.812,0.8840366660001518,1,15724154
585,1,36,7,0.0,2,1,0,94283.09,0,False,False,Middle,65998.163,0.31880605594851663,0,15749540
516,0,42,8,56228.25,1,1,0,46857.52,0,False,False,Middle,93714.266,0.620854793011832,1,15621063
732,0,45,6,98792.4,1,1,0,81491.7,1,True,False,Middle,147687.41999999998,0.8211198040105586,1,15661626
628,1,40,5,181768.32,2,1,1,129107.97,0,True,False,Middle,246322.305,0.47836770872635664,0,15698703
682,0,48,9,101198.01,1,1,1,49732.9,0,False,True,Senior,145957.62,0.5329465922580492,1,15801431
746,1,25,9,0.0,2,0,1,88728.47,0,False,False,Young,79855.623,0.06660328661357434,0,15649451
655,0,60,3,0.0,2,1,1,86981.45,0,False,False,Senior,26094.434999999998,0.6757753589148715,1,15626156
644,0,39,9,0.0,1,1,0,3740.93,0,False,False,Middle,3366.8369999999995,0.4857164067212174,0,15606158
778,1,34,5,139064.06,2,0,0,67949.32,0,False,False,Middle,173038.72,0.3510774997523857,0,15589496
617,0,35,2,104508.1,1,1,1,147636.46,0,False,False,Middle,134035.392,0.31280959867055885,0,15730345
660,1,35,9,113948.58,1,1,0,188891.96,1,True,False,Middle,283951.344,0.5898798063861618,1,15572038
537,1,47,10,0.0,2,0,1,25482.62,0,False,False,Senior,25482.62,0.2908950914644574,0,15643439
554,0,39,10,0.0,2,1,1,18391.93,0,False,False,Middle,18391.93,0.26594483392175366,0,15604158
806,1,31,9,0.0,2,0,1,140168.36,0,False,False,Middle,126151.52399999998,0.1030638704364576,0,15657396
611,1,37,1,117524.72,2,0,1,161064.29,0,True,False,Middle,133631.149,0.39419485332488624,0,15709478
665,0,37,5,160389.82,1,0,1,183542.08,0,False,False,Middle,252160.86,0.38244911252416625,0,15628824
648,0,37,7,0.0,2,1,0,194238.92,0,False,False,Middle,135967.24400000004,0.47352516539749884,0,15814519
692,1,27,1,125547.53,1,0,0,7900.46,0,False,False,Young,126337.576,0.2835574937148195,0,15636520
507,1,46,6,92783.68,1,1,1,51424.29,0,False,True,Senior,123638.25399999999,0.4019423696697327,0,15794414
696,1,49,5,97036.22,2,1,0,152450.84,1,True,False,Senior,173261.64,0.7772489183897244,1,15643671
681,1,34,3,0.0,2,0,0,55816.2,0,False,False,Middle,16744.859999999997,0.292236969748449,0,15700650
687,0,26,6,0.0,2,1,1,32909.13,0,False,False,Young,19745.478,0.12056364566213489,0,15680224
641,1,40,5,102145.13,1,1,1,100637.07,0,False,True,Middle,152463.665,0.2905818077144767,0,15784286
507,0,33,1,113452.66,1,0,0,142911.99,0,False,False,Middle,127743.859,0.530464759681113,1,15693996
688,0,46,8,155681.72,1,1,0,26287.21,0,False,True,Senior,176711.488,0.7391610223317832,1,15764343
535,1,38,8,127475.24,1,0,0,60775.76,1,True,False,Middle,176095.848,0.6542121909760474,1,15704168
701,1,41,10,0.0,2,1,1,146257.77,0,False,False,Middle,146257.77,0.2058162993503569,0,15680197
488,1,43,10,112751.13,1,1,1,28332.0,0,False,False,Middle,141083.13,0.3112994123217199,0,15633729
539,0,29,4,0.0,2,1,1,100919.19,0,False,False,Young,40367.67600000001,0.16983444331273523,0,15577683
674,1,45,7,144889.18,1,1,1,102591.9,1,False,False,Middle,216703.51,0.3659495467993674,0,15800746
538,1,40,8,0.0,2,1,1,25554.4,0,False,True,Middle,20443.520000000004,0.21410400483686998,0,15788686
829,0,22,7,150126.44,1,1,0,152107.93,1,False,False,Young,256601.991,0.28520208486480514,0,15742798
768,1,54,8,69712.74,1,1,1,69381.05,0,False,False,Senior,125217.58000000002,0.45679962640480326,0,15596647
585,0,44,4,0.0,2,0,1,101728.46,0,False,True,Middle,40691.384000000005,0.4214877871280256,0,15756070
581,1,31,3,0.0,2,0,0,89040.61,0,False,False,Middle,26712.183000000005,0.259940242741167,0,15775116
682,0,35,2,117438.92,2,1,1,16910.98,0,True,False,Middle,120821.116,0.47948251590837415,0,15575428
653,1,38,8,119315.75,1,1,0,150468.35,0,False,False,Middle,239690.43,0.4508348101057327,0,15654074
712,0,30,1,89571.59,1,1,1,177613.19,0,False,False,Young,107332.909,0.21541474004582212,0,15695872
620,0,34,8,102251.57,1,1,0,120672.09,0,True,False,Middle,198789.24200000003,0.6829479505258105,1,15568885
709,1,42,9,118546.71,1,0,1,77142.85,0,False,False,Middle,187975.27500000002,0.2896922807434463,0,15725036
832,1,61,2,0.0,1,0,1,127804.66,1,False,False,Elder,25560.932,0.5663712204791187,1,15632665
635,1,38,0,103257.14,1,0,0,158344.63,0,False,True,Middle,103257.14,0.4853905559573084,0,15571476
749,0,43,1,124209.02,1,1,1,167179.48,0,False,True,Middle,140926.968,0.4734187844774089,0,15776850
629,1,32,3,0.0,2,1,1,15404.64,0,False,True,Middle,4621.392,0.13704138757387632,0,15623649
836,0,41,7,150302.84,1,1,1,156036.19,0,False,True,Middle,259528.173,0.43499529861854613,0,15751131
542,1,34,8,108653.93,1,0,1,144725.14,0,False,True,Middle,224434.04200000002,0.2262093995681228,0,15688128
645,0,45,8,85325.93,1,0,0,22558.74,0,False,False,Middle,103372.92199999999,0.6737071946248179,1,15678412
844,0,29,8,0.0,2,0,0,147342.03,0,False,False,Young,117873.62400000001,0.2960402608009205,0,15770291
747,1,37,9,135776.36,3,1,0,85470.45,1,True,False,Middle,212699.76499999998,0.5531324102572774,1,15583392
645,1,40,6,131411.24,1,1,1,194656.11,0,False,False,Middle,248204.906,0.29095640291737834,0,15690731
752,0,36,3,0.0,2,1,1,48505.1,0,False,True,Middle,14551.529999999999,0.254845691305597,0,15697948
760,0,41,6,0.0,2,0,0,101491.23,0,False,True,Middle,60894.738000000005,0.5535890865247776,1,15608328
714,0,45,9,106431.97,2,1,1,164117.69,0,True,False,Middle,254137.891,0.642940121073556,1,15766378
717,1,50,9,90305.76,1,1,1,124626.57,0,False,False,Senior,202469.673,0.4142018320244805,0,15600813
645,1,28,7,117466.03,2,1,1,34490.06,0,True,False,Young,141609.072,0.2169048346790109,0,15706217
681,1,32,3,148884.47,2,1,1,90967.37,0,False,False,Middle,176174.681,0.16994587830089566,0,15601417
681,0,44,4,91115.76,2,0,0,24208.84,1,True,False,Middle,100799.296,0.8074721768006541,1,15610972
679,0,37,8,77373.87,2,0,1,174873.09,0,True,False,Middle,217272.342,0.49092765191511356,0,15674620
528,1,23,7,104744.89,1,1,0,170262.97,0,False,True,Young,223928.969,0.2358756684445627,0,15785350
710,0,31,3,0.0,2,1,1,112289.06,0,False,False,Middle,33686.718,0.1759807193054555,0,15749119
733,1,39,5,91538.51,1,1,1,93783.0,0,True,False,Middle,138430.01,0.4000768974446598,0,15756535
724,0,32,6,0.0,2,1,1,150026.79,0,False,False,Middle,90016.07400000001,0.18377714432237796,0,15700965
726,0,34,0,185734.75,1,1,1,102036.82,0,False,False,Middle,185734.75,0.33605731644510406,0,15791851
520,1,30,3,143396.54,2,1,1,898.51,0,False,False,Young,143666.09300000002,0.16365044912445834,0,15717156
556,1,40,5,125909.85,1,1,1,95124.4,0,False,False,Middle,173472.05000000002,0.2935895441001145,0,15740846
579,0,45,2,0.0,2,0,0,11514.39,0,False,False,Middle,2302.878,0.6508767483843035,1,15573284
674,1,36,2,154525.7,1,0,1,27468.72,0,False,False,Middle,160019.44400000002,0.25080391670351615,0,15729083
570,0,29,0,0.0,1,1,0,37092.43,0,False,False,Young,0.0,0.3769833166813094,0,15611612
631,1,51,8,100654.8,1,1,0,171587.9,0,False,False,Senior,237925.12,0.6876600561601194,1,15694381
623,1,44,1,83325.77,1,0,1,80828.78,0,False,True,Middle,91408.648,0.3721527948994895,0,15651737
665,1,35,8,110934.54,1,1,0,169287.99,0,False,False,Middle,246364.93199999997,0.3909911490210052,0,15663168
523,0,36,8,113680.54,1,0,0,13197.44,0,False,True,Middle,124238.492,0.5741733716437398,1,15643426
706,1,31,1,117020.08,2,1,0,54439.53,0,True,False,Middle,122464.033,0.49227339021075084,0,15618245
619,0,49,9,145359.99,1,1,0,38186.85,0,False,False,Senior,179728.155,0.7629811684870377,1,15717527
593,0,39,8,151391.68,1,1,0,27274.6,1,True,False,Middle,173211.36,0.772423924831056,1,15793478
608,1,66,8,123935.35,1,1,1,65758.19,0,False,True,Elder,176541.902,0.7546883688238414,1,15642248
526,0,36,0,0.0,2,1,0,97767.63,0,False,False,Middle,0.0,0.4837162212465834,0,15640377
684,1,40,2,70291.02,1,1,1,115468.84,1,False,True,Middle,93384.788,0.27393606966854167,0,15723950
604,0,42,10,166031.45,1,1,0,98293.14,0,True,False,Middle,264324.59,0.8208997207985433,1,15590327
636,1,36,6,96643.32,1,0,0,182059.28,0,True,False,Middle,205878.888,0.6060990890264378,1,15706199
669,0,33,8,0.0,2,0,1,128538.05,0,False,True,Middle,102830.44,0.22194190960297058,0,15671514
624,1,71,7,0.0,2,1,1,108841.83,0,False,False,Elder,76189.281,0.7321210714870187,1,15727041
631,1,29,2,0.0,2,1,1,18581.84,0,False,False,Young,3716.3680000000004,0.1039837728616704,0,15738063
753,1,48,4,0.0,2,0,1,146821.42,0,False,False,Senior,58728.56800000001,0.31315560578127366,0,15711733
588,1,40,5,0.0,2,0,0,100727.68,0,False,False,Middle,50363.84,0.40486491015851817,0,15652320
729,1,26,4,97268.1,2,1,0,39356.38,0,True,False,Young,113010.652,0.3642098025565995,0,15634180
602,0,42,10,0.0,2,0,0,169921.11,1,False,False,Middle,169921.11,0.5823888260968659,1,15694566
689,0,55,1,76296.81,1,1,0,42364.75,1,True,False,Senior,80533.285,0.9145015492329622,1,15726103
486,1,27,7,0.0,2,1,0,28823.04,0,False,True,Young,20176.128,0.21116197365405653,0,15646351
809,0,42,6,64497.94,3,0,1,182436.81,1,True,False,Middle,173960.026,0.5319686404650882,1,15730044
562,1,38,5,0.0,1,1,0,115700.2,0,False,False,Middle,57850.100000000006,0.38723575132259747,0,15795186
763,0,32,8,0.0,2,1,0,16725.53,0,False,True,Middle,13380.423999999999,0.349509129539163,0,15784890
669,1,57,5,0.0,2,1,1,56875.76,0,False,False,Senior,28437.88,0.4751659766163562,0,15694125
709,1,39,8,0.0,2,1,0,56214.09,0,False,False,Middle,44971.272,0.33913618191295036,0,15565891
554,0,45,4,0.0,2,1,1,193412.05,0,False,True,Middle,77364.81999999999,0.4396313098682473,0,15674254
699,1,37,10,0.0,2,0,0,83263.04,0,False,False,Middle,83263.04,0.31277245639799356,0,15775206
732,1,54,0,134249.7,1,0,1,13404.4,0,False,True,Senior,134249.7,0.5920045944435836,1,15797627
625,0,45,3,0.0,1,1,1,184474.15,1,False,False,Middle,55342.244999999995,0.4217698302540467,0,15649853
599,1,30,9,105443.68,1,1,1,121124.53,0,False,False,Young,214455.75699999998,0.14605243710220223,0,15610379
584,0,50,1,0.0,1,0,1,152567.75,1,False,True,Senior,15256.775000000001,0.5634803352578601,1,15659800
499,1,35,10,0.0,2,1,0,10722.54,0,False,False,Middle,10722.54,0.2833448838626955,0,15716236
526,1,38,2,0.0,2,0,0,58010.98,0,False,True,Middle,11602.196000000002,0.4178267347318038,0,15672053
625,0,35,5,86147.46,2,1,0,163440.8,1,True,False,Middle,167867.86000000002,0.6782005146750175,1,15663933
537,0,38,1,96939.06,1,1,1,102606.92,0,False,True,Middle,107199.752,0.4055668951387534,0,15814236
696,1,47,1,106758.6,1,1,1,80591.18,0,False,True,Senior,114817.71800000001,0.4215853920625997,0,15583597
679,0,33,9,112528.65,2,1,0,177362.45,0,False,False,Middle,272154.855,0.4658735452636121,0,15607395
684,1,60,2,116563.58,1,1,0,120257.7,1,False,False,Senior,140615.12,0.8174615190169116,1,15694556
850,1,32,4,0.0,1,1,1,180622.02,0,False,False,Middle,72248.808,0.11623901255018092,0,15744109
495,0,42,7,0.0,2,0,0,130404.53,0,False,True,Middle,91283.171,0.6204280653941402,1,15800688
537,0,38,6,141786.78,1,0,1,147797.54,0,False,True,Middle,230465.304,0.4340342387572049,0,15810878
850,1,41,3,136416.82,1,0,1,57844.26,0,False,False,Middle,153770.098,0.2856978817067007,0,15587835
513,1,30,5,0.0,2,1,0,162523.66,0,False,False,Young,81261.83000000002,0.24623005573434348,0,15763515
618,0,40,1,133245.52,2,1,1,54495.82,0,True,False,Middle,138695.10199999998,0.5999399427382704,1,15725882
802,0,41,4,90757.64,2,0,1,169183.66,0,True,False,Middle,158431.104,0.5533186183358355,1,15788022
547,1,43,1,92350.36,1,0,1,80262.91,0,False,False,Middle,100376.651,0.3473980032618783,0,15663917
613,1,69,9,78778.49,1,0,1,8751.59,0,True,False,Elder,86654.921,0.863231076538202,1,15656865
592,0,34,6,102143.93,2,1,1,102628.98,0,True,False,Middle,163721.318,0.4470419953584363,0,15667971
546,1,29,5,0.0,1,1,1,94823.95,0,False,False,Young,47411.975000000006,0.11259484001930782,0,15800366
721,1,37,4,98459.6,1,0,0,90821.66,0,True,False,Middle,134788.26400000002,0.6071899932965578,1,15717231
671,0,47,7,114603.76,2,1,0,153194.32,1,True,False,Senior,221839.78399999999,0.8463639794091331,1,15643188
624,1,35,2,0.0,2,1,0,87310.59,0,False,True,Middle,17462.118,0.33661564216415546,0,15671351
751,0,51,7,148074.79,1,1,0,146411.41,1,True,False,Senior,250562.777,0.8944544710841822,1,15573628
636,1,36,1,0.0,3,1,1,74048.1,1,False,True,Middle,7404.810000000001,0.16838148906065445,0,15698953
607,0,62,8,108004.64,1,1,1,23386.77,1,False,True,Elder,126714.056,0.7831520311627462,1,15753888
509,0,29,0,107712.57,2,1,1,92898.17,0,True,False,Young,107712.57,0.3923022367209335,0,15737961
653,1,35,9,0.0,2,1,1,45956.05,0,False,True,Middle,41360.44500000001,0.14493039952915815,0,15801701
709,0,37,8,0.0,3,1,0,71738.56,0,False,True,Middle,57390.848,0.44040402113524757,0,15684419
559,1,32,9,145303.52,1,1,0,103560.98,0,False,False,Middle,238508.402,0.3597633146703542,0,15794266
684,1,37,4,138476.41,2,1,1,52367.29,0,True,False,Middle,159423.326,0.38265766341203483,0,15810711
635,0,27,8,127471.56,1,1,1,152916.05,1,False,False,Young,249804.4,0.2019725608831391,0,15771270
709,1,26,6,156551.63,1,0,1,4410.77,0,False,False,Young,159198.092,0.1182240827227853,0,15607786
656,0,49,9,97092.87,1,1,0,74771.22,1,True,False,Senior,164386.968,0.8609685099772405,1,15624519
793,1,32,2,0.0,2,1,0,193817.63,1,False,False,Middle,38763.526000000005,0.23640226352469423,0,15799910
609,1,37,5,129312.79,1,1,1,26793.82,0,False,True,Middle,142709.69999999998,0.25932085689650053,0,15602479
618,0,29,10,100315.1,2,1,1,32526.64,0,True,False,Young,132841.74000000002,0.31727910712261437,0,15617419
850,0,35,6,81684.97,1,1,0,824.0,0,False,False,Middle,82179.37,0.4517075961968019,0,15657603
669,1,51,3,88827.53,1,0,0,85250.77,1,False,True,Senior,114402.761,0.7067996588801663,1,15570379
594,1,40,0,152092.44,2,1,1,83508.93,0,True,False,Middle,152092.44,0.4817039821034183,0,15772996
616,1,71,4,0.0,2,1,1,173599.38,0,False,True,Elder,69439.75200000001,0.762190184500586,1,15729574
676,0,49,1,0.0,1,1,0,79342.31,1,False,False,Senior,7934.231,0.7143803317492392,1,15737267
608,0,38,9,102406.76,1,0,1,57600.66,0,False,True,Middle,154247.354,0.3687972406272548,0,15799128
710,1,21,4,109130.96,2,1,1,56191.99,0,False,False,Young,131607.756,0.07019046165577578,0,15813327
695,1,29,5,0.0,2,1,1,6770.44,0,False,False,Young,3385.22,0.09168335132355024,0,15711921
530,1,33,9,75242.28,1,0,1,101694.67,0,True,False,Middle,166767.483,0.31429811770837013,0,15654300
509,1,29,1,0.0,2,1,0,69113.14,0,False,True,Young,6911.314,0.26250694259037055,0,15569945
517,0,45,4,0.0,1,0,0,172674.36,1,False,False,Middle,69069.74399999999,0.6719834125374485,1,15569666
758,1,33,0,129142.54,2,1,1,26606.28,0,True,False,Middle,129142.54,0.31952485416340654,0,15681887
665,1,51,2,0.0,1,0,0,53353.36,0,False,False,Senior,10670.672,0.6351271371947038,1,15608873
631,0,22,6,139129.92,1,1,1,63747.51,0,True,False,Young,177378.426,0.27059434442874586,0,15762091
576,1,33,3,0.0,2,0,1,190112.05,0,False,True,Middle,57033.61499999999,0.15408421507785744,0,15722053
544,1,22,3,66483.32,1,0,1,110317.39,0,False,True,Young,99578.53700000001,0.09570519915256238,0,15782100
596,1,40,5,62389.03,3,1,0,148623.43,1,True,False,Middle,136700.745,0.6079310724453522,1,15765300
481,0,34,5,0.0,2,1,1,125253.46,0,False,False,Middle,62626.73000000001,0.23775564274328856,0,15743570
498,1,46,1,91857.66,1,1,0,101954.78,1,False,False,Senior,102053.138,0.6236007050948679,1,15608541
512,1,31,6,0.0,2,1,0,168462.26,0,False,True,Middle,101077.35600000001,0.2831899479062355,0,15750671
594,0,56,7,0.0,1,1,0,26215.85,1,False,False,Senior,18351.094999999998,0.7976373837334336,1,15813659
570,0,30,10,176173.52,1,1,0,97045.32,1,False,False,Young,273218.83999999997,0.46881186536742686,0,15757867
721,1,38,7,0.0,1,0,1,53534.8,0,False,True,Middle,37474.36000000001,0.19634906882620376,0,15652914
453,0,37,4,131834.76,2,1,0,8949.2,0,False,False,Middle,135414.44,0.5889959881780558,1,15723818
562,1,48,3,92347.96,1,1,1,163116.75,0,False,False,Senior,141282.98500000002,0.4172815374984814,0,15713819
682,1,40,4,0.0,2,1,1,140745.91,0,False,False,Middle,56298.364,0.19975298133040964,0,15656484
748,1,40,3,95297.11,1,0,0,171515.84,0,False,False,Middle,146751.86200000002,0.46869865341192457,0,15778515
729,0,32,9,0.0,2,0,0,150803.44,0,False,False,Middle,135723.096,0.36539779571165915,0,15803840
663,1,39,4,0.0,1,1,0,76884.05,0,False,False,Middle,30753.620000000003,0.3896152399641526,0,15735339
735,0,53,8,123845.36,2,0,1,170454.93,1,False,False,Senior,260209.304,0.6242645865167933,1,15600392
627,1,62,3,143426.34,2,1,1,143104.3,0,True,False,Elder,186357.63,0.8205391966223091,1,15625740
713,1,46,5,0.0,1,1,1,55701.62,0,False,False,Senior,27850.810000000005,0.2917854356637328,0,15663817
562,1,31,2,112708.2,1,0,1,186370.3,0,True,False,Middle,149982.26,0.3131157661654191,0,15734461
632,1,43,2,100013.51,1,1,0,24275.32,0,False,False,Middle,104868.574,0.5517104609657325,1,15780142
479,0,33,2,208165.53,1,0,0,50774.81,1,False,False,Middle,218320.492,0.6041929014424013,1,15709920
658,1,21,7,0.0,2,0,1,154279.87,0,False,True,Young,107995.90899999999,0.06321275298119129,0,15684248
598,0,40,9,0.0,1,1,0,68462.59,1,False,False,Middle,61616.331,0.5312551955748097,1,15643158
597,1,19,2,0.0,2,1,1,91036.74,0,False,False,Young,18207.348,0.051139550375242114,0,15693902
512,0,33,6,121685.31,2,1,1,83681.97,0,False,False,Middle,171894.492,0.27672437252155463,0,15578307
704,1,39,2,111525.02,1,1,0,199484.96,0,False,False,Middle,151422.012,0.4574001801536265,0,15585379
474,1,26,6,0.0,2,0,0,152491.22,0,False,False,Young,91494.73200000002,0.2027471489955869,0,15758510
604,1,36,10,113546.3,1,1,1,134875.37,0,True,False,Middle,248421.66999999998,0.37678194065425546,0,15692918
683,1,41,6,95696.52,2,1,1,184366.14,0,False,False,Middle,206316.20400000003,0.2616226295710102,0,15705301
537,1,28,0,88963.31,2,1,1,189839.93,0,False,False,Young,88963.31,0.12178836215937239,0,15718231
794,1,31,0,144880.34,2,0,1,175643.44,0,False,True,Middle,144880.34,0.16512101786293898,0,15567991
732,1,55,9,136576.02,1,0,1,3268.17,1,False,False,Senior,139517.373,0.5140778953503751,1,15772650
495,0,38,2,63093.01,1,1,1,47089.72,0,False,False,Middle,72510.954,0.3652544287853089,0,15574795
552,1,38,10,132271.12,2,1,1,46562.02,0,True,False,Middle,178833.13999999998,0.38487562028430283,0,15706036
602,0,29,3,88814.4,2,1,1,62487.97,0,False,False,Young,107560.791,0.20227287373860522,0,15723856
607,1,40,5,90594.55,1,0,1,181598.25,0,True,False,Middle,181393.675,0.4562183095352879,0,15812920
675,0,33,0,141816.25,1,1,0,64815.05,1,True,False,Middle,141816.25,0.7053740395419008,1,15691287
443,0,54,3,138547.97,1,1,1,70196.23,1,False,False,Senior,159606.839,0.7108966196108336,1,15804797
727,0,31,2,52192.08,2,0,1,160383.47,0,False,False,Middle,84268.774,0.20114372543821224,0,15708650
482,1,38,4,124976.19,1,1,0,35848.12,0,False,False,Middle,139315.438,0.4857485526419551,0,15712777
686,0,34,1,0.0,2,1,0,87278.48,0,False,False,Middle,8727.848,0.41479012136631943,0,15786469
588,1,35,3,104356.38,1,1,0,94498.82,0,True,False,Middle,132706.026,0.5921038158427339,1,15669219
605,0,48,10,150315.92,1,0,1,133486.36,0,False,True,Senior,283802.28,0.6093868542196118,1,15641004
583,1,39,1,129299.28,2,1,0,73107.6,0,False,False,Middle,136610.04,0.4817456386874803,0,15648067
738,1,37,7,140950.92,2,1,0,195333.98,0,True,False,Middle,277684.706,0.6079266015755619,1,15704014
744,1,30,1,128065.12,1,1,0,121525.48,0,False,True,Young,140217.668,0.33033029498204153,0,15645136
781,1,23,2,107433.48,1,1,0,173843.21,0,False,False,Young,142202.122,0.18779952111311843,0,15709604
699,1,34,2,117468.67,1,1,0,185227.42,0,False,False,Middle,154514.154,0.3699461876129377,0,15713637
639,0,27,2,0.0,2,0,0,125244.18,0,False,False,Young,25048.836,0.30139354685872305,0,15793901
583,0,27,4,0.0,3,1,0,163113.41,0,False,False,Young,65245.364,0.28043611056033285,0,15569759
587,1,42,1,0.0,1,0,0,123006.91,0,False,False,Middle,12300.691,0.47653905808212493,0,15712930
694,1,40,9,0.0,2,1,0,40463.03,0,False,False,Middle,36416.727000000006,0.3500041930851303,0,15586504
570,0,29,4,153040.03,1,1,1,131363.57,1,False,False,Young,205585.458,0.2511011942933745,0,15677317
692,1,45,6,142084.04,4,1,0,188305.85,1,True,False,Middle,255067.55000000002,0.7102543708669455,1,15664270
511,0,30,5,0.0,2,1,0,143994.86,0,False,False,Young,71997.43,0.36059853702272415,0,15731519
788,1,32,4,112079.58,1,0,0,89368.59,0,False,False,Middle,147827.016,0.32428880251926373,0,15745623
526,1,66,7,132044.6,2,1,1,158365.89,0,False,True,Elder,242900.723,0.7682907327050722,1,15813862
749,0,46,9,66582.81,1,1,0,78753.12,1,False,True,Senior,137460.61800000002,0.6863449423186452,1,15641934
691,0,33,6,0.0,2,1,1,100408.31,0,False,False,Middle,60244.986000000004,0.19537084706143365,0,15713043
481,0,39,6,0.0,1,1,1,24677.54,0,False,False,Middle,14806.524,0.3215640076833909,0,15700749
752,1,33,4,0.0,2,1,1,39570.78,0,False,False,Middle,15828.312,0.12025156336409523,0,15697567
658,0,38,6,102895.1,1,0,0,155665.76,0,False,False,Middle,196294.556,0.586739062713801,1,15715414
679,1,42,2,0.0,1,1,1,168294.27,0,False,True,Middle,33658.854,0.264133025908055,0,15639530
754,1,27,7,117578.35,2,0,1,87908.01,0,True,False,Young,179113.957,0.2033969727841831,0,15726058
679,1,47,10,198546.1,2,1,0,191198.92,1,False,False,Senior,389745.02,0.6566270522724121,1,15725665
633,0,39,2,0.0,2,0,0,191207.03,0,False,True,Middle,38241.406,0.5450939292858983,1,15698872
674,0,31,1,0.0,1,1,0,128954.05,0,False,False,Middle,12895.405,0.37901321941769467,0,15812184
600,1,28,2,116623.31,1,0,1,59905.29,0,True,False,Young,128604.368,0.26932762762961476,0,15742609
645,1,49,8,0.0,2,1,0,162012.6,0,False,True,Senior,129610.08000000002,0.5883763484857919,1,15815043
698,1,36,6,0.0,2,0,1,19231.98,0,False,False,Middle,11539.188000000002,0.14865289857116668,0,15640648
508,1,54,10,0.0,1,1,1,175749.36,0,False,True,Senior,175749.36,0.5085153140553945,1,15627203
555,0,44,3,105770.7,3,1,0,60533.96,1,False,False,Middle,123930.888,0.6656592188482775,1,15786196
751,0,48,9,0.0,1,1,0,137508.42,1,False,False,Senior,123757.57800000001,0.6699858359530626,1,15612095
738,0,39,1,94435.45,2,0,1,189430.86,0,False,False,Middle,113378.536,0.33923701471795165,0,15674368
706,0,39,8,112889.91,1,0,1,6723.66,0,True,False,Middle,118268.838,0.5338431267371518,1,15783477
595,0,53,7,0.0,2,1,0,41371.68,1,False,False,Senior,28960.176000000003,0.7421483420221995,1,15757559
577,0,43,3,127940.47,1,0,0,125140.72,1,True,False,Middle,165482.68600000002,0.838394505931321,1,15591036
578,0,36,8,129745.1,1,1,1,143683.75,0,True,False,Middle,244692.1,0.5329183260719836,1,15761241
699,1,32,3,0.0,2,1,1,170770.44,0,False,False,Middle,51231.132000000005,0.11773664098509368,0,15695078
826,0,30,5,0.0,2,0,1,157397.57,0,False,False,Young,78698.78500000002,0.15751502299222814,0,15645744
656,0,46,7,141535.52,1,1,0,50595.15,1,True,False,Senior,176952.125,0.8499187282537588,1,15566988
556,0,47,2,139914.27,1,1,1,50390.98,0,False,False,Senior,149992.466,0.5761651878877914,1,15749300
569,1,41,4,120243.49,1,1,0,163150.03,1,False,False,Middle,185503.502,0.5282611451869912,1,15594340
765,1,34,9,91835.16,1,0,0,138280.17,0,False,False,Middle,216287.31300000002,0.34453981679606066,0,15607065
544,1,37,2,0.0,2,0,0,135067.02,0,False,True,Middle,27013.404,0.39089019543564407,0,15778089
588,0,22,9,67178.19,1,1,1,163534.75,1,False,True,Young,214359.465,0.14531447067088807,0,15773723
740,0,31,8,0.0,2,0,0,86657.48,0,False,True,Middle,69325.984,0.3585452004655389,0,15697035
850,1,38,7,115378.94,1,0,1,162087.82,0,False,True,Middle,228840.414,0.24811028411245892,0,15679668
766,1,30,4,127786.28,2,1,1,28879.3,0,True,False,Young,139338.0,0.24796778002475964,0,15709861
849,0,41,6,0.0,2,1,1,169203.51,1,False,False,Middle,101522.10600000001,0.2936912463023941,0,15791958
612,0,33,0,64900.32,2,1,0,102426.12,0,False,False,Middle,64900.32,0.45415701192450725,0,15791030
517,1,53,0,109172.88,1,1,0,54676.1,1,True,False,Senior,109172.88,0.8695035456312084,1,15695339
645,0,55,7,0.0,2,1,1,18369.33,0,False,False,Senior,12858.531000000003,0.5602764542748198,1,15658813
696,1,43,4,114091.38,1,0,1,159888.1,0,True,False,Middle,178046.62,0.5126659981439916,1,15715709
716,0,40,3,0.0,2,0,1,167636.15,0,False,False,Middle,50290.845,0.305226769139324,0,15722533
590,1,32,9,0.0,2,1,0,138889.15,0,False,False,Middle,125000.23499999999,0.25897681606582335,0,15683118
656,0,45,7,145933.27,1,1,1,199392.14,0,False,False,Middle,285507.768,0.5214237265664609,1,15672798
473,0,35,7,131504.73,1,1,0,189560.43,0,True,False,Middle,264197.031,0.7483313120785792,1,15680112
742,0,44,8,107926.02,1,0,1,17375.27,1,True,False,Middle,121826.236,0.6203905207268753,1,15714575
834,0,57,8,112281.6,3,1,0,140225.14,1,True,False,Senior,224461.71200000003,0.9042315572198791,1,15806808
721,1,41,7,0.0,2,0,1,61018.85,0,False,False,Middle,42713.19500000001,0.2016248831631283,0,15590637
590,1,29,10,0.0,1,1,1,51907.72,1,False,True,Young,51907.72,0.10760484657887737,0,15657535
516,0,31,7,0.0,1,1,0,47018.75,0,False,True,Middle,32913.125,0.40743209940315006,0,15696141
850,1,33,0,124781.67,1,0,1,33700.52,0,False,False,Middle,124781.67,0.18501355325902624,0,15811947
748,0,39,9,132865.56,1,1,1,59636.43,1,False,False,Middle,186538.347,0.3492435075560658,0,15649024
798,0,38,4,129055.13,1,1,0,157147.59,0,True,False,Middle,191914.166,0.7432241355918645,1,15594928
612,1,76,6,96166.88,1,1,1,191393.26,0,True,False,Elder,211002.836,0.9298058471689069,1,15765532
540,0,40,3,165298.12,1,0,1,199862.75,0,False,False,Middle,225256.945,0.4622562575444718,0,15741719
719,0,33,7,0.0,2,1,0,20016.59,0,False,True,Middle,14011.613000000001,0.3823244786278072,0,15665629
598,1,48,6,120682.53,1,1,0,30635.52,1,False,False,Senior,139063.842,0.6371328255221878,1,15728917
796,1,32,5,102773.15,2,0,1,117832.88,0,False,True,Middle,161689.59,0.15822520255766817,0,15762993
579,1,42,0,144386.32,1,1,1,22497.1,1,True,False,Middle,144386.32,0.5511687756581269,1,15571193
850,0,40,7,104449.8,1,1,1,747.88,0,True,False,Middle,104973.316,0.5192606276809347,1,15653521
599,1,35,6,137102.65,1,0,0,76870.81,0,False,True,Middle,183225.136,0.4440186007980518,0,15802220
724,0,30,9,142475.87,1,1,1,107848.24,0,False,False,Young,239539.28600000002,0.22809602175247035,0,15644132
508,0,43,9,0.0,1,1,0,103726.71,0,False,False,Middle,93354.039,0.6132161429710996,1,15600832
773,1,37,2,103195.2,2,1,0,178268.36,0,False,True,Middle,138848.872,0.407430566506112,0,15797919
526,1,28,1,112070.44,1,0,1,126281.83,0,False,False,Young,124698.623,0.14930350704882886,0,15603743
542,0,29,7,0.0,2,0,1,196651.72,0,False,False,Young,137656.204,0.17875168819146545,0,15579714
470,1,35,1,96473.59,1,0,0,5962.3,0,False,False,Middle,97069.81999999999,0.44321520589879293,0,15634295
805,1,37,5,0.0,2,1,0,21928.81,0,False,True,Middle,10964.405,0.3264640919423309,0,15786680
548,1,49,9,108437.89,1,0,0,127022.87,1,True,False,Senior,222758.473,0.8140345219544829,1,15623499
672,1,37,5,153195.59,1,1,1,162763.01,0,False,False,Middle,234577.095,0.25027542917863,0,15691823
773,1,45,8,96877.21,1,1,1,113950.51,0,False,False,Middle,188037.61800000002,0.3195770052566939,0,15809279
614,1,44,6,0.0,2,0,1,104930.46,0,False,False,Middle,62958.276000000005,0.26436018083175383,0,15758039
537,0,38,10,0.0,1,0,0,52337.97,1,False,False,Middle,52337.97,0.5025623505482715,1,15807163
704,0,40,6,95452.89,1,0,1,179964.55,0,False,False,Middle,203431.62,0.38864845797399084,0,15631639
586,1,41,3,63873.56,1,1,0,83753.64,0,False,True,Middle,88999.652,0.5160682150138693,1,15713770
677,0,24,0,148298.59,2,0,0,182913.95,0,False,False,Young,148298.59,0.32854759050119625,0,15698167
558,0,31,7,0.0,2,1,0,166720.28,0,False,True,Middle,116704.196,0.3982470061462637,0,15781710
634,0,37,7,143258.85,2,1,0,192721.98,0,True,False,Middle,278164.23600000003,0.7443648048426479,1,15801296
655,1,37,9,121342.24,1,1,1,180241.44,0,True,False,Middle,283559.536,0.40503310130612674,0,15704378
619,0,28,6,99152.73,2,1,0,48475.12,0,True,False,Young,128237.802,0.5462695488924292,1,15767891
662,0,41,4,0.0,2,1,0,126551.48,0,False,False,Middle,50620.592000000004,0.5421667049345348,1,15640667
705,1,33,7,68423.89,1,1,1,64872.55,0,False,True,Middle,113834.675,0.16469773939899768,0,15702145
527,0,35,8,0.0,1,1,0,98031.53,1,False,True,Middle,78425.224,0.48707279013935795,0,15679738
630,0,25,7,79656.81,1,1,0,93524.22,0,True,False,Young,145123.764,0.49856185375686723,0,15636634
850,1,35,2,0.0,2,1,1,56991.66,0,False,False,Middle,11398.332000000002,0.13466269196868125,0,15809227
668,0,53,10,110240.04,1,0,0,183980.56,1,False,False,Senior,294220.60000000003,0.8244902283205123,1,15601811
573,0,32,9,125321.84,2,1,1,130234.63,0,False,False,Middle,242533.00699999998,0.255226002628989,0,15625494
680,1,27,3,0.0,1,1,0,32454.26,0,False,False,Young,9736.278,0.20347666385156876,0,15723737
758,0,32,2,84378.9,1,1,1,75396.43,0,False,False,Middle,99458.18599999999,0.2395329334568452,0,15682955
597,1,45,7,0.0,2,0,0,167756.45,0,False,False,Middle,117429.51500000001,0.5036698632508168,1,15758856
580,1,35,10,136281.41,2,1,1,24799.47,0,True,False,Middle,161080.88,0.3234348795011879,0,15746065
622,1,59,5,119380.37,1,1,1,60429.43,0,False,False,Senior,149595.085,0.6249400147250989,1,15783865
638,1,62,4,108716.59,2,1,1,74241.09,0,True,False,Elder,138413.026,0.802785762222652,1,15745455
640,0,20,4,0.0,2,0,1,78310.82,0,False,False,Young,31324.328000000005,0.08944993455763167,0,15583033
644,1,28,0,0.0,2,1,0,119419.37,0,False,True,Young,0.0,0.2275441586218701,0,15644212
753,0,31,6,106596.29,1,0,0,91305.77,0,False,False,Middle,161379.75199999998,0.43020937045060326,0,15735688
629,0,37,10,99546.25,3,0,1,25136.95,1,False,False,Middle,124683.2,0.26915870692395033,0,15658577
775,0,30,5,0.0,1,1,0,193880.6,1,False,False,Young,96940.3,0.34188075483681435,0,15606887
701,0,41,2,0.0,1,1,0,47856.78,0,False,False,Middle,9571.356,0.5678006265948287,1,15783026
708,1,19,7,112615.86,1,1,1,4491.77,0,False,True,Young,115760.099,0.06740087838437862,0,15579892
521,0,22,10,0.0,1,1,1,101311.95,0,False,True,Young,101311.95000000001,0.12024303661144627,0,15802088
636,0,24,9,0.0,2,0,1,38830.72,0,False,False,Young,34947.648,0.10502498667525491,0,15589323
529,0,31,5,0.0,2,1,0,26817.23,0,False,False,Middle,13408.615,0.3668839455757856,0,15636395
757,1,28,3,75381.15,1,1,1,199727.72,0,False,False,Young,135299.46600000001,0.11235191844616829,0,15712772
767,0,24,5,0.0,2,1,1,67445.85,0,False,True,Young,33722.925,0.11395640035849738,0,15700937
525,1,33,5,0.0,2,1,0,161002.29,0,False,True,Middle,80501.14500000002,0.31297983615613506,0,15766659
759,1,38,1,0.0,2,1,0,20778.39,0,False,True,Middle,2077.839,0.37833835686375816,0,15814033
520,0,45,1,123086.39,1,1,1,41042.4,1,True,False,Middle,127190.63,0.7177817880500519,1,15783007
738,0,26,3,0.0,2,1,0,67484.16,0,False,False,Young,20245.248000000003,0.26319629383912735,0,15654183
548,1,37,4,0.0,1,1,0,121763.68,0,False,True,Middle,48705.472,0.40027630194426245,0,15609899
535,1,48,9,109472.47,1,1,0,157358.43,1,False,True,Senior,251095.057,0.6784680295333946,1,15747323
615,1,59,4,155766.05,1,1,1,110275.17,0,False,True,Senior,199876.118,0.6798629120485383,1,15582591
850,1,38,7,101985.81,2,0,0,43801.27,0,True,False,Middle,132646.699,0.5636257835684731,1,15738835
487,0,34,2,96019.5,1,0,0,9085.0,0,False,False,Middle,97836.5,0.5494469560289327,1,15782404
731,1,30,7,0.0,2,0,1,143086.09,0,False,False,Young,100160.263,0.10218875416027119,0,15697480
726,0,35,9,0.0,2,0,1,100556.98,0,False,True,Middle,90501.282,0.2349722307463721,0,15697045
609,0,35,2,147900.43,1,1,0,140000.29,0,False,False,Middle,175900.488,0.5637684518636458,1,15781234
714,1,52,4,100755.66,1,1,1,186775.25,0,False,False,Senior,175465.76,0.4723455986465327,0,15579891
694,0,35,7,0.0,1,1,0,133570.43,1,False,True,Middle,93499.301,0.46674714289302105,0,15805690
786,0,33,0,83036.05,1,0,1,154990.58,1,False,False,Middle,83036.05,0.25294292300715476,0,15612139
698,1,27,6,125427.37,2,0,0,27654.44,0,False,True,Young,142020.03399999999,0.2565581613074749,0,15568834
601,0,46,3,98202.76,1,0,0,137763.93,0,False,False,Senior,139531.939,0.732024162042916,1,15709917
769,1,41,1,72509.91,1,1,0,25723.73,0,False,True,Middle,75082.28300000001,0.5042958951637783,1,15718843
850,1,44,3,140393.65,2,0,1,186285.52,0,True,False,Middle,196279.30599999998,0.4987090996723338,0,15799494
646,0,50,5,142644.64,2,1,1,142208.5,1,False,True,Senior,213748.89,0.6121697458285932,1,15673439
659,0,44,9,23503.31,1,0,1,169862.01,1,False,False,Middle,176379.119,0.4222182149226359,0,15669011
487,1,33,8,145729.71,1,1,0,41365.85,0,False,True,Middle,178822.38999999998,0.40626765755400035,0,15581388
740,0,40,2,122295.17,2,1,1,30812.84,0,True,False,Middle,128457.738,0.5673108784046013,1,15743153
686,1,39,4,0.0,2,1,0,155023.93,0,False,False,Middle,62009.572,0.3659409523429336,0,15579787
612,0,36,5,119799.27,2,1,0,159416.58,0,False,True,Middle,199507.56,0.5648115600828967,1,15759966
655,1,37,8,163708.58,2,0,0,76259.23,0,False,True,Middle,224715.96399999998,0.45800747101016664,0,15601045
617,1,34,1,61687.33,2,1,0,105965.25,0,False,False,Middle,72283.85500000001,0.33525902369733407,0,15764021
674,0,27,4,79144.34,1,0,1,50743.83,0,False,False,Young,99441.872,0.18270764278452337,0,15687218
711,1,32,5,0.0,2,1,1,147720.27,0,False,True,Middle,73860.135,0.1280122895730741,0,15626452
624,0,27,7,104848.68,1,1,1,167387.36,0,True,False,Young,222019.832,0.3448134764160246,0,15700964
597,1,26,5,0.0,2,0,1,95159.13,0,False,True,Young,47579.565,0.09285829821039805,0,15768887
682,1,46,4,0.0,1,1,1,4654.28,0,False,True,Senior,1861.712,0.3235802820020858,0,15735358
775,1,45,8,0.0,1,1,0,130376.68,0,False,False,Middle,104301.344,0.47716904560076856,0,15749472
727,0,29,1,146652.01,1,1,1,173486.39,0,False,False,Young,164000.649,0.2275836777000728,0,15685872
629,1,31,6,0.0,2,1,0,93881.75,0,False,False,Middle,56329.05,0.2382811508973876,0,15760851
684,1,46,0,0.0,2,1,1,36376.97,0,False,False,Senior,0.0,0.30289287916988816,0,15734588
549,0,37,1,130622.34,2,1,1,128499.94,0,True,False,Middle,143472.334,0.5451286883179871,1,15784594
593,1,69,2,187013.13,2,0,1,105898.69,0,True,False,Elder,208192.86800000002,0.9051404830837397,1,15606435
536,1,40,9,0.0,2,1,1,11959.03,0,False,True,Middle,10763.127,0.20710459901397554,0,15790247
707,0,36,6,0.0,1,0,0,98810.78,0,False,False,Middle,59286.46799999999,0.4624054941854495,0,15676433
592,1,41,0,0.0,2,1,0,65906.07,0,False,True,Middle,0.0,0.46363756308825055,0,15625905
703,1,44,6,98862.54,1,1,0,151516.7,0,False,False,Middle,189772.56,0.5450780027524628,1,15626414
723,0,45,4,0.0,2,1,0,37214.39,0,False,True,Middle,14885.756000000001,0.6302819292585565,1,15623220
452,1,52,1,98443.14,2,0,0,92033.98,0,True,False,Senior,107646.538,0.8506193080133363,1,15752857
552,1,42,4,0.0,2,0,0,195692.3,0,False,True,Middle,78276.92,0.4824988728517653,0,15677908
633,0,47,0,0.0,1,1,1,6342.84,1,False,False,Senior,0.0,0.48612940312139874,0,15773013
479,0,23,9,123575.51,1,0,1,95148.28,0,True,False,Young,209208.962,0.30182970750558125,0,15623972
768,1,25,6,0.0,2,1,1,21215.67,0,False,False,Young,12729.402,0.06420624904424296,0,15738627
742,1,31,4,105239.1,1,1,1,19700.24,0,False,False,Middle,113119.19600000001,0.1471017917181668,0,15643392
668,1,56,9,110993.79,1,1,0,134396.64,1,True,False,Senior,231950.766,0.8708427001993744,1,15684868
707,1,44,3,0.0,2,1,1,135077.01,0,False,True,Middle,40523.103,0.2726790812282393,0,15627854
754,1,39,7,157691.98,2,1,0,133600.89,1,False,True,Middle,251212.60300000003,0.4802061316570952,0,15669253
544,1,47,5,105245.21,1,0,0,99922.08,1,True,False,Senior,155206.25,0.79261937113179,1,15758023
718,1,32,8,0.0,2,1,1,41399.33,0,False,True,Middle,33119.464,0.11577232667869003,0,15574558
762,1,31,7,117687.35,1,1,1,159344.43,0,False,False,Middle,229228.451,0.1509636051677175,0,15635256
772,1,23,2,0.0,2,1,0,18364.19,0,False,False,Young,3672.8379999999997,0.14162359001276478,0,15680399
691,0,37,7,123067.63,1,1,1,98162.44,1,True,False,Middle,191781.33800000002,0.5203259460237619,1,15674720
502,1,45,0,0.0,1,0,0,84663.21,0,False,False,Middle,0.0,0.5582509487271771,1,15580249
563,0,34,6,0.0,2,0,0,36536.93,0,False,False,Middle,21922.158000000003,0.41924437283075794,0,15675431
676,0,41,4,101457.14,1,1,1,79101.67,0,False,False,Middle,133097.808,0.40332464815221986,0,15698285
576,1,52,2,100549.43,2,1,1,16644.16,0,False,True,Senior,103878.26199999999,0.5116210739740237,1,15810775
629,1,35,4,174588.8,2,0,1,158420.14,0,False,True,Middle,237956.856,0.24833343258505264,0,15678173
625,1,52,8,121161.57,1,1,0,48988.28,0,False,True,Senior,160352.19400000002,0.7161558344079142,1,15665222
628,1,45,9,0.0,2,1,1,96862.56,0,False,False,Middle,87176.304,0.2612421622715264,0,15803908
471,0,36,5,90063.74,2,1,1,96366.7,0,True,False,Middle,138247.09000000003,0.5017890358617313,1,15586039
811,0,45,5,0.0,2,1,1,146123.19,0,False,False,Middle,73061.595,0.3660991669437529,0,15802570
504,1,42,3,134936.97,2,0,0,135178.91,0,False,False,Middle,175490.643,0.555769829773753,1,15781451
687,0,24,3,110495.27,1,1,0,158615.41,0,False,False,Young,158079.893,0.3190697296656682,0,15721019
660,0,37,2,133200.09,1,0,0,71433.88,0,True,False,Middle,147486.866,0.7616535030694757,1,15738588
548,0,41,4,82596.8,1,0,1,55672.09,0,False,False,Middle,104865.636,0.421340822337824,0,15730657
609,1,31,9,103837.75,1,1,1,150218.11,0,True,False,Middle,239034.04899999997,0.29001292512531207,0,15739292
659,0,42,2,0.0,1,0,0,162734.31,1,False,True,Middle,32546.862,0.6211884548466852,1,15725945
526,1,52,8,93590.47,1,0,1,21228.71,1,False,False,Senior,110573.438,0.47637078314217235,0,15813159
725,1,40,8,104149.66,1,1,0,62027.9,0,True,False,Middle,153771.98,0.6353683942920386,1,15636820
519,1,38,1,114141.64,1,1,1,60988.21,1,True,False,Middle,120240.461,0.45259924566475385,0,15603880
562,0,31,9,117153.0,1,1,1,108675.01,0,True,False,Middle,214960.50900000002,0.42055152677434127,0,15619494
482,1,45,7,156353.46,1,1,0,72643.95,1,True,False,Middle,207204.22499999998,0.783925766578892,1,15596992
535,1,37,3,175534.78,2,1,1,9241.52,0,False,True,Middle,178307.236,0.2881294382653828,0,15735025
561,0,27,9,135637.0,1,1,0,153080.4,1,False,False,Young,273409.36,0.40505415380414467,0,15730759
661,0,30,7,0.0,2,1,0,72196.57,0,False,False,Young,50537.59900000001,0.3225096825810256,0,15752912
771,1,27,2,0.0,2,1,1,199527.34,0,False,False,Young,39905.468,0.07868909203376082,0,15711316
545,1,26,7,0.0,2,0,1,156598.23,0,False,False,Young,109618.76100000001,0.08807576034918513,0,15738785
850,0,33,2,83415.04,1,0,1,74917.64,0,True,False,Middle,98398.568,0.41623382916465357,0,15777896
601,1,43,3,141859.12,2,1,1,111249.62,0,True,False,Middle,175234.006,0.5179855508510167,1,15628963
712,1,38,7,132767.66,2,1,1,59115.77,0,True,False,Middle,174148.699,0.37716664137865175,0,15742126
589,0,31,10,110635.32,1,1,0,148218.86,0,False,False,Middle,258854.18,0.4565452262774604,0,15575623
600,1,37,8,177657.35,1,1,1,77142.32,0,False,True,Middle,239371.206,0.2790790118291022,0,15741652
642,1,41,4,157777.58,1,1,0,67484.6,0,True,False,Middle,184771.41999999998,0.7160515849305408,1,15738884
575,1,47,9,107915.94,2,1,1,63452.18,1,True,False,Senior,165022.902,0.5460480793234944,1,15615050
570,0,57,5,86568.75,1,0,1,103660.31,0,True,False,Senior,138398.905,0.8425067324517669,1,15803005
532,1,52,9,137755.76,1,1,0,163191.99,1,True,False,Senior,284628.551,0.8586105570232552,1,15743498
796,1,30,2,137262.71,2,1,0,62905.29,0,False,False,Young,149843.76799999998,0.2858787689144357,0,15720463
833,1,32,6,0.0,1,1,1,44323.22,1,False,True,Middle,26593.932,0.12227496070613393,0,15588695
642,0,36,6,0.0,2,1,1,97938.59,0,False,True,Middle,58763.15400000001,0.26124016013063184,0,15665802
655,1,28,10,0.0,2,0,1,126565.21,0,False,False,Young,126565.21000000002,0.09036698616004345,0,15571144
736,1,50,9,116309.01,1,1,0,185360.4,1,True,False,Senior,283133.37,0.8127149501078914,1,15750731
617,0,34,0,131244.65,2,1,0,183229.02,0,False,False,Middle,131244.65,0.504158549471906,1,15605134
762,1,28,3,125155.83,2,1,1,106024.02,0,True,False,Young,156963.036,0.22328071777360933,0,15626044
703,1,35,5,140691.08,2,1,0,167810.26,0,True,False,Middle,224596.21,0.5719008070388563,1,15737910
507,1,41,3,58820.32,2,1,1,138536.09,0,False,False,Middle,100381.147,0.2656037001649207,0,15761076
581,0,26,3,105099.45,1,1,1,184520.0,1,True,False,Young,160455.45,0.33452137249860087,0,15710105
593,1,31,9,0.0,2,0,1,20492.16,0,False,False,Middle,18442.944,0.10503416300425007,0,15577402
648,1,23,9,168372.52,1,1,0,134676.72,0,False,False,Young,289581.56799999997,0.22496267404895673,0,15803337
462,1,34,1,94682.56,2,1,0,138478.2,0,True,False,Middle,108530.38,0.5683970282488691,1,15654372
596,1,36,2,0.0,2,0,1,125557.95,0,False,True,Middle,25111.59,0.1866149464529471,0,15585867
627,0,44,5,0.0,2,1,0,82969.61,1,False,False,Middle,41484.805,0.5995686813071034,1,15662488
494,1,40,7,0.0,2,0,1,158071.69,0,False,False,Middle,110650.18300000002,0.22797379818054575,0,15604813
627,1,73,0,146329.73,1,0,1,43615.67,0,False,False,Elder,146329.73,0.8600383267027811,1,15611644
850,1,37,2,0.0,2,1,0,119969.99,0,False,True,Middle,23993.998000000003,0.33249088294681817,0,15674928
632,0,49,5,167962.7,1,0,0,140201.21,0,False,False,Senior,238063.305,0.8011873628430151,1,15656100
490,1,33,1,0.0,2,1,1,80792.83,0,False,False,Middle,8079.283,0.14889153118603146,0,15764293
715,1,40,7,0.0,1,1,1,141359.11,0,False,False,Middle,98951.377,0.20839060664748169,0,15636423
679,1,48,8,0.0,2,1,0,23344.94,0,False,False,Senior,18675.952,0.504653402075824,1,15607629
619,1,44,3,116967.68,1,1,0,5075.17,1,False,False,Middle,118490.231,0.5777410410322407,1,15577313
465,0,33,6,0.0,2,1,1,95500.98,0,False,True,Middle,57300.588,0.2415788219112805,0,15714493
736,1,32,7,0.0,1,0,1,79082.62,0,False,True,Middle,55357.834,0.13416835118905066,0,15643359
501,0,34,7,93244.42,1,0,1,199805.63,0,True,False,Middle,233108.36100000003,0.5035945707195215,1,15687913
535,0,29,5,0.0,2,0,1,52709.55,0,False,False,Young,26354.775,0.17131200460667842,0,15790935
759,0,33,2,0.0,2,1,0,56583.88,0,False,False,Middle,11316.776,0.3818646206842144,0,15708693
819,1,35,1,0.0,2,0,1,3385.04,0,False,False,Middle,338.504,0.14757403238474026,0,15672016
533,1,43,4,80442.06,2,0,1,12537.42,0,True,False,Middle,85457.02799999999,0.4915147298662122,0,15727605
632,0,35,2,150561.03,2,0,0,64722.61,0,True,False,Middle,163505.552,0.727929389998106,1,15651144
686,1,60,9,0.0,3,1,1,75246.21,1,False,False,Senior,67721.589,0.48951186715667666,0,15749401
687,0,34,9,125474.44,1,1,0,198929.84,0,False,False,Middle,304511.29600000003,0.5218000954679549,1,15691874
667,0,33,4,127076.68,2,1,0,69011.66,0,True,False,Middle,154681.34399999998,0.659976329467515,1,15620735
699,0,25,8,0.0,2,1,1,52404.47,0,False,True,Young,41923.576,0.11934367480556071,0,15769781
497,1,37,8,128650.11,2,1,1,163641.53,0,False,True,Middle,259563.334,0.26440926726997693,0,15624611
780,0,33,6,145580.61,1,1,1,154598.56,0,False,True,Middle,238339.74599999998,0.2996179055632282,0,15773071
652,0,51,3,0.0,1,1,0,173989.47,1,False,False,Senior,52196.84100000001,0.7398195595572192,1,15720371
477,1,47,9,144900.58,1,1,0,61315.37,1,False,False,Senior,200084.413,0.6437372700738566,1,15717984
652,0,37,4,0.0,2,1,0,143393.24,0,False,False,Middle,57357.296,0.4674957779504013,0,15806407
488,0,31,8,97588.6,1,0,0,124210.53,0,False,False,Middle,196957.024,0.47137569401703894,0,15785042
572,1,24,1,0.0,2,1,1,151460.84,0,False,False,Young,15146.084,0.07373422017290117,0,15809302
755,0,38,1,0.0,2,1,0,20734.81,0,False,False,Middle,2073.481,0.48658841980299516,0,15677550
779,0,24,10,122200.31,2,1,0,43705.56,0,True,False,Young,165905.87,0.43114269127838006,0,15654096
693,0,46,3,151709.33,1,1,0,180736.24,0,False,True,Senior,205930.202,0.7605634973130456,1,15617320
530,0,22,7,0.0,2,1,0,104170.48,0,False,True,Young,72919.336,0.24394630461426908,0,15653065
738,0,33,3,122134.4,2,0,1,27867.59,0,False,True,Middle,130494.677,0.284704950452452,0,15649112
690,1,31,2,137260.45,2,1,0,55387.28,0,True,False,Middle,148337.90600000002,0.5033069960637667,1,15690526
611,0,30,9,88594.14,1,1,0,196332.45,0,False,False,Young,265293.34500000003,0.4328445706594851,0,15806945
643,1,34,6,0.0,2,1,1,116046.22,0,False,True,Middle,69627.732,0.14986992107438174,0,15670066
632,1,41,8,127205.32,4,1,0,93874.87,1,True,False,Middle,202305.21600000001,0.6253976298272957,1,15625761
727,0,31,10,96997.09,2,0,0,76614.04,0,False,True,Middle,173611.13,0.4129125842070151,0,15761525
508,0,64,2,0.0,1,1,1,6076.62,0,False,False,Elder,1215.324,0.7826987142116131,1,15735080
550,1,31,5,142200.19,2,1,1,122221.71,0,False,False,Middle,203311.045,0.16691455025692206,0,15619537
754,0,39,3,160761.41,1,1,1,24156.03,0,True,False,Middle,168008.219,0.5879453293259554,1,15598162
759,1,26,4,0.0,2,1,0,135394.62,0,False,False,Young,54157.848,0.16696722220564245,0,15694300
794,1,33,8,0.0,2,0,0,91340.02,0,False,True,Middle,73072.016,0.2664507381755106,0,15637235
549,1,29,3,0.0,2,1,0,146090.38,0,False,False,Young,43827.114,0.2282413501285717,0,15612444
671,1,31,0,116234.61,1,1,0,172096.08,0,False,False,Middle,116234.61,0.3219844990513759,0,15626457
756,0,26,5,155143.52,1,0,1,135034.57,1,True,False,Young,222660.805,0.3429466327572469,0,15627995
632,0,21,1,0.0,2,1,0,84008.66,0,False,False,Young,8400.866,0.21314932646249418,0,15706128
579,1,38,8,0.0,2,0,0,91763.67,0,False,False,Middle,73410.936,0.3585718905609247,0,15666430
748,1,34,5,84009.47,1,1,1,137001.1,0,False,False,Middle,152510.02000000002,0.1705997774042586,0,15627385
488,0,28,7,139246.22,2,1,0,106799.49,0,True,False,Young,214005.863,0.6006334823528686,1,15581323
710,1,58,7,170113.0,2,0,1,10494.64,0,True,False,Senior,177459.248,0.7587981887331915,1,15608109
619,0,41,8,0.0,3,1,1,79866.73,1,False,True,Middle,63893.384,0.31539053425934516,0,15801942
773,1,64,2,145578.28,1,0,1,186172.85,0,False,False,Elder,182812.85,0.7158481565433699,1,15567431
657,1,75,7,126273.95,1,0,1,91673.6,0,False,True,Elder,190445.47,0.8657481663270179,1,15810167
579,0,26,10,162482.76,1,1,1,18458.2,0,False,False,Young,180940.96000000002,0.1828815077681893,0,15644501
542,1,29,9,0.0,1,1,0,8342.35,0,False,False,Young,7508.115000000002,0.21419519436716758,0,15785290
709,0,32,2,87814.89,1,1,0,138578.37,0,False,False,Middle,115530.564,0.44728329627767455,0,15611157
617,1,61,3,113858.95,1,1,1,38129.22,0,False,True,Elder,125297.716,0.6917978790353253,1,15673837
568,1,43,5,87612.64,4,1,1,107155.4,1,True,False,Middle,141190.34,0.4345430075070631,0,15656822
769,0,73,1,0.0,1,1,1,29792.11,0,False,False,Elder,2979.2110000000002,0.8590636879260938,1,15580560
608,1,26,1,106648.98,1,0,1,7063.6,0,True,False,Young,107355.34,0.2426158165716312,0,15760641
503,1,31,4,0.0,2,1,1,21645.06,0,False,True,Middle,8658.024000000001,0.13519856595904872,0,15587584
608,0,38,8,103653.51,2,1,1,137079.86,0,True,False,Middle,213317.398,0.5233885673684529,1,15604146
731,1,37,3,116880.53,1,0,0,172718.35,1,True,False,Middle,168696.035,0.6195091361350927,1,15813974
850,0,40,4,97990.49,2,0,0,106691.02,0,True,False,Middle,140666.89800000002,0.7371758826540246,1,15746986
591,0,34,4,150635.3,1,1,1,72274.84,0,True,False,Middle,179545.23599999998,0.5092364224213176,1,15759741
579,1,37,4,0.0,2,1,1,32246.63,0,False,True,Middle,12898.652000000002,0.19048969279795644,0,15734892
570,1,39,10,129674.89,2,1,0,80552.36,0,False,False,Middle,210227.25,0.444319673627729,0,15797194
709,0,37,9,0.0,2,1,0,16733.59,0,False,False,Middle,15060.231,0.4165024391747845,0,15723786
611,1,53,3,83568.26,1,0,0,1235.49,0,False,False,Senior,83938.90699999999,0.7227658703251177,1,15642726
775,1,48,4,178144.91,2,0,0,50168.41,1,False,True,Senior,198212.274,0.6688589297774167,1,15664339
699,1,36,6,147137.74,1,1,1,33687.9,0,True,False,Middle,167350.47999999998,0.37633288846021323,0,15754526
618,1,37,5,0.0,1,0,1,178705.45,1,False,False,Middle,89352.725,0.19199994426725114,0,15703037
704,1,36,3,114370.41,1,0,1,66810.48,0,False,False,Middle,134413.554,0.2214031196241742,0,15751412
835,0,47,5,108289.28,2,1,1,45859.55,1,True,False,Senior,131219.055,0.6516008834596697,1,15609558
714,1,39,3,149887.49,2,1,0,63846.36,0,True,False,Middle,169041.398,0.6511758957532744,1,15572408
581,0,43,4,170172.9,1,0,1,100236.02,0,False,True,Middle,210267.308,0.542120929957745,1,15613923
592,1,27,3,0.0,2,1,1,19645.65,0,False,False,Young,5893.695000000001,0.09032690593764199,0,15747000
551,1,43,7,0.0,2,1,0,178393.68,0,False,False,Middle,124875.576,0.4663362415368649,0,15731781
689,0,28,2,64808.32,2,0,0,78591.15,0,True,False,Young,80526.55,0.5408982292445834,1,15727198
604,0,56,0,62732.65,1,0,1,124954.56,0,False,False,Senior,62732.65,0.6872119219413328,1,15794273
514,0,41,7,0.0,2,1,1,3756.65,0,False,False,Middle,2629.655,0.32017837624493295,0,15804950
698,1,29,5,95167.55,1,1,1,152723.23,0,False,False,Young,171529.165,0.13065108261485886,0,15576304
581,0,54,2,152508.99,1,1,0,187597.98,1,True,False,Senior,190028.586,0.9251117449467261,1,15645200
573,1,31,0,134644.19,1,1,1,70381.49,0,True,False,Middle,134644.19,0.33229567898238305,0,15779627
449,0,33,8,0.0,2,0,0,156792.89,0,False,True,Middle,125434.31200000002,0.46185415648147343,0,15750755
850,0,31,3,51293.47,1,0,0,35534.68,0,True,False,Middle,61953.874,0.5794652581760182,1,15569654
612,1,41,5,0.0,3,0,0,151256.22,0,False,False,Middle,75628.11,0.4006561759393026,0,15753079
690,1,49,8,116622.73,1,0,1,51011.29,0,False,True,Senior,157431.762,0.43933710748225596,0,15684995
599,0,49,2,0.0,2,1,0,111190.53,0,False,True,Senior,22238.106,0.7237229750134014,1,15790763
498,1,33,1,198113.86,1,1,0,69664.35,0,False,False,Middle,205080.29499999998,0.45248162807465014,0,15766458
497,0,29,4,85646.81,1,0,0,63233.02,1,False,False,Young,110940.018,0.43045795183774677,0,15616221
802,1,51,7,0.0,1,0,1,40855.79,0,False,True,Senior,28599.053000000004,0.38356755930033015,0,15776124
644,1,33,9,141234.98,1,1,0,95673.05,0,False,False,Middle,227340.72500000003,0.3587682630808363,0,15665811
714,1,34,10,0.0,2,1,1,80234.14,0,False,False,Middle,80234.14000000001,0.1206738420961588,0,15729804
690,0,40,9,77641.99,1,0,0,189051.59,1,False,False,Middle,247788.42100000003,0.6086829394660143,1,15714062
522,1,30,3,0.0,2,1,0,145490.85,0,False,True,Young,43647.255000000005,0.2667547469232192,0,15592197
502,0,40,7,117304.29,1,0,0,196278.32,0,True,False,Middle,254699.114,0.8109732967375841,1,15793116
730,0,62,2,0.0,2,1,1,162889.1,0,False,True,Elder,32577.820000000003,0.7190195053094659,1,15638231
590,1,36,6,92340.69,2,1,1,174667.58,0,True,False,Middle,197141.238,0.3549744665746392,0,15697678
458,1,35,9,146780.52,2,1,1,3476.38,0,True,False,Middle,149909.262,0.35068033758460554,0,15800412
553,1,41,6,144974.55,1,1,1,19344.92,0,False,True,Middle,156581.50199999998,0.3341261606929552,0,15597610
479,1,47,1,0.0,1,1,0,95270.83,0,False,False,Senior,9527.083,0.5858845254278796,1,15726634
693,1,31,2,0.0,2,1,1,107759.31,0,False,False,Middle,21551.862,0.1120960051250196,0,15670866
707,1,43,10,0.0,2,1,0,118368.2,0,False,True,Middle,118368.20000000001,0.4476785339646242,0,15667462
636,1,37,1,115137.26,1,1,0,52484.01,0,False,True,Middle,120385.661,0.4772713816814946,0,15662574
807,1,33,10,101952.97,2,1,0,178153.65,0,False,False,Middle,280106.62,0.3087456028972703,0,15716926
513,0,45,0,164649.52,3,1,0,49915.52,1,False,False,Middle,164649.52,0.7367781619660229,1,15603554
582,1,31,2,0.0,2,1,1,33747.03,0,False,False,Middle,6749.406,0.12257052997145924,0,15716800
694,1,32,0,91956.49,1,1,1,59961.81,0,False,False,Middle,91956.49,0.16923645822916616,0,15679429
777,1,39,8,0.0,2,1,1,18613.52,0,False,False,Middle,14890.816,0.1588005025270572,0,15616122
598,1,32,9,123938.6,2,1,0,198894.42,0,True,False,Middle,302943.578,0.5305468785402275,1,15742172
762,1,46,6,123571.77,3,0,1,57014.17,1,True,False,Senior,157780.272,0.5044047854469424,1,15792305
588,0,34,3,120777.88,1,1,1,131729.52,0,False,False,Middle,160296.736,0.30973879734198373,0,15636016
663,1,42,5,90248.79,1,1,1,79169.73,0,True,False,Middle,129833.655,0.4672256915784814,0,15733138
777,1,36,7,0.0,1,1,0,106472.34,0,False,False,Middle,74530.638,0.31080790759719995,0,15669741
592,1,71,4,0.0,2,0,1,17013.54,0,False,False,Elder,6805.416000000001,0.7483218006026935,1,15616954
631,1,48,1,106396.48,1,1,1,150661.42,1,True,False,Senior,121462.622,0.6071972978860588,1,15729238
725,0,47,1,104887.43,1,0,0,86622.56,1,True,False,Senior,113549.68599999999,0.8605929745124,1,15718242
850,1,34,2,72079.71,1,1,1,115767.93,0,False,False,Middle,95233.296,0.1593388883917448,0,15682914
540,1,37,6,0.0,2,1,0,141998.89,0,False,False,Middle,85199.33400000002,0.351994037595294,0,15654274
674,1,36,2,0.0,2,1,1,182787.17,0,False,True,Middle,36557.434,0.1706644362828875,0,15691457
553,1,38,3,99844.68,1,0,0,187915.7,0,False,False,Middle,156219.39,0.46820014554372363,0,15719649
630,0,28,1,0.0,2,1,1,133267.78,0,False,False,Young,13326.778,0.15381230567288465,0,15778897
466,1,26,3,156815.71,1,1,1,137476.09,0,False,False,Young,198058.537,0.14405046262618365,0,15589437
613,1,47,6,146034.74,1,1,1,77146.14,0,False,False,Senior,192322.424,0.41384488575131234,0,15682369
558,1,27,1,152283.39,1,1,0,183271.15,0,False,False,Young,170610.505,0.2937745538309566,0,15626507
775,0,33,1,118897.1,2,1,1,26362.4,0,True,False,Middle,121533.34000000001,0.4319176727307553,0,15571995
698,1,52,8,96781.39,1,1,1,153373.71,0,True,False,Senior,219480.358,0.6562990590615059,1,15673333
608,1,33,1,102772.67,2,1,0,70705.58,0,True,False,Middle,109843.228,0.5367675418060563,1,15748752
670,0,20,4,0.0,2,1,0,119759.24,0,False,True,Young,47903.696,0.20644044862070982,0,15725302
591,1,39,8,0.0,2,0,0,42392.24,0,False,True,Middle,33913.792,0.3898921478168877,0,15722083
633,1,40,4,150578.0,1,0,1,34670.62,1,False,False,Middle,164446.248,0.3052728752299502,0,15771442
678,0,46,1,0.0,2,0,0,82106.19,0,False,False,Senior,8210.619,0.6515017579304052,1,15803633
590,1,47,3,0.0,2,1,0,171774.5,0,False,False,Senior,51532.350000000006,0.5344468594312227,1,15672185
705,0,48,0,0.0,2,0,0,149772.61,0,False,False,Senior,0.0,0.6751353104229837,1,15806486
608,1,42,10,163548.07,1,1,0,38866.85,0,False,False,Middle,202414.92,0.5278844176559895,1,15570895
682,0,37,8,148580.12,1,1,0,35179.18,0,False,False,Middle,176723.464,0.5572814760616296,1,15614520
596,1,32,3,96709.07,2,0,0,41788.37,0,True,False,Middle,109245.581,0.5154812840260096,1,15687492
395,0,34,5,106011.59,1,1,1,17376.57,1,True,False,Middle,114699.875,0.5049854995602636,1,15675337
578,1,37,1,135650.88,1,1,0,199428.19,0,True,False,Middle,155593.69900000002,0.6454133521433033,1,15721047
547,1,55,4,111362.76,3,1,0,16922.28,1,True,False,Senior,118131.67199999999,0.8524313287252197,1,15589017
609,1,37,1,39344.83,1,1,1,178291.89,1,False,False,Middle,57174.019,0.20313928331183567,0,15611186
774,1,36,9,130809.77,1,1,0,152290.28,0,True,False,Middle,267871.022,0.589925464956731,1,15617301
712,0,27,2,133009.51,1,1,0,126809.15,0,False,False,Young,158371.34000000003,0.3841158241749194,0,15726046
585,0,28,9,135337.49,2,1,1,40385.61,0,True,False,Young,171684.539,0.3345483689547048,0,15585748
666,0,32,10,112536.57,2,1,1,34350.54,0,False,False,Middle,146887.11000000002,0.21306360934424287,0,15672826
708,0,35,8,122570.69,1,0,0,199005.88,0,False,True,Middle,281775.39400000003,0.569989422966756,1,15595162
513,1,44,1,63562.02,2,0,1,52629.73,1,False,False,Middle,68824.993,0.3345632195367028,0,15650026
445,1,37,3,0.0,2,1,1,180012.39,0,False,False,Middle,54003.717000000004,0.19070755107936005,0,15745826
690,1,44,9,100368.63,2,0,0,35342.33,0,True,False,Middle,132176.727,0.683717876110126,1,15708610
850,1,37,6,0.0,2,1,0,109291.22,0,False,False,Middle,65574.732,0.29913064568944203,0,15624471
537,0,33,7,136082.0,1,1,0,62746.54,0,False,True,Middle,180004.578,0.5371634173114852,1,15590097
705,1,48,9,114169.16,1,0,0,173273.2,1,True,False,Senior,270115.04000000004,0.7945923894187953,1,15689328
670,0,45,5,47884.92,1,1,1,54340.24,0,False,False,Middle,75055.04000000001,0.43748814696371047,0,15582154
652,0,36,1,0.0,2,1,1,19302.78,0,False,True,Middle,1930.278,0.28114877167874863,0,15734626
696,1,24,9,0.0,1,0,0,10883.52,0,False,True,Young,9795.168000000001,0.1614579896620052,0,15702806
747,1,49,6,202904.64,1,1,1,17298.72,1,False,False,Senior,213283.872,0.4586902485944995,0,15620756
511,0,46,1,0.0,1,1,1,115779.48,1,False,False,Senior,11577.948,0.46773605167748944,0,15611331
743,1,43,2,161807.18,2,0,1,93228.86,1,False,True,Middle,180452.952,0.35760331486075875,0,15576935
532,1,52,3,110791.97,1,1,0,148704.77,1,True,False,Senior,155403.401,0.8503451796033805,1,15661275
642,0,33,9,0.0,2,1,1,150475.14,0,False,True,Middle,135427.62600000002,0.22190596430222045,0,15814940
554,0,54,6,108755.0,1,1,0,40914.32,1,True,False,Senior,133303.592,0.9131933404726099,1,15768471
604,0,34,3,0.0,2,1,0,38587.7,0,False,True,Middle,11576.31,0.4494934667987018,0,15697391
602,0,72,3,0.0,2,1,1,171260.66,0,False,False,Elder,51378.198000000004,0.8443781575133887,1,15793346
757,0,55,9,117294.12,4,1,0,94187.47,1,False,True,Senior,202062.843,0.7938156407023785,1,15608338
491,1,26,4,102251.14,1,1,1,145900.89,0,True,False,Young,160611.496,0.2346535071804642,0,15578546
850,1,31,4,0.0,2,0,0,152298.28,0,False,False,Middle,60919.312000000005,0.22280298749766286,0,15656921
521,1,22,5,0.0,2,1,1,99828.45,0,False,False,Young,49914.225000000006,0.06429534514585945,0,15761340
726,1,37,2,132057.92,2,1,0,34743.98,0,False,False,Middle,139006.71600000001,0.41791058345767784,0,15591135
596,1,33,8,0.0,1,1,0,121189.3,1,False,False,Middle,96951.44,0.2899522035327681,0,15623219
850,0,35,7,114285.2,1,0,1,129660.59,0,True,False,Middle,205047.613,0.46172900004248985,0,15655229
637,0,41,9,0.0,2,1,0,145477.36,0,False,False,Middle,130929.62399999998,0.5415290198049119,1,15805884
690,1,32,2,76087.98,1,0,1,151822.66,0,False,True,Middle,106452.512,0.17448421490306287,0,15668289
689,1,40,8,160272.27,1,1,0,49656.24,0,False,False,Middle,199997.262,0.48781475315744516,0,15568562
633,1,63,4,114552.6,1,1,0,73856.28,1,False,True,Elder,144095.11200000002,0.8638712154011094,1,15773276
555,0,27,8,102000.17,1,1,1,116757.0,0,False,False,Young,195405.77000000002,0.1948225452940144,0,15622801
563,1,24,7,0.0,2,0,0,16319.56,0,False,True,Young,11423.692000000001,0.1711160873557487,0,15779886
494,0,33,1,137853.0,1,0,1,90273.85,0,False,False,Middle,146880.385,0.33339881959495216,0,15713673
534,1,27,9,0.0,2,1,0,161344.13,0,False,False,Young,145209.717,0.20239560322854536,0,15783083
696,1,42,7,162318.61,1,1,0,121061.89,0,True,False,Middle,247061.933,0.7217942322567368,1,15742824
535,0,50,1,140292.58,3,0,0,69531.22,1,False,True,Senior,147245.702,0.8093363224519443,1,15621550
600,1,34,0,0.0,2,0,1,3756.23,0,False,False,Middle,0.0,0.16249421852715173,0,15799480
807,0,34,1,0.0,1,0,0,114448.13,0,False,False,Middle,11444.813000000002,0.4217780856364332,0,15625247
714,0,52,2,0.0,1,0,1,144045.08,1,False,False,Senior,28809.016,0.5508937171729464,1,15755241
590,1,24,7,126431.54,1,1,0,58781.11,0,False,False,Young,167578.31699999998,0.21863779564350272,0,15575679
614,0,41,3,123475.04,1,1,1,179227.52,0,False,False,Middle,177243.29599999997,0.4312162806515925,0,15668235
766,0,45,6,97652.96,1,1,0,127332.33,0,True,False,Middle,174052.358,0.820508240458036,1,15683183
557,1,42,4,0.0,2,0,1,86642.38,0,False,True,Middle,34656.952000000005,0.26838452182422856,0,15684592
788,0,49,4,137455.99,1,1,0,184178.29,1,True,False,Senior,211127.30599999998,0.8748435543323021,1,15591169
648,0,38,2,0.0,2,0,1,9551.49,0,False,False,Middle,1910.298,0.2925953976391347,0,15653455
726,0,33,7,99046.31,2,1,1,56053.06,0,True,False,Middle,138283.452,0.3913753700859079,0,15732563
773,1,33,9,0.0,2,1,1,1118.31,0,False,False,Middle,1006.4789999999999,0.10190407165323245,0,15656471
583,1,27,4,105907.42,2,1,1,195732.04,0,True,False,Young,184200.236,0.22286730113088338,0,15598510
565,1,52,5,97720.35,2,1,0,175070.94,1,True,False,Senior,185255.82,0.8298913499690262,1,15766427
705,1,25,9,0.0,2,0,1,112331.19,0,False,False,Young,101098.071,0.07016388675281794,0,15785342
685,1,43,4,97392.18,2,1,0,43956.83,0,False,True,Middle,114974.912,0.531003993044353,1,15641595
741,1,29,8,0.0,2,1,1,115994.52,0,False,False,Young,92795.61600000001,0.08920034517251661,0,15798429
658,0,28,9,152812.58,1,1,0,166682.57,0,True,False,Young,302826.89300000004,0.6124148684737414,1,15648136
575,1,27,3,139301.68,1,1,0,99843.98,0,False,False,Young,169254.874,0.28654776505721896,0,15812482
844,0,41,10,76319.64,1,1,1,141175.18,1,False,False,Middle,217494.82,0.35262541733509933,0,15790810
559,1,67,9,125919.35,1,1,0,175910.95,1,False,True,Elder,284239.205,0.9055348282309096,1,15687421
725,1,37,6,124348.38,2,0,1,176984.34,0,False,False,Middle,230538.984,0.2200409460083868,0,15765643
450,1,29,7,117199.8,1,1,1,43480.63,0,False,False,Young,147636.241,0.14937781280861712,0,15654878
738,0,57,9,148384.64,1,0,0,155047.11,1,True,False,Senior,287927.039,0.9338277659252107,1,15686835
642,0,19,3,113905.48,1,1,1,176137.2,0,True,False,Young,166746.64,0.22323611171856336,0,15768340
618,1,32,5,133476.09,1,0,1,154843.4,0,False,True,Middle,210897.78999999998,0.2052775008084089,0,15673599
590,1,47,0,117879.32,1,1,1,8214.46,0,False,False,Senior,117879.32,0.4371444697341763,0,15689096
735,1,50,2,0.0,2,0,1,147075.69,0,False,False,Senior,29415.138000000003,0.3521471102546215,0,15684294
550,1,34,8,122359.5,1,0,0,116495.55,0,False,False,Middle,215555.94,0.39707134773516506,0,15615828
729,0,28,0,0.0,2,1,1,31165.06,1,False,True,Young,0.0,0.1694126690282046,0,15746012
743,1,59,5,108585.35,1,1,1,192127.22,1,True,False,Senior,204648.96000000002,0.7698877463119564,1,15615797
555,1,31,8,145875.74,1,1,0,137491.23,0,False,False,Middle,255868.724,0.3531612817912192,0,15788494
667,0,36,3,121542.57,2,1,1,186841.71,0,False,True,Middle,177595.083,0.3341424068648467,0,15793856
790,0,41,7,109508.68,1,0,0,86776.38,0,False,True,Middle,170252.146,0.6371919686819231,1,15629545
727,1,34,2,146407.11,1,1,1,72073.72,0,True,False,Middle,160821.854,0.35774378795794337,0,15661198
744,0,39,6,0.0,1,0,0,10662.58,0,False,False,Middle,6397.548,0.5021451155842173,1,15715117
629,1,35,8,112330.83,1,1,1,91001.02,0,True,False,Middle,185131.646,0.34786560851164516,0,15701074
619,0,35,4,90413.12,1,1,1,20555.21,0,False,False,Middle,98635.204,0.29939819522509814,0,15793046
634,1,34,8,105302.66,1,1,1,123164.97,0,False,False,Middle,203834.636,0.18665740950650775,0,15623744
608,0,35,6,0.0,2,1,1,143463.28,0,False,True,Middle,86077.968,0.2556629825976664,0,15611329
507,0,35,1,0.0,2,0,0,92131.54,0,False,False,Middle,9213.154,0.4740990088678588,0,15740428
536,0,35,4,121520.36,1,0,0,77178.42,0,True,False,Middle,152391.728,0.7363882328042668,1,15781534
730,0,43,1,103960.38,1,1,1,193650.16,0,False,True,Middle,123325.39600000001,0.45984903398985316,0,15618243
583,1,39,8,102945.01,1,0,0,52861.89,0,True,False,Middle,145234.522,0.6469090914992018,1,15784161
644,0,24,8,92760.55,1,1,0,35896.75,0,False,False,Young,121477.95000000001,0.28960170073571084,0,15700325
790,1,37,8,0.0,2,1,1,149418.41,0,False,True,Middle,119534.728,0.1678323348102948,0,15659064
807,0,40,1,134590.21,1,1,1,46253.65,0,True,False,Middle,139215.57499999998,0.5912811478546147,1,15658364
581,0,37,10,104255.03,1,1,0,86609.37,0,False,False,Middle,190864.4,0.5488404170083189,1,15704340
627,0,55,6,0.0,1,0,0,91943.94,1,False,True,Senior,55166.364,0.8144673977918605,1,15793455
850,1,41,3,0.0,2,1,0,128892.36,0,False,False,Middle,38667.708000000006,0.37536182117015304,0,15579777
754,0,35,4,0.0,2,1,0,44830.71,0,False,False,Middle,17932.284,0.4086161079351851,0,15632345
551,1,50,1,121399.98,1,0,1,84508.44,1,True,False,Senior,129850.824,0.680665304502121,1,15814468
637,1,35,8,147127.81,2,1,1,84760.7,0,True,False,Middle,214936.37,0.345780435553354,0,15754820
699,1,31,8,125927.51,2,1,0,147661.47,0,False,True,Middle,244056.686,0.3235348726838908,0,15707505
542,0,25,7,0.0,2,0,1,82393.08,0,False,False,Young,57675.15600000001,0.12844410674412507,0,15699507
640,1,48,1,111599.32,1,0,1,135995.58,0,True,False,Senior,125198.87800000001,0.6192918449428225,1,15799600
553,0,27,3,0.0,2,0,0,159800.16,0,False,False,Young,47940.048,0.31219002499174986,0,15794472
741,1,38,9,0.0,2,1,0,14379.01,0,False,False,Middle,12941.109,0.30232458295445724,0,15646632
598,1,35,8,114212.6,1,1,1,74322.85,0,False,False,Middle,173670.88,0.19959455021891587,0,15676353
660,0,42,5,0.0,3,1,1,189016.24,1,False,True,Middle,94508.12,0.3451793389419295,0,15566312
618,1,41,4,115251.64,1,0,0,136435.75,0,False,True,Middle,169825.94,0.5516919076037391,1,15570414
647,1,43,9,0.0,2,1,1,78488.39,0,False,False,Middle,70639.551,0.226545126890883,0,15776743
491,0,68,3,107571.61,1,0,1,113695.99,0,False,False,Elder,141680.407,0.8690095481282148,1,15674637
652,0,32,2,0.0,2,1,0,54628.11,0,False,False,Middle,10925.622000000001,0.3820696576058757,0,15730418
650,0,45,9,152367.21,3,1,0,150835.21,1,True,False,Middle,288118.899,0.8276483695280308,1,15739972
413,1,39,1,130969.77,2,1,1,158891.79,0,True,False,Middle,146858.949,0.467432098154134,0,15661591
416,0,25,0,97738.97,2,1,1,160523.33,0,True,False,Young,97738.97,0.3203520867988812,0,15675585
629,1,34,8,0.0,2,1,1,180595.02,0,False,True,Middle,144476.016,0.1561100501251458,0,15814750
678,0,40,4,113794.22,1,1,0,16618.76,0,False,True,Middle,120441.724,0.6418323273526801,1,15593454
527,1,28,6,128396.33,2,1,0,79919.97,0,False,True,Young,176348.312,0.2964547807286088,0,15663421
743,0,48,5,118207.69,2,0,0,186489.14,1,False,True,Senior,211452.26,0.7561426692026766,1,15576196
683,1,73,9,124730.26,1,1,1,51999.5,0,True,False,Elder,171529.81,0.9036207267822216,1,15677324
536,0,41,9,0.0,1,1,0,121299.14,0,False,False,Middle,109169.22600000001,0.5758812015097259,1,15568742
663,1,52,0,136298.65,1,1,0,144593.3,1,False,True,Senior,136298.65,0.7435870346960338,1,15693764
646,0,38,2,0.0,2,0,0,178752.73,0,False,False,Middle,35750.546,0.4968606805981324,0,15714260
707,1,35,2,0.0,3,1,1,94148.3,0,False,False,Middle,18829.66,0.13464375447083216,0,15798200
602,1,34,5,0.0,2,1,1,77414.45,0,False,False,Middle,38707.225,0.13966075822400917,0,15656627
635,0,47,2,125724.95,2,1,0,63236.97,0,False,False,Senior,138372.34399999998,0.7370496012090848,1,15791111
597,1,67,2,0.0,2,0,1,108645.85,0,False,False,Elder,21729.170000000002,0.6925457348772915,1,15638269
503,1,38,1,0.0,2,1,1,95153.24,0,False,False,Middle,9515.324,0.20196454818206266,0,15807473
524,0,64,5,0.0,1,1,0,136079.64,1,False,True,Elder,68039.82,0.9038568105999278,1,15708534
700,1,46,5,95872.86,1,1,0,98273.01,1,False,False,Senior,145009.365,0.578249819695478,1,15640686
692,1,33,9,0.0,1,1,0,113505.93,1,False,False,Middle,102155.337,0.27229029506705776,0,15588904
562,1,37,2,0.0,1,0,1,52525.15,1,False,False,Middle,10505.03,0.20309083830169467,0,15768763
679,1,37,7,74260.03,1,1,0,194617.98,0,False,False,Middle,210492.616,0.4057057686843679,0,15770543
603,1,35,1,123407.69,1,1,0,152541.89,1,True,False,Middle,138661.87900000002,0.6024269923953265,1,15642162
720,1,33,3,123783.91,2,1,1,142903.44,0,False,True,Middle,166654.942,0.18244604440342657,0,15714046
797,1,24,5,0.0,2,1,0,182257.61,0,False,False,Young,91128.805,0.14420260299062201,0,15575060
594,1,36,6,153880.15,1,0,0,135431.72,0,False,False,Middle,235139.182,0.45551408347328043,0,15812040
529,0,31,7,0.0,2,1,1,175697.87,0,False,False,Middle,122988.50899999999,0.19586846692563253,0,15812073
606,0,32,1,106301.85,2,0,1,59061.25,0,True,False,Middle,112207.975,0.4395617471267476,0,15706810
621,0,40,7,0.0,2,0,1,131283.6,1,False,True,Middle,91898.52000000002,0.3385100735720897,0,15584090
513,0,43,9,0.0,2,1,0,152499.8,0,False,False,Middle,137249.82,0.6030690585285939,1,15810807
753,1,44,3,138076.47,1,1,0,15523.09,1,True,False,Middle,142733.397,0.740072432703535,1,15582033
605,0,30,9,135422.31,1,0,1,186418.85,0,False,False,Young,303199.275,0.2633130603060417,0,15687607
574,0,37,7,0.0,2,1,0,32262.28,0,False,True,Middle,22583.596,0.48561237025707266,0,15588406
726,0,38,5,126875.62,1,1,0,128052.29,0,False,False,Middle,190901.76499999998,0.5804755878868921,1,15784099
611,0,28,3,96381.68,2,1,0,181419.29,0,False,True,Young,150807.467,0.3970073768620068,0,15701352
593,0,41,4,119703.1,2,1,1,109783.29,0,True,False,Middle,163616.416,0.599083998393484,1,15789371
466,1,41,2,152102.18,2,1,0,181879.56,0,True,False,Middle,188478.092,0.7214212516318455,1,15602845
741,0,36,0,127675.39,2,1,0,74260.16,0,True,False,Middle,127675.39,0.7146803176039288,1,15707918
684,0,44,2,133776.86,2,0,1,49865.04,0,True,False,Middle,143749.868,0.6642250040355037,1,15602812
550,0,33,9,72788.03,1,1,1,103608.06,0,False,True,Middle,166035.284,0.27943225753638845,0,15675888
593,1,26,9,76226.9,1,1,0,167564.82,0,False,True,Young,227035.238,0.2550957947572293,0,15591822
601,1,48,9,163630.76,1,0,1,41816.49,1,True,False,Senior,201265.60100000002,0.6227288313266242,1,15738501
676,0,30,5,0.0,2,0,0,179066.58,0,False,True,Young,89533.29,0.36946303541497577,0,15585907
556,0,46,10,0.0,2,0,0,109184.24,0,False,False,Senior,109184.24000000002,0.6444533606323735,1,15579040
719,1,36,3,155423.17,1,1,1,199841.32,0,False,False,Middle,215375.56600000002,0.23094641041452318,0,15804211
850,1,55,0,98710.89,1,1,1,83617.17,1,True,False,Senior,98710.89,0.6995015476897817,1,15736126
649,0,49,2,0.0,1,1,0,84863.85,1,False,True,Senior,16972.77,0.7364142641179882,1,15745399
509,1,41,7,126683.8,1,0,1,114775.53,0,False,True,Middle,207026.671,0.3467540760458564,0,15760749
684,1,33,4,140700.61,1,1,0,103557.93,0,False,False,Middle,182123.78199999998,0.3687030363660485,0,15637118
806,1,30,8,168078.83,1,1,0,85028.36,1,True,False,Young,236101.51799999998,0.48048163901965446,0,15657829
729,1,44,4,107726.93,2,1,0,153064.87,0,False,True,Middle,168952.878,0.552423072298906,1,15738497
683,0,33,9,0.0,2,1,1,38784.42,0,False,False,Middle,34905.977999999996,0.17963712518852765,0,15690695
689,0,63,1,0.0,2,1,1,186526.12,0,False,True,Elder,18652.612,0.7381014476989114,1,15762351
672,0,21,1,35741.69,1,1,0,28789.94,0,True,False,Young,38620.684,0.41472963606124874,0,15791172
602,0,53,5,98268.84,1,0,1,45038.29,1,True,False,Senior,120787.985,0.7955967786612614,1,15598982
739,0,20,4,133800.98,1,0,1,150245.81,0,False,False,Young,193899.304,0.12747396161461266,0,15734765
618,0,21,2,125682.79,1,0,0,57762.0,0,False,False,Young,137235.19,0.30338637922553313,0,15642912
674,0,42,9,0.0,2,1,0,4292.72,0,False,False,Middle,3863.4480000000003,0.5149780838509189,1,15769516
762,1,26,6,130428.78,1,1,0,173365.89,0,False,False,Young,234448.314,0.2400969510871323,0,15789379
790,1,37,6,0.0,2,1,1,119484.01,0,False,True,Middle,71690.406,0.16674319291413733,0,15695103
754,0,27,8,0.0,2,0,0,121821.16,0,False,True,Young,97456.92800000001,0.29562985498111405,0,15801924
729,1,44,6,0.0,2,1,0,151733.43,0,False,False,Middle,91040.058,0.44961013163091984,0,15767804
606,0,47,0,137138.2,2,0,1,53784.22,0,True,False,Senior,137138.2,0.73569910346272,1,15718039
616,1,23,8,73112.95,1,1,1,62733.05,0,False,False,Young,123299.39,0.07939848180346795,0,15579994
772,1,47,9,152347.01,1,0,1,17671.78,0,False,False,Senior,168251.61200000002,0.37045267424940265,0,15595037
652,1,41,8,115144.68,1,1,0,188905.43,0,False,True,Middle,266269.024,0.5421027643457813,1,15600720
743,1,43,5,0.0,2,0,0,113079.19,1,False,False,Middle,56539.595,0.4348316537893215,0,15782608
793,1,39,3,137817.52,1,0,0,83997.79,0,False,False,Middle,163016.857,0.47223886309985696,0,15566894
743,1,45,7,157332.26,1,1,0,125424.42,0,False,True,Middle,245129.354,0.6172247569423743,1,15749123
746,1,37,2,0.0,2,1,0,143194.05,0,False,False,Middle,28638.809999999998,0.3233011611970504,0,15668943
627,0,39,5,124586.93,1,1,0,93132.61,1,True,False,Middle,171153.235,0.7736393689120207,1,15577423
713,1,38,6,116980.78,2,0,1,76038.38,0,False,True,Middle,162603.80800000002,0.24207589870999816,0,15623102
678,0,40,3,128398.38,1,1,0,168658.3,0,False,True,Middle,178995.87,0.6549784394460949,1,15728012
540,1,39,1,0.0,1,0,1,108419.41,0,False,True,Middle,10841.941,0.25155497623834483,0,15683363
615,0,33,3,137657.25,2,1,1,171657.57,0,True,False,Middle,189154.521,0.45626189261158423,0,15699335
415,1,53,5,167259.44,1,1,1,22357.25,0,False,True,Senior,178438.065,0.605257951236035,1,15574369
628,0,45,8,0.0,2,1,0,193903.06,0,False,False,Middle,155122.448,0.6295356239297106,1,15703167
700,1,26,4,119009.57,1,1,0,141926.43,0,False,False,Young,175780.142,0.2415476732475883,0,15754874
623,1,33,2,80002.33,1,1,1,104079.62,0,True,False,Middle,100818.254,0.3147089287136006,0,15723216
623,0,37,4,140211.88,1,1,1,93832.33,0,False,False,Middle,177744.812,0.3650006297969503,0,15725094
679,0,44,3,118742.74,2,1,0,1568.91,0,False,False,Middle,119213.413,0.6753588523487551,1,15647974
632,1,37,1,138207.08,1,1,0,60778.11,1,False,True,Middle,144284.89099999997,0.4928023209065034,0,15583371
790,0,47,10,148636.21,1,0,1,16119.96,1,False,False,Senior,164756.16999999998,0.4912311140976803,0,15772559
514,1,45,1,178827.79,1,1,0,60375.18,0,False,False,Middle,184865.30800000002,0.6625599781712462,1,15711251
491,1,33,5,83134.3,1,1,0,187946.55,0,False,False,Middle,177107.575,0.36764365550561573,0,15719212
753,1,92,3,121513.31,1,0,1,195563.99,0,False,False,Elder,180182.50699999998,0.9541042757488783,1,15764927
693,0,37,6,95900.04,1,1,1,38196.24,0,True,False,Middle,118817.784,0.4971339629609331,0,15731412
679,0,30,1,112543.42,1,1,1,179435.21,0,False,False,Young,130486.94099999999,0.23030768411149202,0,15719170
529,1,34,9,0.0,1,1,1,93208.22,0,False,True,Middle,83887.398,0.16567069169817164,0,15596011
619,0,31,3,141751.82,1,0,1,61531.86,0,False,True,Middle,160211.378,0.30044716653306563,0,15614834
680,0,37,6,124140.57,2,1,0,92826.35,0,False,True,Middle,179836.38,0.5657392811454905,1,15600510
693,1,45,2,116546.59,2,0,0,23140.28,1,True,False,Middle,121174.646,0.746329534403932,1,15625706
834,0,28,6,0.0,1,1,0,74287.53,0,False,False,Young,44572.518000000004,0.2873510025174051,0,15781409
636,0,29,6,157576.47,2,1,1,101102.39,0,False,True,Young,218237.904,0.24211029953354468,0,15722583
538,1,43,5,0.0,2,1,0,126933.73,0,False,True,Middle,63466.865000000005,0.4911966591746317,0,15677243
566,0,44,5,141428.99,2,0,0,68408.74,0,True,False,Middle,175633.36,0.8375508128551972,1,15815070
597,1,35,0,127510.99,1,1,1,155356.34,0,False,True,Middle,127510.99,0.24113879593142218,0,15705899
711,0,29,9,0.0,2,0,1,3234.8,0,False,False,Young,2911.32,0.1357723622059927,0,15701522
606,1,31,10,0.0,2,1,0,195209.4,0,False,False,Middle,195209.40000000002,0.2550102532962735,0,15755978
615,1,51,6,81818.49,1,1,1,169149.38,0,False,True,Senior,183308.11800000002,0.4851296583190808,0,15722090
589,1,36,1,100895.54,1,1,1,68075.14,0,False,False,Middle,107703.05399999999,0.23012964043166712,0,15783526
606,1,45,5,63832.43,1,1,1,93707.8,0,True,False,Middle,110686.33,0.5183497854675192,1,15632125
582,1,29,4,0.0,2,0,0,156153.27,0,False,False,Young,62461.308,0.22983443791472274,0,15688395
710,0,36,4,116085.06,1,1,0,58601.61,0,False,False,Middle,139525.704,0.5380393825149713,1,15666975
467,1,57,1,0.0,2,1,1,114448.77,0,False,False,Senior,11444.877,0.5269486780809991,1,15682211
749,1,30,1,0.0,2,0,1,126551.65,0,False,False,Young,12655.165,0.10452528682972351,0,15637411
564,0,33,2,115761.51,1,0,1,112350.21,1,True,False,Middle,138231.552,0.48672428960264785,0,15591512
730,1,26,6,0.0,2,1,1,185808.7,0,False,True,Young,111485.22000000003,0.08473927564405889,0,15606855
678,1,32,4,139626.01,1,1,1,118235.52,1,True,False,Middle,186920.21800000002,0.31961382592428567,0,15763683
540,0,31,7,0.0,1,0,1,183051.6,1,False,False,Middle,128136.12,0.2165846283438813,0,15641782
767,0,35,6,115576.44,1,0,1,27922.45,0,False,False,Middle,132329.91,0.28758365380115936,0,15677184
615,0,23,4,0.0,2,1,0,196476.19,0,False,False,Young,78590.47600000001,0.23561452251959944,0,15775042
583,0,41,5,77647.6,1,1,0,190429.52,0,True,False,Middle,172862.36000000002,0.7886754742481515,1,15616630
850,0,40,5,0.0,2,1,0,35034.15,0,False,False,Middle,17517.075,0.4796916875256033,0,15800233
651,0,34,10,148962.46,1,1,0,66389.43,1,True,False,Middle,215351.88999999998,0.6863033961283795,1,15588419
798,1,22,8,0.0,2,1,0,107615.43,0,False,False,Young,86092.344,0.11966383309838688,0,15595557
695,1,37,2,0.0,2,1,1,99692.65,0,False,False,Middle,19938.53,0.16714624948491705,0,15626143
497,1,41,5,80542.81,1,0,0,88729.22,1,True,False,Middle,124907.42,0.6986384320155987,1,15566030
739,1,40,4,0.0,2,0,0,173321.65,0,False,False,Middle,69328.66,0.3840009296298083,0,15701412
549,0,34,4,0.0,2,0,0,139463.57,0,False,False,Middle,55785.42800000001,0.4375082573647669,0,15702464
850,1,35,9,102050.47,1,1,1,3769.71,0,False,False,Middle,105443.209,0.1542432893054757,0,15573348
648,1,49,5,0.0,1,1,0,149946.43,1,False,True,Senior,74973.215,0.6102332982516632,1,15704160
679,0,24,6,114948.76,2,0,1,135768.25,0,False,False,Young,196409.71000000002,0.15043817265963963,0,15693704
606,1,39,8,136000.45,2,1,0,31708.53,0,True,False,Middle,161367.274,0.6296822901742796,1,15664752
850,1,32,4,156001.68,2,1,1,151677.31,0,False,False,Middle,216672.604,0.1548364074919477,0,15628292
619,1,41,3,147974.16,2,1,0,170518.83,0,True,False,Middle,199129.809,0.6970089801340377,1,15621195
719,1,44,2,0.0,2,1,0,196582.19,0,False,True,Middle,39316.438,0.47902792044146414,0,15668629
640,1,26,5,90402.77,1,1,1,3298.65,0,True,False,Young,92052.095,0.20230094591462344,0,15635197
710,1,40,5,0.0,2,0,0,162878.96,0,False,False,Middle,81439.48,0.3884257311026033,0,15592761
580,1,31,2,0.0,2,0,1,64014.24,0,False,False,Middle,12802.848,0.12573426532877777,0,15574283
550,1,44,9,0.0,2,1,0,26257.01,0,False,False,Middle,23631.309,0.4446922652455957,0,15598097
841,0,31,3,162701.65,2,1,1,126794.56,0,False,False,Middle,200740.01799999998,0.23262669418789425,0,15711352
760,1,34,2,0.0,2,1,0,164162.44,0,False,False,Middle,32832.488000000005,0.27169651386041344,0,15620751
687,0,30,6,0.0,2,0,0,179206.92,0,False,False,Young,107524.152,0.34282989183944834,0,15656717
753,0,35,5,82453.96,2,0,0,18254.75,0,True,False,Middle,91581.335,0.6532102998933004,1,15643121
661,1,35,9,100107.99,1,1,0,83949.68,0,False,False,Middle,175662.702,0.3624780317258477,0,15723671
699,1,28,7,0.0,2,1,1,22684.78,0,False,False,Young,15879.346,0.08119098362062582,0,15752846
617,0,39,5,83348.89,3,1,0,7953.62,1,True,False,Middle,87325.7,0.7129828813175549,1,15640852
595,0,44,4,96553.52,2,1,0,143952.24,1,True,False,Middle,154134.416,0.8158587769564809,1,15789313
669,1,50,9,201009.64,1,1,0,158032.5,1,False,False,Senior,343238.89,0.7201927815105822,1,15793688
613,0,27,5,125167.74,1,1,0,199104.52,0,False,False,Young,224720.0,0.39554582823137224,0,15770405
782,1,32,9,0.0,1,1,1,87566.97,0,False,False,Middle,78810.273,0.11198461783334146,0,15702561
582,0,43,5,153313.67,1,0,0,170563.73,0,False,False,Middle,238595.53500000003,0.7184146067809927,1,15625964
679,1,30,9,0.0,2,1,0,157871.55,0,False,False,Young,142084.395,0.22290210178811157,0,15761364
611,0,40,2,125879.29,1,1,0,93203.43,0,False,False,Middle,144519.976,0.6441432180809181,1,15590286
455,0,37,6,170057.62,1,0,1,54398.56,0,True,False,Middle,202696.756,0.6007750130149839,1,15587978
621,1,32,1,0.0,2,1,1,168779.47,0,False,False,Middle,16877.947,0.12373105657036734,0,15773242
596,1,48,2,131326.47,1,0,0,1140.02,1,True,False,Senior,131554.474,0.8206247738308884,1,15761053
585,0,56,1,128472.8,1,1,0,186476.91,1,False,True,Senior,147120.491,0.8736570644437227,1,15702095
742,1,32,6,160485.16,1,1,0,29023.03,0,False,False,Middle,177898.978,0.33922202013602104,0,15764253
850,1,42,6,84445.68,3,0,1,60021.34,1,True,False,Middle,120458.484,0.3869148500516858,0,15700801
738,0,40,1,115409.18,2,0,0,180456.8,0,True,False,Middle,133454.86,0.761616505361635,1,15730590
619,1,46,8,62400.48,1,1,1,132498.39,1,False,True,Senior,168399.192,0.36949368577516206,0,15643916
628,0,50,4,143054.56,1,0,1,109608.81,1,False,False,Senior,186898.084,0.6203345741574222,1,15720636
487,1,24,7,133628.09,2,1,1,98570.01,0,False,False,Young,202627.097,0.10333979217810116,0,15795429
513,0,41,9,107135.04,2,1,1,160546.58,0,False,True,Middle,251626.962,0.44046921035555686,0,15609254
563,1,26,7,0.0,2,0,0,6139.74,0,False,True,Young,4297.818,0.19297899910707608,0,15625141
803,0,65,2,151659.52,2,0,1,6930.17,0,False,False,Elder,153045.554,0.818150603371696,1,15810898
607,0,32,7,0.0,3,0,1,10674.62,0,False,True,Middle,7472.234000000001,0.18909102274581532,0,15775797
628,0,51,9,155903.82,2,1,1,71159.84,0,True,False,Senior,219947.676,0.7586813282219571,1,15795246
521,0,49,4,82940.25,2,0,0,62413.01,1,False,True,Senior,107905.454,0.7781089585011977,1,15795275
669,0,50,4,112650.89,1,0,0,166386.22,1,True,False,Senior,179205.378,0.8883295734445379,1,15571869
686,0,41,10,0.0,1,1,0,133086.45,0,False,False,Middle,133086.45,0.5506753904506398,1,15694143
700,1,35,4,95853.39,2,1,0,192933.37,0,True,False,Middle,173026.738,0.5428537980049994,1,15748231
663,0,42,1,82228.67,2,1,0,71359.78,0,False,False,Middle,89364.648,0.6277500156871136,1,15632185
671,0,31,4,0.0,2,0,1,79270.02,0,False,True,Middle,31708.008,0.20036568616974598,0,15806249
651,0,35,1,163700.78,3,1,1,29583.48,1,True,False,Middle,166659.128,0.4995275663795127,0,15743293
728,1,34,4,106328.08,1,1,0,88680.65,0,False,False,Middle,141800.34,0.356974308901952,0,15598157
574,0,34,7,152992.91,1,1,1,134691.2,0,False,False,Middle,247276.75000000003,0.32520245027609895,0,15700946
464,1,38,3,116439.65,1,1,0,75574.48,0,False,False,Middle,139111.994,0.4889238050171265,0,15722692
604,1,27,9,101352.78,1,0,0,30252.3,0,False,True,Young,128579.85,0.25923206273531785,0,15696506
836,0,37,10,0.0,2,1,0,111324.41,0,False,True,Middle,111324.41000000002,0.4440147779821786,0,15728823
511,0,75,9,105609.17,1,0,1,105425.18,0,True,False,Elder,200491.832,0.9573187726548439,1,15808851
518,0,45,8,0.0,2,1,1,36193.07,0,False,False,Middle,28954.456000000002,0.3892241206661149,0,15675231
756,1,67,4,0.0,3,1,1,93081.87,0,False,False,Elder,37232.748,0.6322819330237789,1,15732299
489,0,47,8,103894.38,2,1,1,107625.46,0,False,False,Senior,189994.74800000002,0.5186887434767185,1,15706269
622,1,27,9,139834.93,1,1,1,152733.89,0,False,True,Young,277295.431,0.14504351534602464,0,15590078
652,0,36,6,112518.71,2,0,1,110421.31,0,False,False,Middle,178771.496,0.30875513008135097,0,15776985
625,0,37,7,115895.42,1,1,0,48486.25,0,False,False,Middle,149835.79499999998,0.5542235677760203,1,15756743
521,0,39,3,146408.68,1,0,0,72993.67,0,False,True,Middle,168306.781,0.683740625924622,1,15782364
546,1,34,4,165363.31,2,1,1,25744.13,1,False,False,Middle,175660.962,0.21217248294090285,0,15604093
697,0,45,1,0.0,2,1,0,46807.62,1,False,False,Middle,4680.762000000001,0.6261132062925743,1,15749328
571,1,33,3,71843.15,1,1,0,26772.04,0,True,False,Middle,79874.76199999999,0.5367276905492124,1,15656322
748,1,35,5,105492.53,1,1,1,150057.2,0,False,True,Middle,180521.13,0.20902517084878644,0,15685564
591,1,35,7,183027.25,1,1,1,56028.79,0,False,False,Middle,222247.403,0.233380179500168,0,15785831
814,1,29,1,131968.57,2,1,1,147693.92,0,True,False,Young,146737.962,0.2343924417407638,0,15796218
709,0,45,3,104118.5,1,0,1,174032.0,0,False,False,Middle,156328.1,0.48658898016834945,0,15716218
433,1,27,2,0.0,2,1,1,153698.65,0,False,True,Young,30739.73,0.10984193710037511,0,15572735
781,1,20,0,125023.1,2,1,1,108301.45,0,False,False,Young,125023.1,0.06819611895424907,0,15633840
656,0,30,4,74323.2,1,1,1,22929.08,0,False,False,Young,83494.832,0.21309395729080752,0,15608760
683,1,38,7,109346.13,2,1,0,102665.92,0,False,False,Middle,181212.274,0.4085310302746284,0,15627848
620,1,32,6,0.0,2,1,0,56139.09,0,False,False,Middle,33683.454,0.25013247586650045,0,15792029
637,0,39,3,109698.41,1,1,1,88391.29,1,True,False,Middle,136215.79700000002,0.5731599006838904,1,15617331
525,0,30,5,0.0,2,0,1,149195.44,0,False,True,Young,74597.72,0.20567708069151408,0,15651740
793,0,34,5,127758.09,1,1,0,143357.03,0,True,False,Middle,199436.60499999998,0.6786988604250749,1,15636407
638,1,50,1,102645.48,1,1,0,168359.98,1,True,False,Senior,119481.478,0.8149392562472332,1,15607526
520,1,31,4,93249.4,1,1,0,77335.75,0,False,False,Middle,124183.7,0.3303647830939174,0,15632576
641,1,35,5,0.0,2,1,0,93148.93,0,False,False,Middle,46574.465,0.2999075189441393,0,15581505
840,0,51,1,87779.83,1,0,1,36687.11,1,True,False,Senior,91448.541,0.7513897410143807,1,15612207
504,1,40,5,0.0,2,0,0,146703.36,0,False,True,Middle,73351.68,0.45027902263773517,0,15707242
686,1,38,0,138131.34,1,0,1,115927.85,0,False,False,Middle,138131.34,0.26937618938275915,0,15721937
533,1,38,4,70362.52,2,1,1,104189.46,0,True,False,Middle,112038.304,0.3839748496066964,0,15773852
577,0,32,1,0.0,2,1,0,9902.39,0,False,False,Middle,990.239,0.40556570185371416,0,15719778
445,0,48,7,168286.58,1,1,0,16645.77,1,True,False,Senior,179938.61899999998,0.889932326373323,1,15650538
720,1,44,3,86102.27,1,1,0,180134.88,1,False,False,Middle,140142.734,0.5352500122081457,1,15797475
643,1,25,4,115142.9,1,1,1,148098.95,0,True,False,Young,174382.48,0.20854562198969004,0,15780359
652,0,47,0,126597.89,2,1,1,38798.79,1,True,False,Senior,126597.89,0.718197909324224,1,15737104
663,0,33,2,0.0,2,1,0,153295.0,0,False,False,Middle,30659.0,0.3918741041308559,0,15789936
525,0,30,0,157989.21,2,1,1,100687.67,0,True,False,Young,157989.21,0.44040976987999514,0,15709523
662,0,54,1,187997.15,1,0,0,111442.71,1,False,True,Senior,199141.421,0.8764557919541459,1,15593425
724,1,54,8,172192.49,1,1,1,136902.01,0,True,False,Senior,281714.098,0.7259324143697081,1,15776725
581,1,38,1,133105.47,1,1,0,105732.9,1,True,False,Middle,143678.76,0.6708368232500423,1,15604706
685,1,38,4,0.0,2,1,1,35884.91,0,False,True,Middle,14353.964000000002,0.19061757222154657,0,15790958
595,1,46,10,0.0,1,1,0,73489.15,1,False,False,Senior,73489.15000000001,0.5065711407162393,1,15747534
588,0,21,8,0.0,2,1,1,110114.19,0,False,False,Young,88091.35200000001,0.09240995408422992,0,15574237
647,1,35,3,192407.97,1,1,1,40145.28,0,True,False,Middle,204451.554,0.4156837445595166,0,15690332
785,0,38,9,107199.75,1,0,0,146398.51,0,True,False,Middle,238958.409,0.7359936116857475,1,15661290
794,0,55,6,115796.7,1,1,0,160526.36,1,True,False,Senior,212112.516,0.9119372244167068,1,15651883
823,1,37,5,164858.18,1,1,1,173516.71,0,False,False,Middle,251616.53499999997,0.2366673622709944,0,15808905
687,1,38,4,117633.28,1,0,1,88396.6,0,True,False,Middle,152991.92,0.4189770253983458,0,15715532
850,0,28,9,0.0,2,1,0,185821.41,0,False,False,Young,167239.269,0.2798305123516833,0,15786078
496,0,36,7,0.0,2,0,0,108098.28,0,False,False,Middle,75668.796,0.47542635580606496,0,15652401
527,0,30,6,126663.51,1,1,1,162267.91,0,True,False,Young,224024.256,0.42972829324212003,0,15673074
576,0,71,6,140273.47,1,1,1,193135.25,1,True,False,Elder,256154.62,0.947673684530717,1,15598744
525,0,60,7,0.0,2,0,1,168034.9,0,False,True,Senior,117624.43000000001,0.7247306685963698,1,15785975
727,1,21,8,153344.72,1,1,1,163295.87,0,True,False,Young,283981.41599999997,0.1679100918057247,0,15613180
671,0,23,9,123943.18,1,1,1,159553.27,0,True,False,Young,267541.123,0.2806698140507745,0,15584229
625,1,39,5,0.0,1,1,0,99800.87,0,False,False,Middle,49900.435,0.39354545551221704,0,15773804
643,1,33,7,98630.31,2,1,1,40250.82,0,True,False,Middle,126805.88399999999,0.28002683063941997,0,15699515
707,0,33,2,58036.33,1,1,1,83335.78,0,False,False,Middle,74703.486,0.24680694313191562,0,15705313
539,1,28,5,0.0,2,1,0,48382.4,0,False,True,Young,24191.2,0.22838968969762716,0,15693817
498,1,45,7,109200.74,2,0,1,165990.44,0,True,False,Middle,225394.048,0.5599233445935553,1,15673790
696,0,30,0,0.0,2,1,1,9002.8,0,False,True,Young,0.0,0.19835437465244038,0,15674868
758,0,33,7,0.0,1,1,0,188156.34,0,False,False,Middle,131709.438,0.40005582583424465,0,15692110
685,0,33,6,0.0,2,0,1,186785.01,0,False,False,Middle,112071.00600000001,0.20907013422819848,0,15645904
655,0,30,1,83173.98,2,1,1,184259.6,0,True,False,Young,101599.94,0.35606597297666653,0,15581332
747,0,40,3,0.0,1,0,0,57817.84,1,False,False,Middle,17345.352,0.5433494230458402,1,15808544
601,1,24,7,0.0,2,0,0,144660.42,0,False,True,Young,101262.29400000001,0.18039174460366522,0,15734948
477,1,22,5,82559.42,2,0,0,163112.9,1,False,False,Young,164115.87,0.1904846790628377,0,15654531
558,1,32,5,73494.21,1,0,0,136301.1,0,False,False,Middle,141644.76,0.3374955485578824,0,15637774
586,1,29,2,132450.24,1,1,1,36176.63,0,False,True,Young,139685.566,0.1737569222400473,0,15677141
850,1,49,6,128663.9,1,1,0,65769.3,1,False,False,Senior,168125.48,0.6219072904975108,1,15739578
505,0,36,2,79951.9,1,0,1,174123.16,1,False,False,Middle,114776.532,0.3390585337853096,0,15697360
591,0,51,8,132508.3,1,1,1,161304.68,1,True,False,Senior,261552.044,0.7863126930728467,1,15655213
761,0,38,1,120530.13,2,1,0,109394.62,0,True,False,Middle,131469.592,0.7315958293480961,1,15580872
554,0,35,10,74988.59,2,0,1,190155.13,0,False,False,Middle,265143.72,0.2980087154725818,0,15683213
774,0,47,6,94722.88,1,0,1,61450.96,0,False,False,Senior,131593.456,0.49330272093426475,0,15801188
771,0,33,5,0.0,2,1,0,8673.43,0,False,True,Middle,4336.715,0.3865566563415722,0,15645029
792,1,31,6,71269.89,2,0,1,125912.77,0,False,False,Middle,146817.552,0.12472146277075788,0,15633181
673,0,41,9,98612.1,1,1,0,151349.35,0,True,False,Middle,234826.515,0.7830291889609001,1,15598259
765,1,40,6,138033.55,1,1,1,67972.45,0,False,False,Middle,178817.02,0.26413979918073854,0,15576000
748,0,41,2,91621.69,1,1,1,71139.31,0,False,False,Middle,105849.552,0.39343390963424374,0,15766047
422,1,54,3,140014.42,1,0,1,86350.97,0,False,False,Senior,165919.711,0.59949475275081,1,15596339
568,1,27,5,126815.97,2,0,1,118648.12,0,False,True,Young,186140.03,0.13873123620798966,0,15715199
502,0,64,3,139663.37,1,0,1,100995.11,0,False,False,Elder,169961.903,0.8408930914515712,1,15615938
524,0,28,7,0.0,2,0,1,147100.72,0,False,False,Young,102970.50400000002,0.1646181507274511,0,15679991
689,1,34,1,165312.27,1,1,0,155495.63,0,False,False,Middle,180861.83299999998,0.4053996276948702,0,15626135
661,1,26,8,0.0,2,0,0,196875.87,0,False,False,Young,157500.696,0.18688247827935334,0,15792934
606,1,33,8,0.0,2,1,1,63176.77,0,False,True,Middle,50541.416,0.1352804655203628,0,15744046
678,0,54,1,123699.28,2,0,1,105221.76,0,True,False,Senior,134221.456,0.8064344315746456,1,15700826
636,0,29,3,97325.15,1,0,1,131924.38,0,True,False,Young,136902.464,0.38295138397416273,0,15756301
647,1,32,5,97041.16,1,1,1,23132.73,0,False,False,Middle,108607.52500000001,0.1594046429801453,0,15586517
732,1,36,5,0.0,2,1,0,161428.25,0,False,False,Middle,80714.125,0.3068350963920339,0,15751297
646,1,50,0,104129.24,2,1,0,181794.86,1,False,False,Senior,104129.24,0.646946843337372,1,15710365
559,0,43,1,0.0,1,0,1,86634.3,0,False,False,Middle,8663.43,0.4145680303146193,0,15679307
581,1,28,3,104367.5,1,1,1,29937.75,0,False,False,Young,113348.825,0.13634523448985125,0,15610753
565,1,46,7,135369.71,1,0,1,140130.22,0,False,False,Senior,233460.864,0.4117366748883284,0,15811036
657,0,41,6,112119.48,1,1,0,17536.82,0,False,True,Middle,122641.572,0.648185761038471,1,15610912
847,1,66,7,123760.68,1,0,1,53157.16,0,False,False,Elder,160970.69199999998,0.708386901473591,1,15619932
558,0,41,6,0.0,1,1,1,143585.29,1,False,False,Middle,86151.174,0.35733705085341977,0,15746199
596,1,57,6,0.0,2,1,1,72402.0,0,False,True,Senior,43441.200000000004,0.5123972958500027,1,15584967
579,1,39,5,0.0,2,0,1,39891.84,0,False,False,Middle,19945.92,0.1991633817130125,0,15734365
741,0,36,3,0.0,2,1,1,89804.83,0,False,False,Middle,26941.449,0.23526588360395717,0,15726960
613,1,44,3,0.0,2,0,1,136491.72,0,False,False,Middle,40947.516,0.27142701056789975,0,15665177
694,1,31,5,0.0,1,1,0,35593.18,0,False,True,Middle,17796.59,0.2671539422160701,0,15779915
729,0,42,7,0.0,2,1,0,58268.2,1,False,True,Middle,40787.74,0.5583309100472977,1,15729110
480,0,42,1,152160.21,2,1,0,101778.9,0,False,False,Middle,162338.09999999998,0.6968186229520311,1,15575399
666,0,59,5,0.0,2,1,1,185123.09,0,False,False,Senior,92561.545,0.6565254690262282,1,15678374
575,1,24,2,0.0,2,1,1,119927.81,0,False,False,Young,23985.562,0.07396269745955168,0,15792679
850,1,36,3,0.0,2,1,0,195033.07,0,False,False,Middle,58509.921,0.28897974903009094,0,15668767
740,1,36,4,172381.8,1,1,1,86480.29,0,False,False,Middle,206973.916,0.23530979309546082,0,15761886
588,1,41,6,106116.56,2,1,0,198766.61,0,True,False,Middle,225376.526,0.6805888882109327,1,15583076
681,1,36,5,141952.07,1,1,1,185144.08,0,False,False,Middle,234524.11,0.23066519146317424,0,15815615
611,0,33,7,0.0,2,1,1,3729.89,0,False,True,Middle,2610.9230000000002,0.2092130667462103,0,15591942
589,0,37,6,138497.84,1,0,1,18988.58,0,False,False,Middle,149890.988,0.3622002908325052,0,15724924
717,0,34,1,0.0,2,1,0,119313.74,0,False,True,Middle,11931.374000000002,0.43250739738984856,0,15762123
556,1,33,3,124213.36,2,1,0,62627.55,0,True,False,Middle,143001.625,0.5512042589243044,1,15567893
850,1,37,4,126872.6,1,1,0,197266.58,0,False,False,Middle,205779.23200000002,0.40697098483307853,0,15648989
685,0,42,2,0.0,2,0,0,199992.48,0,False,True,Middle,39998.49600000001,0.591967495547419,1,15662021
713,0,37,8,0.0,1,1,1,16403.41,0,False,False,Middle,13122.728000000001,0.24351621863956951,0,15691627
437,0,26,1,120923.52,1,0,1,78854.57,0,False,False,Young,128808.977,0.22576966019628972,0,15731751
605,1,47,7,142643.54,1,1,0,189310.27,0,False,True,Senior,275160.729,0.6763742880804375,1,15635277
758,1,41,10,79857.64,1,1,1,78088.17,0,True,False,Middle,157945.81,0.4022929158923529,0,15655252
600,1,46,10,95502.21,1,0,0,19842.18,0,False,False,Senior,115344.39000000001,0.5623021127135212,1,15803941
827,1,38,5,0.0,2,0,0,103305.01,0,False,False,Middle,51652.505000000005,0.32924329680835107,0,15714380
608,1,23,8,197715.93,2,1,1,116124.28,0,True,False,Young,290615.354,0.20186783905949185,0,15666559
608,0,30,8,85859.76,1,0,0,142730.27,0,False,False,Young,200043.976,0.42706070496672877,0,15799998
554,1,44,7,85304.27,1,1,1,58076.52,0,False,False,Middle,125957.834,0.32407679109175547,0,15703763
683,0,35,1,132371.3,2,0,0,186123.57,0,True,False,Middle,150983.65699999998,0.7025746156875016,1,15795640
660,1,33,4,0.0,1,1,0,29664.45,0,False,True,Middle,11865.78,0.309059588132225,0,15780056
628,0,31,5,0.0,1,0,0,147963.07,1,False,False,Middle,73981.53500000002,0.38942796766812926,0,15777873
668,1,39,4,79896.0,1,1,0,38466.39,0,True,False,Middle,95282.556,0.6306294640720781,1,15584749
776,0,29,5,0.0,2,1,1,143301.49,0,False,False,Young,71650.745,0.1469916428049253,0,15765258
820,1,36,4,0.0,2,1,0,31422.69,0,False,False,Middle,12569.076000000001,0.2906274308789187,0,15623346
665,1,36,1,0.0,2,0,1,121505.61,0,False,False,Middle,12150.561000000002,0.16492675534384477,0,15614054
850,1,31,4,146587.3,1,1,1,89874.82,0,True,False,Middle,182537.228,0.28063148270790556,0,15766185
703,0,42,7,0.0,2,0,1,72500.68,0,False,False,Middle,50750.475999999995,0.3257671275276785,0,15667632
506,1,32,8,0.0,2,0,1,182692.8,0,False,True,Middle,146154.24,0.15257028584879012,0,15599024
588,1,32,3,109109.33,1,0,1,4993.94,0,False,True,Middle,110607.512,0.20086221506506355,0,15798709
622,0,26,8,0.0,2,1,1,124964.82,0,False,True,Young,99971.85600000001,0.14189682699764664,0,15741921
606,1,34,5,0.0,1,1,0,161971.42,0,False,False,Middle,80985.71000000002,0.3133151335014423,0,15793671
517,1,56,9,142147.32,1,0,0,39488.04,1,False,False,Senior,177686.556,0.7792131150587177,1,15797900
758,0,43,10,0.0,2,1,1,55313.44,0,False,True,Middle,55313.44,0.33277394378678593,0,15667932
677,0,49,3,0.0,2,1,1,187811.71,0,False,False,Senior,56343.513000000006,0.4655229154086385,0,15795933
827,0,35,0,0.0,2,0,1,184514.01,0,False,True,Middle,0.0,0.2334349176893077,0,15660403
729,0,36,8,109106.8,1,0,0,121311.12,0,False,False,Middle,206155.696,0.5313336336457282,1,15736299
654,1,36,2,112262.84,1,1,0,12873.39,0,False,False,Middle,114837.518,0.4227904326412472,0,15759034
654,0,36,5,0.0,2,0,0,157238.05,0,False,True,Middle,78619.02500000001,0.48430806515531327,0,15724663
619,1,52,8,0.0,2,1,1,123242.11,0,False,True,Senior,98593.68800000001,0.41472318765319927,0,15594556
642,1,26,8,144238.7,1,1,1,184399.76,0,False,True,Young,291758.50800000003,0.13925285810989046,0,15737169
472,0,32,1,159397.75,1,0,1,57323.18,0,False,True,Middle,165130.068,0.3615400394268351,0,15632472
470,1,30,4,125385.01,1,1,0,68293.93,0,False,True,Young,152702.582,0.3658743860052426,0,15722813
633,0,60,8,69365.25,1,1,1,10288.24,0,False,False,Senior,77595.842,0.7073885127215221,1,15588450
602,1,31,7,155271.83,1,1,1,179446.31,0,False,False,Middle,280884.247,0.1833451987752153,0,15736717
640,1,29,5,197200.04,2,1,0,141453.62,0,False,True,Young,267926.85,0.3445333894729732,0,15680683
454,0,48,5,144837.79,1,1,1,93151.77,0,False,True,Senior,191413.67500000002,0.6282879182806004,1,15710316
562,0,57,3,0.0,3,1,0,6554.97,1,False,False,Senior,1966.491,0.8022476700682365,1,15746333
636,1,34,8,0.0,2,1,0,38570.13,0,False,False,Middle,30856.104,0.26580889703708077,0,15606861
621,1,50,3,163085.79,1,0,1,131048.36,0,False,True,Senior,202400.298,0.5301832566717726,1,15641285
795,1,38,7,125903.22,2,1,1,127068.92,0,True,False,Middle,214851.464,0.37004676191895575,0,15662908
550,1,22,6,154377.3,1,1,1,51721.52,0,False,False,Young,185410.212,0.09791804881794214,0,15814267
630,1,41,7,107511.52,1,0,1,46156.87,0,False,True,Middle,139821.329,0.3052472524862041,0,15614923
573,1,30,8,127406.5,1,1,0,192950.6,0,True,False,Young,281766.98,0.5193399186875172,1,15579223
561,1,24,8,143656.55,1,0,1,180932.46,0,False,True,Young,288402.518,0.131735649243897,0,15651389
662,0,39,5,138106.75,1,0,0,19596.73,0,False,False,Middle,147905.115,0.6179757934587192,1,15677087
637,1,27,9,128940.24,1,1,0,46786.92,0,False,False,Young,171048.468,0.2448270011257785,0,15665784
651,1,37,9,114453.58,1,0,1,175820.91,0,True,False,Middle,272692.39900000003,0.40871829215403943,0,15576706
646,0,33,2,0.0,2,0,0,198208.0,0,False,False,Middle,39641.600000000006,0.4004428911528314,0,15615473
567,0,48,3,0.0,1,1,0,55362.45,0,False,False,Senior,16608.734999999997,0.7078646781498964,1,15587299
638,1,41,1,131762.94,1,1,1,47675.29,0,False,False,Middle,136530.469,0.31799935776248794,0,15655389
725,0,31,6,0.0,1,0,0,61326.43,0,False,False,Middle,36795.858,0.3615738256455937,0,15784491
709,0,41,3,150300.65,2,1,0,71672.86,0,False,False,Middle,171802.508,0.6365024287795441,1,15809999
787,1,39,10,108935.39,1,1,1,101168.3,0,False,True,Middle,210103.69,0.2453636034022223,0,15681115
653,1,37,7,135847.47,1,1,0,144880.81,0,False,False,Middle,237264.037,0.4428816820083265,0,15629390
661,1,37,7,109908.06,2,1,0,115037.67,1,True,False,Middle,190434.429,0.587079488587627,1,15792668
681,1,49,8,142946.18,1,0,0,187280.51,1,True,False,Senior,292770.588,0.8231837500340087,1,15583863
436,1,45,3,104339.11,2,1,1,183540.22,1,True,False,Middle,159401.176,0.5588994971823732,1,15681878
663,1,33,5,157274.36,2,1,1,28531.81,0,False,False,Middle,171540.26499999998,0.17896466241998094,0,15782875
662,1,64,0,98848.19,1,0,1,42730.12,0,False,False,Elder,98848.19,0.7244422340018629,1,15732235
607,0,39,8,105103.33,1,1,0,104721.5,1,True,False,Middle,188880.53000000003,0.7605335526313881,1,15735909
754,1,34,7,0.0,2,1,1,65219.85,0,False,False,Middle,45653.895000000004,0.1220621843660016,0,15653448
850,0,66,0,127120.62,1,0,1,118929.64,1,True,False,Elder,127120.62,0.9116326263585829,1,15587647
578,1,39,2,0.0,2,1,0,70563.9,0,False,False,Middle,14112.779999999999,0.391180130094871,0,15701037
666,0,36,3,129118.5,2,0,0,139435.12,0,True,False,Middle,170949.036,0.7213150794285655,1,15727499
599,0,43,4,0.0,1,1,0,170347.1,0,False,False,Middle,68138.84000000001,0.6147075515385448,1,15724838
586,0,46,0,0.0,3,0,1,131553.82,1,False,False,Senior,0.0,0.4172897820534497,0,15666711
825,0,36,3,146053.66,1,1,1,138344.7,0,False,False,Middle,187557.07,0.32085675730358104,0,15588933
808,0,67,10,124577.15,1,0,1,169894.4,0,False,True,Elder,294471.55000000005,0.8507037188355004,1,15763111
515,1,29,4,151012.55,2,1,0,9770.97,0,False,True,Young,154920.938,0.33418748650383817,0,15805676
663,0,58,5,216109.88,1,0,1,74176.71,1,False,True,Senior,253198.23500000002,0.7974586435861881,1,15586674
444,1,34,2,144318.97,1,1,0,112668.06,0,False,False,Middle,166852.582,0.4368878972110134,0,15744553
650,0,39,4,0.0,2,0,0,186275.7,0,False,False,Middle,74510.28000000001,0.5166539877844085,1,15776629
609,1,26,7,0.0,2,1,0,98463.99,0,False,False,Young,68924.793,0.1758381843283811,0,15647207
824,1,77,3,27517.15,2,0,1,2746.41,0,True,False,Elder,28341.073,0.9058566673136976,1,15715638
662,1,29,5,147092.65,1,1,0,10928.3,0,False,False,Young,152556.8,0.29840568437281684,0,15750602
699,0,51,2,92246.14,2,0,1,91346.03,0,True,False,Senior,110515.346,0.7475366039352305,1,15766810
752,0,41,8,0.0,2,1,0,139844.04,1,False,False,Middle,111875.23200000002,0.5206657706720919,1,15756625
603,0,40,8,148897.02,1,0,0,105052.9,0,True,False,Middle,232939.34,0.8009476494710283,1,15639552
628,1,50,8,0.0,1,0,0,144366.83,1,False,True,Senior,115493.46399999999,0.6364361758414842,1,15633213
745,0,36,9,0.0,1,1,0,19605.18,1,False,False,Middle,17644.662,0.41484909961444294,0,15610416
804,0,33,10,138335.96,1,1,1,80483.76,0,True,False,Middle,218819.72,0.41771949304178896,0,15715208
454,0,50,10,92895.56,1,1,0,154344.0,1,True,False,Senior,247239.56,0.8929054689751615,1,15619608
631,1,46,9,160736.63,1,0,1,93503.02,0,False,True,Senior,244889.348,0.42857913395128716,0,15628697
503,1,32,4,0.0,2,1,1,153036.97,0,False,False,Middle,61214.788,0.1331029083004849,0,15643826
548,0,37,9,0.0,2,0,0,98029.58,0,False,False,Middle,88226.622,0.47649152530515615,0,15718588
668,1,28,4,107141.27,1,1,0,193018.71,0,False,False,Young,184348.75400000002,0.2702317452746354,0,15709741
619,0,55,0,0.0,3,0,0,60810.64,1,False,False,Senior,0.0,0.7859831588193278,1,15723318
842,0,37,4,132446.08,2,1,0,87071.18,1,False,False,Middle,167274.552,0.5222497574232221,1,15717328
707,0,57,1,92053.0,1,1,1,164064.44,1,False,False,Senior,108459.444,0.6913556246665088,1,15771299
715,1,38,2,96798.79,2,1,1,4554.67,0,False,True,Middle,97709.72399999999,0.24221214876257946,0,15706223
573,1,35,9,134498.54,2,1,1,119924.8,0,True,False,Middle,242430.86000000002,0.35353355426117555,0,15612358
509,1,55,8,132387.91,2,1,1,170360.11,0,False,False,Senior,268675.998,0.5651729950401277,1,15769191
670,0,40,2,147171.2,1,0,1,69850.04,0,True,False,Middle,161141.208,0.6243664336813939,1,15618816
613,1,44,9,100524.69,1,1,1,47298.95,0,False,True,Middle,143093.745,0.3359158132703595,0,15730810
678,0,26,1,0.0,2,1,0,45443.68,0,False,False,Young,4544.368,0.28186967269463636,0,15783463
555,0,51,9,138214.5,1,1,0,198715.27,1,True,False,Senior,317058.243,0.9089781663548383,1,15616213
777,0,30,4,0.0,2,0,1,115611.97,0,False,False,Young,46244.788,0.1619176771340509,0,15611287
552,1,55,3,0.0,1,1,1,40333.94,0,False,True,Senior,12100.182,0.5200869422306172,1,15786454
640,1,39,3,0.0,1,1,1,105997.25,0,False,True,Middle,31799.175000000003,0.22748235872928757,0,15768682
541,1,34,3,128743.55,1,1,0,134851.12,0,False,False,Middle,169198.886,0.40620823524848154,0,15766172
756,1,31,10,122647.32,1,0,0,61666.87,0,False,False,Middle,184314.19,0.29114192513613807,0,15637646
684,0,24,9,79263.9,1,0,1,196574.48,0,False,True,Young,256180.932,0.1706509853834511,0,15653404
618,0,42,2,0.0,4,0,0,111097.39,1,False,False,Middle,22219.478000000003,0.5371580979632165,1,15690546
604,0,53,2,121389.78,1,1,1,48201.64,1,False,False,Senior,131030.108,0.6648117638396716,1,15735636
624,1,38,7,123906.55,1,1,0,135096.78,0,False,True,Middle,218474.296,0.4848317005533479,0,15605424
661,1,38,7,143006.7,1,1,1,15650.89,0,False,True,Middle,153962.323,0.2617689682753402,0,15568449
627,0,28,3,157597.61,1,0,1,34097.22,0,False,True,Young,167826.77599999998,0.2618133842233609,0,15688085
812,1,38,3,127117.8,2,1,1,174822.74,0,False,True,Middle,179564.622,0.23606670576425698,0,15683483
473,0,39,9,117103.26,2,1,1,85937.52,1,False,False,Middle,194447.028,0.3703928714024856,0,15659567
717,1,36,2,102989.83,2,0,1,49185.57,0,False,True,Middle,112826.944,0.22171722549039038,0,15766667
693,1,28,1,145118.83,1,0,1,77742.38,0,False,True,Young,152893.068,0.16294015380150711,0,15624975
705,1,92,1,126076.24,2,1,1,34436.83,0,False,False,Elder,129519.92300000001,0.9534257182770355,1,15660878
661,1,41,5,0.0,1,0,1,88279.6,0,False,False,Middle,44139.8,0.23357697461703508,0,15586557
573,0,27,4,0.0,2,1,1,157549.6,0,False,False,Young,63019.840000000004,0.14690800569087153,0,15746183
639,1,37,5,98186.7,1,0,1,173386.95,0,False,False,Middle,184880.175,0.2342229159288119,0,15631457
718,0,67,7,0.0,3,1,1,82782.08,0,False,False,Elder,57947.456000000006,0.7441429910855715,1,15754053
570,1,37,6,0.0,1,1,1,187758.5,0,False,False,Middle,112655.1,0.19281567623234358,0,15645839
461,0,40,7,0.0,2,1,0,176547.8,0,False,False,Middle,123583.45999999999,0.561697572004186,1,15689955
638,0,33,5,129335.65,1,1,1,56585.2,1,True,False,Middle,157628.25,0.46090760315410995,0,15593510
608,1,48,7,75801.74,1,1,0,125762.95,0,False,True,Senior,163835.805,0.6418568063988834,1,15654964
599,1,42,6,0.0,2,1,0,113868.4,0,False,True,Middle,68321.04,0.45724043185218194,0,15594039
762,0,44,7,159316.64,1,0,0,24780.13,0,False,False,Middle,176662.73100000003,0.6892881029668516,1,15625929
662,0,38,2,96479.81,1,1,0,120259.41,0,False,False,Middle,120531.692,0.5778573922867829,1,15815295
747,1,29,7,117726.33,1,1,1,175398.34,0,True,False,Young,240505.168,0.2523522902733756,0,15621818
539,1,39,6,0.0,2,1,1,86767.48,0,False,False,Middle,52060.488000000005,0.19777591896122082,0,15652700
625,1,43,4,122351.29,1,1,0,71216.6,0,False,False,Middle,150837.93,0.5552676261456703,1,15636860
656,0,48,9,0.0,2,1,1,85240.61,1,False,False,Senior,76716.549,0.4277811898759785,0,15569432
469,0,48,5,0.0,1,1,0,160529.71,1,False,False,Senior,80264.855,0.7199234016032621,1,15751455
621,0,43,8,0.0,1,0,0,102806.6,0,False,True,Middle,82245.28000000001,0.6312813274462085,1,15800583
754,0,27,7,0.0,2,1,0,144134.64,0,False,False,Young,100894.24800000002,0.2709915507797039,0,15770214
679,0,50,6,132598.38,2,1,1,184017.98,0,True,False,Senior,243009.168,0.7471827393394347,1,15613463
535,1,38,2,119272.29,1,0,0,195896.59,1,False,False,Middle,158451.608,0.4832106685833277,0,15587066
487,1,37,2,0.0,2,1,1,126722.57,0,False,False,Middle,25344.514000000003,0.18799539603321772,0,15693752
850,0,42,3,0.0,2,1,1,176883.42,0,False,False,Middle,53065.026000000005,0.3095503429822751,0,15714874
585,1,55,10,106415.57,3,1,1,122960.98,1,False,False,Senior,229376.55000000002,0.49535628723730435,0,15657809
603,1,31,4,0.0,2,0,1,9607.1,0,False,False,Middle,3842.84,0.1188098234469965,0,15651955
728,0,32,9,127772.1,2,1,1,152643.48,0,True,False,Middle,265151.232,0.40644078352485286,0,15570912
621,1,41,5,104631.67,1,1,1,95551.22,0,False,True,Middle,152407.28,0.3109345475070475,0,15640266
833,1,30,1,0.0,2,1,0,141860.62,0,False,False,Young,14186.062,0.20821141892524114,0,15652069
502,1,37,10,0.0,1,1,1,76642.68,0,False,False,Middle,76642.68,0.18051845412411188,0,15596074
825,1,37,6,118050.79,1,0,1,52301.15,0,True,False,Middle,149431.47999999998,0.36511339548622507,0,15800268
668,1,46,0,0.0,2,0,0,29388.02,0,False,False,Senior,0.0,0.5338175402934721,1,15809847
487,0,40,6,136093.74,1,0,1,193408.43,0,False,True,Middle,252138.798,0.4832167548313059,0,15599074
600,0,39,7,88477.36,2,1,0,58632.37,0,True,False,Middle,129520.019,0.7313945487500825,1,15599591
606,1,34,3,161572.24,1,0,1,191076.22,0,False,True,Middle,218895.106,0.2476398338594915,0,15776096
623,1,50,7,126608.37,1,0,1,645.61,1,True,False,Senior,127060.29699999999,0.6362097839016965,1,15611669
575,0,54,9,68332.96,1,1,1,144390.75,0,False,False,Senior,198284.635,0.6403170645634587,1,15694098
577,1,48,6,179852.26,1,1,0,193580.32,0,False,True,Senior,296000.452,0.7180159495711469,1,15713347
651,0,25,8,0.0,2,1,1,126761.2,0,False,False,Young,101408.96,0.11852209385845151,0,15713094
693,1,46,2,104763.41,1,1,1,62368.33,0,True,False,Senior,117237.076,0.562995324348881,1,15811978
800,1,60,6,88541.57,2,1,1,131718.12,0,False,False,Senior,167572.442,0.5735306887089778,1,15799925
760,1,38,6,162888.73,1,1,0,91098.76,1,False,False,Middle,217547.986,0.45547223726849384,0,15692575
711,0,35,8,0.0,1,1,1,67508.01,0,False,False,Middle,54006.407999999996,0.2244957105197108,0,15743149
637,1,43,8,0.0,1,1,0,12156.93,1,False,True,Middle,9725.544,0.4642628668419605,0,15776947
662,1,32,9,0.0,2,0,0,65089.38,0,False,False,Middle,58580.441999999995,0.2406293084670657,0,15700656
568,0,44,7,0.0,2,0,0,62370.67,1,False,False,Middle,43659.469000000005,0.6067874506002255,1,15594515
692,0,30,7,0.0,2,1,1,18826.34,0,False,False,Young,13178.438000000002,0.1519634057026556,0,15787884
614,0,35,1,0.0,2,1,1,3342.62,0,False,False,Middle,334.262,0.2514069563947827,0,15577988
478,1,35,1,92474.05,1,1,0,178626.07,0,False,False,Middle,110336.657,0.40996099026980126,0,15795586
562,1,36,6,0.0,2,1,0,32845.32,0,False,False,Middle,19707.192,0.3187656500981536,0,15677739
709,1,30,9,115479.48,2,1,1,134732.99,0,True,False,Young,236739.17099999997,0.2454091232537329,0,15720134
684,0,26,5,87098.91,1,0,0,106095.82,0,False,False,Young,140146.82,0.3429658613796311,0,15688868
546,0,42,9,86351.85,2,1,0,57380.13,0,True,False,Middle,137993.967,0.7722737382048102,1,15642996
779,0,42,5,0.0,2,0,0,25951.91,0,False,False,Middle,12975.955000000002,0.5393322142390482,1,15771222
576,1,63,3,148843.56,1,1,0,69414.13,1,True,False,Elder,169667.799,0.9349105344369327,1,15605059
481,1,44,3,163714.52,1,1,0,96123.72,0,True,False,Middle,192551.636,0.7869807783744321,1,15568088
445,1,25,6,0.0,2,1,0,119425.94,0,False,False,Young,71655.564,0.18564985849609777,0,15665943
606,1,36,0,94153.56,1,0,1,120138.27,0,False,True,Middle,94153.56,0.24839209740305088,0,15795571
559,1,50,5,162702.35,1,0,0,150548.5,1,False,False,Senior,237976.6,0.7235342844714182,1,15662243
608,0,56,10,129255.2,2,1,0,142492.04,1,False,False,Senior,271747.24,0.8442601360216129,1,15593128
698,1,41,3,90605.29,1,1,1,14357.0,0,False,False,Middle,94912.39,0.2759560812220503,0,15589739
568,1,39,5,0.0,2,1,1,129569.92,0,False,True,Middle,64784.96,0.217366747010591,0,15787602
528,1,29,3,102787.42,1,1,0,55972.56,0,False,False,Young,119579.188,0.3056605315738741,0,15685019
802,0,39,7,120145.96,2,0,1,59497.01,1,False,False,Middle,161793.86700000003,0.32957656022651,0,15704209
669,1,47,0,63723.78,2,1,1,181928.25,0,True,False,Senior,63723.78,0.5257243608477185,1,15605264
581,0,24,10,159203.71,1,1,1,102517.83,1,False,True,Young,261721.54,0.19138278199033174,0,15708265
640,1,38,9,0.0,2,1,0,88827.67,0,False,False,Middle,79944.903,0.3361670990417612,0,15740264
529,0,44,1,0.0,2,0,0,14161.3,0,False,True,Middle,1416.13,0.6731223156258047,1,15615477
547,0,51,1,0.0,2,1,1,56908.41,0,False,False,Senior,5690.841,0.5412658809383984,1,15727361
718,0,49,10,0.0,1,1,0,184474.72,1,False,False,Senior,184474.72,0.7036010915979327,1,15760216
707,1,34,9,162691.16,2,1,0,94912.78,0,True,False,Middle,248112.662,0.5469673837440743,1,15806134
735,1,43,9,127806.91,1,1,1,73069.59,0,False,False,Middle,193569.541,0.2986175399580698,0,15601351
765,1,43,9,157960.49,2,0,0,136602.8,0,False,False,Middle,280903.01,0.5342601749478334,1,15669262
469,0,52,8,139493.25,3,0,0,150093.32,1,True,False,Senior,259567.90600000002,0.9040919985656222,1,15696989
594,0,21,2,87096.82,2,1,0,168186.11,0,True,False,Young,120734.04200000002,0.42374652858152806,0,15688498
675,0,34,10,84944.58,1,0,0,146230.63,0,False,False,Middle,231175.21000000002,0.4894919744868122,0,15686964
703,1,50,8,160139.59,2,1,1,79314.1,0,False,False,Senior,223590.87,0.43272899637476686,0,15625035
810,1,33,6,0.0,2,1,1,77965.67,0,False,False,Middle,46779.402,0.11268691574738954,0,15618391
715,1,42,6,0.0,2,1,1,128745.69,0,False,True,Middle,77247.414,0.23789169478276853,0,15591344
664,1,40,9,0.0,2,1,0,194767.3,0,False,False,Middle,175290.57,0.3951246893400005,0,15605455
850,1,29,6,0.0,2,1,1,10672.54,0,False,False,Young,6403.524000000001,0.0804983191270294,0,15680804
724,1,36,6,94615.11,2,1,1,10627.21,0,True,False,Middle,100991.436,0.3159755154241612,0,15768282
563,1,30,7,90727.79,1,1,0,122268.75,0,False,False,Young,176315.91499999998,0.3006841787581052,0,15685826
714,1,26,3,119545.48,2,1,0,65482.94,0,True,False,Young,139190.362,0.3865946451972403,0,15793491
614,1,36,1,118311.76,1,1,0,146134.68,0,False,False,Middle,132925.228,0.4258194965850962,0,15797787
740,1,33,1,129574.98,1,1,1,123300.38,0,False,False,Middle,141905.01799999998,0.18300820631482148,0,15611171
587,1,33,8,148163.57,1,0,0,122925.4,0,False,False,Middle,246503.89,0.3905673227710071,0,15601627
465,1,24,5,117154.9,1,1,1,127744.02,0,True,False,Young,181026.91,0.21636727966240407,0,15734085
689,0,40,5,154251.67,1,0,1,118319.5,0,False,True,Middle,213411.42,0.45210558079262075,0,15809309
656,1,30,3,0.0,2,0,1,17104.0,0,False,False,Young,5131.200000000001,0.11024667979208573,0,15809462
579,0,33,1,65667.79,2,0,0,164608.98,0,False,False,Middle,82128.688,0.4588999345122136,0,15634628
716,0,44,1,0.0,1,1,1,152108.47,0,False,False,Middle,15210.847000000002,0.38952876688797466,0,15775678
551,1,42,1,50194.59,1,1,1,23399.58,0,False,False,Middle,52534.547999999995,0.302595605699915,0,15579526
527,0,39,9,96748.89,2,1,0,94711.43,0,True,False,Middle,181989.177,0.7452821402482971,1,15779103
600,0,37,4,0.0,3,1,0,7312.25,1,False,False,Middle,2924.9,0.44978503051536084,0,15738715
685,0,43,1,132667.17,1,1,1,41876.98,0,False,False,Middle,136854.86800000002,0.4782518414632931,0,15593943
738,1,36,5,0.0,2,1,1,96881.32,0,False,True,Middle,48440.66,0.16168423468263182,0,15754574
622,1,41,2,127087.06,1,1,0,102402.91,1,False,False,Middle,147567.642,0.5281752257674514,1,15737814
528,1,34,1,125566.9,1,1,1,176763.27,0,False,False,Middle,143243.22699999998,0.21378194267849704,0,15670889
546,0,52,1,106074.89,1,1,1,23548.45,1,True,False,Senior,108429.735,0.804746736093992,1,15629299
576,1,46,4,137367.94,1,1,1,33450.11,0,True,False,Senior,150747.984,0.5943173807278878,1,15771569
733,0,38,3,157658.36,1,0,0,19658.43,0,False,False,Middle,163555.889,0.61428277296662,1,15811927
727,1,45,6,114422.85,2,1,1,104678.78,1,True,False,Middle,177230.11800000002,0.5055578298075513,1,15785654
605,1,41,5,103154.66,1,0,0,143203.78,0,False,True,Middle,174756.55,0.5447541167206281,1,15665524
586,1,33,9,0.0,1,1,0,6975.02,0,False,False,Middle,6277.518000000001,0.264108915194166,0,15736287
564,0,24,6,149592.14,1,1,1,153771.8,0,False,True,Young,241855.22000000003,0.2016094977334231,0,15765732
593,0,48,3,133903.12,2,1,1,85902.39,1,True,False,Senior,159673.837,0.7298899301253245,1,15797381
736,0,26,0,84587.9,1,0,1,188037.76,0,True,False,Young,84587.9,0.3032129103027049,0,15598536
675,1,32,8,197436.82,1,1,1,52710.7,0,False,True,Middle,239605.38,0.20474115841675403,0,15664506
656,0,32,1,104254.27,1,1,1,17034.37,0,False,True,Middle,105957.70700000001,0.29527498895903526,0,15575619
462,1,39,4,140133.08,2,0,0,131304.45,0,False,False,Middle,192654.86,0.5075596556359038,1,15587394
685,0,30,2,0.0,3,1,1,172576.43,1,False,True,Young,34515.286,0.16918404717254326,0,15654457
850,0,36,0,136980.23,2,1,1,99019.65,0,True,False,Middle,136980.23,0.4828837981444777,0,15762793
636,0,48,3,120568.41,1,1,0,190160.04,1,True,False,Senior,177616.42200000002,0.8729627471254011,1,15658067
850,0,27,7,43658.33,2,1,1,3025.49,0,False,False,Young,45776.173,0.12384781767091518,0,15642816
628,0,37,9,0.0,2,1,1,34689.77,0,False,False,Middle,31220.793,0.2359351162769888,0,15693088
798,1,28,3,0.0,2,1,0,2305.27,0,False,False,Young,691.581,0.18790958654335682,0,15793883
610,0,57,7,72092.95,4,0,1,113228.82,1,False,False,Senior,151353.124,0.6311370599333793,1,15665283
591,0,42,10,0.0,2,0,0,171099.22,0,False,False,Middle,171099.22,0.5846985261465247,1,15680421
614,0,37,9,0.0,2,1,1,62023.1,0,False,True,Middle,55820.79000000001,0.2642152955508522,0,15695148
651,1,35,0,181821.96,2,0,1,36923.67,1,False,False,Middle,181821.96,0.24538045720891535,0,15636592
665,1,25,7,90920.75,1,0,1,112256.57,0,False,False,Young,169500.349,0.10061758561955662,0,15772618
570,1,23,2,0.0,1,0,0,198830.98,0,False,False,Young,39766.196,0.1711885835388974,0,15724453
631,1,29,3,0.0,2,1,1,197963.46,0,False,True,Young,59389.038,0.11026682132004308,0,15565878
586,1,32,1,0.0,2,0,0,31635.99,0,False,False,Middle,3163.599,0.2862725136821672,0,15609160
691,1,30,9,0.0,1,1,0,49594.02,0,False,False,Young,44634.618,0.2167536745154505,0,15678460
639,1,35,8,0.0,2,1,0,170483.9,0,False,False,Middle,136387.12,0.3056151655085913,0,15662571
698,0,27,1,94920.71,1,1,1,40339.9,0,False,False,Young,98954.70000000001,0.1926165496747337,0,15606849
733,1,45,2,113939.36,2,1,0,3218.71,0,True,False,Middle,114583.102,0.7335026032510673,1,15670738
850,1,19,8,0.0,1,1,1,68569.89,0,False,False,Young,54855.912000000004,0.04214549658594494,0,15662641
618,0,31,4,0.0,2,1,0,29176.04,0,False,False,Middle,11670.416000000001,0.35857615272165383,0,15727539
473,0,25,6,110666.42,2,0,0,46758.42,0,False,False,Young,138721.472,0.3438974339195283,0,15651020
490,1,39,1,0.0,3,1,0,171060.01,1,False,False,Middle,17106.001,0.37737605747168584,0,15673877
754,0,48,7,141819.02,1,1,0,93550.53,1,True,False,Senior,207304.391,0.8639733840041528,1,15760865
649,0,56,8,156974.26,1,1,0,89405.26,1,False,False,Senior,228498.468,0.8571360508813967,1,15705009
578,1,50,5,151215.34,2,1,0,169804.4,0,False,False,Senior,236117.54,0.6885863882484186,1,15657540
690,1,26,8,116318.23,1,1,1,83253.05,0,False,True,Young,182920.66999999998,0.11659179121105544,0,15707441
610,1,49,6,113882.33,1,1,0,195813.81,1,True,False,Senior,231370.61599999998,0.8131231366880193,1,15694765
596,1,42,7,0.0,2,1,1,121568.37,0,False,False,Middle,85097.859,0.23119212894445418,0,15649086
492,0,48,6,127253.98,1,1,1,92144.09,1,False,False,Senior,182540.434,0.5801109564307931,1,15650488
575,1,41,2,100062.39,1,0,0,126307.25,0,False,True,Middle,125323.84,0.5529413177731695,1,15760924
569,1,66,2,0.0,1,1,0,130784.2,1,False,False,Elder,26156.84,0.8484451943389933,1,15700263
674,0,41,4,126605.14,1,1,1,166694.93,0,False,True,Middle,193283.112,0.45001261890225164,0,15806922
507,0,31,0,106942.08,1,0,1,44001.11,0,False,False,Middle,106942.08,0.29023393147848886,0,15637522
457,1,44,7,0.0,2,0,0,185992.36,0,False,True,Middle,130194.652,0.540485811507767,1,15636548
584,0,41,3,88594.93,1,1,0,178997.89,0,True,False,Middle,142294.297,0.7922365762722714,1,15566891
744,1,29,6,123737.04,2,1,0,141558.04,0,True,False,Young,208671.864,0.4346556014448708,0,15627185
687,0,35,1,110752.15,2,1,1,47921.22,0,False,False,Middle,115544.272,0.29700400266733373,0,15754012
688,0,46,3,0.0,2,0,1,104902.68,0,False,True,Senior,31470.804,0.44424303131112464,0,15627514
519,1,34,5,0.0,1,1,0,68479.6,0,False,False,Middle,34239.8,0.32056592478505674,0,15661433
733,0,38,5,0.0,2,1,1,1271.51,0,False,True,Middle,635.7550000000001,0.27536161732253267,0,15610653
666,1,43,5,0.0,2,1,0,29346.1,0,False,True,Middle,14673.050000000001,0.46043230365436166,0,15667002
511,0,40,1,0.0,1,1,1,184118.73,0,False,True,Middle,18411.873000000003,0.374165525598347,0,15709199
705,0,54,3,125889.3,3,1,0,96013.5,1,True,False,Senior,154693.35,0.8980951991853254,1,15710087
544,1,48,10,78314.63,3,1,1,103713.93,1,False,False,Senior,182028.56,0.3472807328000014,0,15679884
564,0,36,7,206329.65,1,1,1,46632.87,1,False,False,Middle,238972.65899999999,0.3810706755180942,0,15784180
702,1,40,7,145536.9,1,0,1,135334.24,0,False,False,Middle,240270.868,0.29025267058032045,0,15808849
658,1,31,2,77082.65,2,0,0,13482.28,0,True,False,Middle,79779.106,0.4798412087986825,0,15751549
654,0,24,8,145081.73,1,1,1,130075.07,0,False,False,Young,249141.78600000002,0.16915315873655518,0,15588235
649,0,41,4,115897.73,1,1,0,143544.48,0,True,False,Middle,173315.522,0.7964570983844615,1,15640418
597,1,24,0,108058.07,2,1,1,187826.11,0,False,True,Young,108058.07,0.10309265940393406,0,15721116
782,1,33,7,191523.09,1,1,1,167058.75,0,False,False,Middle,308464.21499999997,0.20112546101540357,0,15599084
644,1,38,3,0.0,2,1,1,79928.41,0,False,False,Middle,23978.523,0.18182783585641976,0,15773394
679,0,39,7,91187.9,1,0,1,6075.36,0,False,True,Middle,95440.65199999999,0.3693416531896553,0,15625713
678,0,60,2,0.0,2,1,1,43821.56,0,False,False,Senior,8764.312,0.6783427026012567,1,15766417
806,1,34,5,113958.55,1,0,1,32125.98,0,False,False,Middle,130021.54000000001,0.17681532828502688,0,15622578
668,1,43,1,147167.25,1,0,0,141679.73,0,False,True,Middle,161335.223,0.6057998806508087,1,15799924
659,1,29,9,82916.48,1,1,1,84133.48,0,True,False,Young,158636.612,0.22854130581228346,0,15618363
660,1,34,1,0.0,2,1,0,9692.58,0,False,False,Middle,969.258,0.3018495145820126,0,15637138
601,0,37,5,0.0,1,0,0,20708.6,0,False,False,Middle,10354.300000000001,0.4981018160415294,0,15781665
781,0,48,0,57098.96,1,1,0,85644.06,1,False,False,Senior,57098.96,0.7178303099389608,1,15804853
628,1,39,1,115341.19,1,1,1,107674.3,1,True,False,Middle,126108.62,0.4474185510516075,0,15651627
751,1,30,3,165257.2,1,0,0,134822.05,0,False,False,Young,205703.815,0.33098094436653125,0,15680685
531,0,37,1,0.0,1,1,0,4606.97,0,False,False,Middle,460.69700000000006,0.5330153741051613,1,15808930
647,0,42,9,0.0,2,1,1,51362.82,0,False,False,Middle,46226.538,0.31329938543031116,0,15570970
708,1,46,7,68799.72,1,1,1,39704.14,0,False,True,Senior,96592.618,0.34518434089628397,0,15679961
550,1,39,2,116120.19,2,1,1,195638.13,0,False,True,Middle,155247.816,0.279900398534871,0,15705458
670,1,33,1,0.0,2,1,1,86413.11,0,False,False,Middle,8641.311,0.13281615890180334,0,15750396
592,0,31,2,84102.11,2,0,1,116385.24,0,False,False,Middle,107379.158,0.23477700483559127,0,15679928
589,0,50,4,0.0,2,0,1,182076.97,0,False,False,Senior,72830.788,0.5105093981337838,1,15711181
725,0,33,4,0.0,1,1,1,67879.8,0,False,False,Middle,27151.920000000002,0.21021842952686748,0,15698324
570,0,43,9,0.0,2,0,1,11417.26,0,False,False,Middle,10275.534,0.3407144583134125,0,15807433
575,1,46,1,0.0,2,1,1,65998.26,0,False,False,Senior,6599.826,0.31104941642621164,0,15636590
501,1,25,6,104013.79,1,1,0,114774.35,0,True,False,Young,172878.40000000002,0.40849387338624005,0,15628950
431,1,42,8,120822.86,2,1,0,126153.24,0,True,False,Middle,221745.452,0.7177592824206279,1,15617206
719,1,40,4,128389.12,1,1,1,176091.31,0,False,True,Middle,198825.644,0.29843498229040527,0,15603741
850,1,36,7,102800.72,1,1,1,87352.43,0,True,False,Middle,163947.421,0.32638581305246134,0,15742607
554,0,31,6,135470.9,1,1,0,107074.81,0,True,False,Middle,199715.786,0.6652802031029982,1,15747821
418,1,36,7,90145.04,1,1,1,69157.93,0,False,False,Middle,138555.591,0.22575807263289396,0,15612043
715,1,31,7,0.0,1,1,1,149970.59,0,False,True,Middle,104979.413,0.1287411544682341,0,15809558
750,0,33,3,161801.47,1,0,1,153288.97,1,False,True,Middle,207788.16100000002,0.3233641476416337,0,15803750
766,1,37,2,99660.13,2,0,1,147700.78,0,True,False,Middle,129200.28600000001,0.35695986605940594,0,15704681
652,0,38,6,123081.84,2,1,1,188657.97,0,False,True,Middle,236276.622,0.3755966792366697,0,15667392
658,1,42,8,102870.93,1,0,1,103764.55,1,False,False,Middle,185882.57,0.29723305198073013,0,15738889
659,0,37,1,151105.68,1,1,1,140934.57,0,False,False,Middle,165199.137,0.3709837056995815,0,15598838
574,1,35,5,163856.76,1,1,1,15118.2,0,True,False,Middle,171415.86000000002,0.39532834412784423,0,15579109
611,1,38,7,0.0,1,1,1,63202.0,0,False,False,Middle,44241.4,0.18703836735602322,0,15799042
738,1,35,8,127290.61,1,1,0,16081.62,0,False,True,Middle,140155.90600000002,0.3821408506910546,0,15697042
571,1,49,4,180614.04,1,0,0,523.0,0,False,False,Senior,180823.24000000002,0.7133142531218758,1,15696605
686,0,44,7,55053.62,1,1,0,181757.19,0,False,False,Middle,182283.65300000002,0.6551117000348472,1,15802274
679,1,33,4,96110.22,1,1,0,1173.23,0,False,True,Middle,96579.512,0.36402178603615803,0,15596808
617,0,46,3,106521.49,1,0,1,86587.37,0,False,True,Senior,132497.701,0.5533692754224482,1,15705403
673,1,39,7,82255.51,2,1,0,109545.56,0,False,False,Middle,158937.402,0.4121484313607202,0,15732903
745,0,33,1,0.0,2,1,1,174431.01,0,False,False,Middle,17443.101000000002,0.19427703202024202,0,15581968
677,0,26,3,102395.79,1,1,0,119368.99,0,True,False,Young,138206.487,0.5392269401944868,1,15683892
613,1,39,8,118201.41,1,1,0,23315.59,0,False,True,Middle,136853.882,0.47504986707163044,0,15595447
576,0,55,6,44582.07,3,0,1,67539.85,1,False,False,Senior,85105.98000000001,0.6017294324609018,1,15569249
584,0,30,5,0.0,2,1,1,185201.58,0,False,True,Young,92600.79,0.19486306692648908,0,15656188
663,1,22,6,0.0,2,0,1,131827.15,0,False,False,Young,79096.29,0.06056320312760018,0,15689661
466,1,26,9,105522.06,1,1,0,10842.46,0,False,False,Young,115280.27399999999,0.23434338766855417,0,15644934
510,0,50,7,123936.54,1,1,1,23768.01,0,True,False,Senior,140574.147,0.7620861368217838,1,15721793
619,0,38,6,0.0,2,1,1,117616.29,0,False,True,Middle,70569.774,0.297644622882048,0,15687413
696,0,66,7,119499.42,2,1,1,174027.3,0,True,False,Elder,241318.52999999997,0.9059560786033767,1,15761286
554,0,44,9,135814.7,2,0,0,115091.38,0,False,False,Middle,239396.94200000004,0.6969589591184461,1,15658240
595,1,52,9,0.0,1,1,1,106340.66,1,False,False,Senior,95706.59400000001,0.40802598471120327,0,15706232
659,1,39,8,106259.63,2,1,1,198103.32,0,True,False,Middle,264742.286,0.4124628046100291,0,15583394
662,1,44,8,0.0,2,1,1,175314.87,0,False,False,Middle,140251.896,0.2581856590182156,0,15715643
556,1,38,2,115463.16,1,1,0,150679.65,0,False,True,Middle,145599.09,0.4985381634002773,0,15644856
701,0,39,9,0.0,2,1,1,110043.88,0,False,True,Middle,99039.49200000001,0.29327463792565617,0,15785488
587,1,42,5,120233.83,1,1,0,194890.33,0,False,True,Middle,217678.995,0.5736090202211631,1,15711571
571,0,47,7,0.0,2,0,0,112366.98,0,False,False,Senior,78656.886,0.6678914775912173,1,15778604
539,0,40,7,81132.21,1,1,0,167289.82,0,False,False,Middle,198235.08400000003,0.6226276950157545,1,15751180
644,0,34,10,122196.99,2,1,1,182099.71,0,True,False,Middle,304296.7,0.46418209876901173,0,15748360
572,1,39,4,112290.22,1,1,0,49373.97,1,True,False,Middle,132039.80800000002,0.6669700604869485,1,15770039
753,0,50,4,0.0,2,1,1,861.4,0,False,False,Senior,344.56,0.4665841839006051,0,15685096
706,1,35,5,0.0,2,1,1,81718.37,0,False,False,Middle,40859.185,0.1400469529817203,0,15669501
588,1,44,8,154409.74,1,1,0,49324.03,1,False,False,Middle,193868.96399999998,0.5784507941981932,1,15622631
825,1,32,9,0.0,2,0,0,9751.03,0,False,False,Middle,8775.927000000001,0.2093758558123835,0,15586699
627,1,48,1,132759.8,1,1,0,78899.22,0,False,True,Senior,140649.72199999998,0.6898535754751248,1,15702377
532,1,60,5,76705.87,2,0,1,13889.73,0,False,False,Senior,83650.735,0.6139882463744966,1,15577170
764,0,44,1,0.0,2,1,1,11467.38,0,False,False,Middle,1146.738,0.37530056093001146,0,15769451
700,0,36,4,0.0,2,1,0,130789.15,0,False,False,Middle,52315.66,0.4394202557882975,0,15811877
660,1,41,3,0.0,2,1,1,108665.89,0,False,False,Middle,32599.767,0.21642395653754534,0,15648725
518,1,29,9,125961.74,2,1,0,160303.08,1,True,False,Young,270234.512,0.4779012406777007,0,15752801
557,0,39,7,49572.73,1,1,0,115287.99,1,False,False,Middle,130274.323,0.5712413074165155,1,15808175
639,0,35,1,103015.12,2,1,1,139094.12,0,False,False,Middle,116924.53199999999,0.2907075037705505,0,15681342
557,0,24,4,0.0,1,0,0,20515.72,0,False,False,Young,8206.288,0.27911308556096653,0,15589210
633,0,32,1,104001.38,1,0,1,36642.65,0,False,False,Middle,107665.645,0.28138295255237233,0,15696826
623,0,50,2,87116.71,1,1,1,104382.11,0,False,True,Senior,107993.13200000001,0.6083251786937979,1,15614962
611,1,68,5,82547.11,2,1,1,146448.01,0,False,False,Elder,155771.115,0.7399052817720451,1,15689061
666,0,47,5,0.0,1,0,0,166650.9,1,False,True,Senior,83325.45000000001,0.705355234751719,1,15640074
521,1,27,4,121325.84,1,1,1,164223.7,1,False,False,Young,187015.32,0.13644452026402926,0,15776156
775,1,28,9,111167.7,1,1,0,149331.01,0,False,False,Young,245565.609,0.25276297751682847,0,15739548
681,1,48,5,139714.4,2,0,0,73066.72,0,True,False,Senior,176247.76,0.7877933369899752,1,15662854
564,0,32,10,139875.2,2,1,0,15378.23,0,True,False,Middle,155253.43000000002,0.6240280059367637,1,15687688
646,0,44,2,113063.83,1,0,0,53072.49,1,True,False,Middle,123678.32800000001,0.8404592746769876,1,15715750
670,0,50,8,138340.06,1,0,1,3159.15,0,False,False,Senior,140867.38,0.5753421893008476,1,15571121
751,1,43,1,114974.24,1,1,0,125920.54,0,False,False,Middle,127566.29400000001,0.5355164785355156,1,15726466
544,0,33,6,0.0,2,1,1,124113.04,0,False,False,Middle,74467.82400000001,0.2146849064062666,0,15660390
639,0,38,5,0.0,2,0,0,93716.38,0,False,False,Middle,46858.19,0.492966395101141,0,15663942
635,0,65,5,117325.54,1,1,0,155799.86,1,True,False,Elder,195225.46999999997,0.9618750958695459,1,15638610
672,0,28,6,0.0,1,0,1,8814.69,0,False,False,Young,5288.814,0.15380625048206364,0,15644446
639,0,35,8,0.0,1,0,0,164453.98,0,False,False,Middle,131563.184,0.46346474099492185,0,15585892
697,0,25,1,0.0,2,0,0,87803.32,0,False,False,Young,8780.332,0.2669281784940695,0,15609356
850,1,44,8,0.0,2,1,1,183617.32,0,False,True,Middle,146893.856,0.2547416328313964,0,15803378
748,0,34,8,0.0,2,1,0,53584.03,0,False,False,Middle,42867.224,0.36984101217823,0,15599440
463,0,35,2,0.0,2,1,1,1950.93,0,False,True,Middle,390.18600000000004,0.28824834736162414,0,15692408
572,0,30,6,0.0,1,0,1,175025.27,0,False,False,Young,105015.162,0.19893097398390855,0,15683168
741,1,50,1,78737.61,1,1,1,13018.96,0,False,True,Senior,80039.506,0.45962736042222513,0,15790254
646,1,25,5,182876.88,2,1,1,42537.59,1,False,True,Young,204145.675,0.12532488736904204,0,15767729
805,1,50,9,130023.38,1,1,0,62989.82,1,True,False,Senior,186714.218,0.7890875437405594,1,15768600
637,1,36,2,152606.82,1,1,1,71692.8,0,False,False,Middle,166945.38,0.24573833002428844,0,15699839
651,1,28,7,0.0,2,1,0,823.96,0,False,False,Young,576.772,0.18383021696892596,0,15786237
672,1,28,4,167268.98,1,1,1,169469.3,0,False,False,Young,235056.7,0.14796283263998683,0,15694530
493,1,54,3,167831.88,2,1,0,150159.95,1,False,False,Senior,212879.86500000002,0.770326880338164,1,15796813
524,1,29,9,144287.6,2,1,0,32063.3,0,True,False,Young,173144.57,0.4538690806805418,0,15605791
624,0,45,5,151855.33,1,1,0,68794.15,0,True,False,Middle,186252.405,0.8533304298392879,1,15714087
569,0,51,3,0.0,3,1,0,75084.96,1,False,True,Senior,22525.488,0.7383430852835723,1,15711446
677,0,27,2,0.0,2,0,1,114685.92,0,False,False,Young,22937.184,0.14409166852409008,0,15588123
464,1,37,4,155994.15,1,0,0,143665.44,0,True,False,Middle,213460.326,0.6868532728924007,1,15748552
718,1,26,7,147527.03,1,0,0,51099.56,0,True,False,Young,183296.722,0.41321836562257547,0,15618410
594,0,53,4,0.0,1,1,0,5408.74,1,False,False,Senior,2163.496,0.7725495606786807,1,15672432
574,1,33,8,100267.03,1,1,0,103006.27,0,False,False,Middle,182672.046,0.3494959339714154,0,15610042
478,1,48,0,83287.05,2,0,1,44147.95,1,False,True,Senior,83287.05,0.45996388345792644,0,15580914
615,1,41,4,0.0,1,0,1,149278.96,0,False,True,Middle,59711.584,0.26473910621207036,0,15583680
651,1,45,4,0.0,2,0,0,193009.21,0,False,True,Middle,77203.684,0.5223246932855008,1,15813718
465,1,53,1,117438.17,1,0,0,74898.8,1,True,False,Senior,124928.05,0.8766074566756833,1,15767264
558,0,56,7,121235.05,2,1,1,116253.1,0,False,False,Senior,202612.22000000003,0.6866962782418,1,15686461
540,1,37,3,129965.18,1,0,0,19374.08,0,True,False,Middle,135777.40399999998,0.6624641734117308,1,15678882
568,1,46,8,150836.92,1,0,0,64516.8,1,True,False,Senior,202450.36000000002,0.785521926270444,1,15789611
630,1,31,0,0.0,2,1,1,34475.14,0,False,False,Middle,0.0,0.12456234968951173,0,15668679
523,1,60,1,163894.35,1,0,1,57061.71,0,True,False,Senior,169600.521,0.8426408347237335,1,15631685
678,0,48,2,0.0,2,1,1,32301.88,0,False,False,Senior,6460.376,0.4561209550152978,0,15655658
438,1,38,2,0.0,2,1,0,136859.55,0,False,False,Middle,27371.91,0.39249151267356375,0,15753591
544,1,44,1,0.0,2,0,0,69244.24,0,False,False,Middle,6924.424000000001,0.5060319393114685,1,15617348
595,1,34,2,87967.42,2,0,1,156309.52,0,True,False,Middle,119229.324,0.32504488389580255,0,15704581
678,1,26,3,0.0,2,1,0,4989.33,0,False,False,Young,1496.799,0.1778088301620207,0,15738487
850,0,36,6,0.0,2,1,1,190194.95,0,False,False,Middle,114116.97000000003,0.2221761902446785,0,15648069
589,0,20,2,121093.29,2,1,0,3529.72,0,True,False,Young,121799.234,0.4399842493604195,0,15737627
785,0,31,2,121691.54,2,0,0,81778.72,0,False,True,Middle,138047.28399999999,0.4547742236936289,0,15731586
563,1,57,6,0.0,2,1,1,39297.48,0,False,True,Senior,23578.488,0.5141106133458393,1,15757467
602,0,39,6,154121.32,2,1,0,176614.86,1,False,False,Middle,260090.236,0.620123530623309,1,15597709
591,1,29,6,0.0,2,1,1,108684.65,0,False,False,Young,65210.78999999999,0.09995123704618798,0,15720529
643,1,43,1,0.0,2,1,1,145764.4,0,False,True,Middle,14576.44,0.2682086151906064,0,15596797
605,0,32,5,0.0,2,1,1,42135.28,0,False,False,Middle,21067.64,0.1922921189242649,0,15681755
755,1,43,6,165048.5,3,1,0,16929.41,1,True,False,Middle,175206.146,0.6824021431889019,1,15815271
769,1,38,6,0.0,2,0,0,104393.78,0,False,True,Middle,62636.268,0.36086094044257283,0,15682860
620,0,33,9,127638.35,1,1,1,192717.57,0,False,False,Middle,301084.16300000006,0.2975768479135782,0,15621546
725,1,31,8,0.0,2,1,1,59650.42,0,False,False,Middle,47720.336,0.0989422686979901,0,15705918
818,0,72,8,135290.42,2,1,1,63729.72,0,True,False,Elder,186274.19600000003,0.929787637589764,1,15684512
624,0,71,4,170252.05,3,1,1,73679.59,1,False,False,Elder,199723.886,0.876661895194321,1,15671769
669,0,35,4,108269.2,2,1,0,174969.92,0,True,False,Middle,178257.168,0.6849655841461542,1,15642934
712,0,32,1,0.0,2,1,0,1703.58,0,False,False,Middle,170.358,0.38317861245166185,0,15594305
603,0,35,9,145623.36,1,1,0,163181.62,0,True,False,Middle,292486.81799999997,0.7336991447126471,1,15789201
597,0,41,4,145809.53,2,1,1,52319.26,0,False,False,Middle,166737.234,0.4233384881188172,0,15706762
580,1,76,2,130334.84,2,1,1,51672.08,0,True,False,Elder,140669.256,0.9326764819565762,1,15766183
718,0,39,3,0.0,2,1,1,145355.11,0,False,False,Middle,43606.532999999996,0.2818245510273929,0,15777994
527,1,53,8,0.0,1,1,1,51711.57,0,False,True,Senior,41369.256,0.4568895440453225,0,15568162
729,0,42,1,0.0,2,1,1,149535.97,0,False,True,Middle,14953.597000000002,0.3556146214798319,0,15680643
746,0,24,4,0.0,1,0,1,94105.0,0,False,False,Young,37642.0,0.11987498073845276,0,15761854
699,0,54,3,111009.32,1,1,1,155905.79,1,True,False,Senior,157781.057,0.8029148942086929,1,15730793
759,0,46,2,0.0,1,1,1,138380.11,0,False,False,Senior,27676.021999999997,0.41932111616745443,0,15692137
748,0,39,3,157371.54,1,0,1,97734.3,0,False,False,Middle,186691.83000000002,0.40319448049323237,0,15608595
698,0,63,5,0.0,1,1,1,173576.71,0,False,True,Elder,86788.355,0.7564097790189027,1,15709459
686,1,37,9,134560.62,1,1,0,27596.39,0,False,False,Middle,159397.37099999998,0.402126296211393,0,15775750
679,1,40,1,0.0,1,1,1,16897.19,0,False,False,Middle,1689.719,0.2285737920690464,0,15585855
682,1,36,5,72373.62,2,1,0,36895.99,0,True,False,Middle,90821.61499999999,0.5382429641267014,1,15752139
778,0,34,7,109564.1,1,0,1,113046.81,0,False,False,Middle,188696.867,0.27369204873696173,0,15768295
742,0,25,4,132116.13,2,1,0,129933.5,0,False,False,Young,184089.53,0.3186707973315707,0,15766906
649,1,24,7,101195.23,1,0,0,133091.32,0,True,False,Young,194359.15399999998,0.37201588776612615,0,15725776
763,1,67,1,149436.73,2,0,1,106282.74,0,False,False,Elder,160065.00400000002,0.7530337548996455,1,15682576
595,1,30,9,130682.11,2,1,1,57862.88,0,True,False,Young,182758.702,0.252658725212037,0,15704081
628,0,51,10,115280.49,2,0,0,12628.61,1,True,False,Senior,127909.1,0.8688324359531876,1,15719940
625,0,36,8,129944.39,2,0,0,198914.8,0,False,False,Middle,289076.23,0.5586161551670005,1,15672894
733,1,36,5,0.0,2,1,1,109127.54,0,False,False,Middle,54563.77,0.1482130864906785,0,15667451
665,0,32,10,0.0,1,1,1,22487.45,0,False,True,Middle,22487.45,0.1936477811412157,0,15636767
805,1,56,6,151802.29,1,1,0,46791.09,1,True,False,Senior,179876.94400000002,0.8694957499032268,1,15571415
725,1,38,6,0.0,2,1,1,158697.28,0,False,False,Middle,95218.368,0.17150718160753878,0,15575605
554,0,38,3,138731.95,1,1,1,194138.36,0,False,False,Middle,196973.458,0.3955112317379698,0,15649160
675,0,35,8,155621.08,1,0,1,35177.31,0,False,True,Middle,183762.92799999999,0.3385773731707051,0,15615832
556,0,54,4,150005.38,1,1,0,157015.5,1,False,False,Senior,212811.58000000002,0.8527633327317227,1,15600975
635,0,48,2,0.0,2,1,1,136551.25,0,False,True,Senior,27310.25,0.48404662738788157,0,15690772
601,1,47,1,64430.06,2,0,1,96517.97,0,False,False,Senior,74081.857,0.36849333188966815,0,15565714
600,1,53,7,106261.63,1,1,0,93629.66,1,True,False,Senior,171802.392,0.845245916008818,1,15763108
758,1,40,3,0.0,2,0,0,96097.65,0,False,True,Middle,28829.295,0.40841965789357965,0,15723884
606,0,41,4,132670.53,1,1,0,156476.36,1,True,False,Middle,195261.074,0.8089068585097898,1,15644453
640,0,67,3,0.0,1,0,1,42964.63,0,False,False,Elder,12889.389,0.8050387788950443,1,15655464
753,0,38,1,117314.92,1,1,0,122021.33,1,True,False,Middle,129517.053,0.747778520551316,1,15783883
559,1,38,3,145874.35,1,1,0,56311.39,1,False,True,Middle,162767.767,0.5199118005605898,1,15787693
754,0,50,7,146777.44,2,0,1,150685.52,0,False,True,Senior,252257.304,0.6038201151132973,1,15664793
621,1,51,4,109978.83,1,0,0,177740.58,1,True,False,Senior,181075.062,0.8360579946165342,1,15642391
654,0,37,5,0.0,1,0,1,71492.28,0,False,False,Middle,35746.14000000001,0.27959672868229773,0,15756538
650,1,24,8,108881.73,1,1,0,104492.83,0,False,True,Young,192475.994,0.22532636020400623,0,15668830
831,0,44,10,0.0,1,0,1,47729.33,0,False,True,Middle,47729.33000000001,0.3654090234875045,0,15796569
519,1,39,2,112957.26,2,1,0,97593.16,0,False,False,Middle,132475.892,0.4756586188465233,0,15677112
552,0,42,8,103362.14,1,0,1,186869.58,1,True,False,Middle,252857.804,0.6494419190796129,1,15815040
577,1,41,4,89015.61,1,0,1,135227.23,0,False,True,Middle,143106.502,0.3205062334158982,0,15590434
576,1,45,5,133618.01,1,0,0,135244.87,0,False,True,Middle,201240.445,0.6433641657682183,1,15597536
646,1,40,5,93680.43,2,1,1,179473.26,0,False,False,Middle,183417.06,0.250089880950535,0,15723989
711,0,45,1,97486.15,2,1,0,50610.62,0,True,False,Middle,102547.212,0.8240155204609847,1,15767358
806,0,37,2,137794.18,2,0,1,75232.02,0,False,True,Middle,152840.584,0.3533353740128317,0,15594812
670,0,39,8,101928.51,1,0,0,89205.54,0,False,False,Middle,173292.94199999998,0.5867535468012355,1,15688210
679,0,28,9,0.0,2,0,1,61761.77,0,False,True,Young,55585.59299999999,0.1506700518610364,0,15681509
850,0,39,6,0.0,2,1,0,103921.43,0,False,True,Middle,62352.858,0.4902232138311835,0,15572390
670,0,35,2,79585.96,1,0,1,198802.9,0,True,False,Middle,119346.54000000001,0.4752201397416043,0,15801441
733,0,24,3,161884.99,1,1,1,9617.24,0,False,False,Young,164770.16199999998,0.17443127448642856,0,15783859
764,0,39,1,129068.54,2,1,1,187905.12,0,False,False,Middle,147859.052,0.3484261630068165,0,15575243
673,0,42,4,0.0,2,1,0,121440.8,0,False,False,Middle,48576.32000000001,0.5591294997936183,1,15773421
588,1,49,6,132623.76,3,1,0,36292.94,1,True,False,Senior,154399.524,0.7806390426262807,1,15788776
564,1,31,5,121461.87,1,1,1,20432.09,1,False,True,Middle,131677.915,0.18195353105833587,0,15765257
715,1,32,8,175307.32,1,1,0,187051.23,0,False,False,Middle,324948.304,0.37334362268765825,0,15661412
621,1,31,7,136658.61,1,1,1,148689.13,0,False,False,Middle,240741.001,0.17071208814557845,0,15636478
796,0,23,3,146584.19,2,0,0,125445.8,0,False,True,Young,184217.93,0.3188906613804043,0,15603683
672,1,34,6,0.0,1,0,0,22736.06,0,False,False,Middle,13641.636000000002,0.2954354859268434,0,15651868
527,0,46,10,131414.76,1,1,0,54947.51,0,False,True,Senior,186362.27000000002,0.7450764820081024,1,15815443
722,0,38,3,0.0,2,0,1,167984.72,0,False,False,Middle,50395.416000000005,0.27266723705071166,0,15682686
596,1,34,4,99441.21,2,0,1,4802.27,0,True,False,Middle,101362.118,0.32687417561830556,0,15697460
746,0,32,4,0.0,2,1,1,72909.75,0,False,False,Middle,29163.9,0.18116025072445519,0,15748432
523,0,26,4,0.0,2,1,0,185488.81,0,False,False,Young,74195.524,0.29313058429181216,0,15698271
624,1,44,3,0.0,2,1,0,88407.51,0,False,False,Middle,26522.252999999997,0.47227101419004447,0,15808662
553,1,38,1,181110.13,2,1,0,184544.59,0,False,True,Middle,199564.589,0.517609555634798,1,15690372
850,1,33,3,100476.46,2,1,1,136539.13,0,False,True,Middle,141438.19900000002,0.16011903748178674,0,15781875
599,1,33,2,51949.95,2,1,0,85045.92,0,True,False,Middle,68959.13399999999,0.49773634680611956,0,15801473
492,1,35,8,121063.49,1,0,0,85421.48,0,False,False,Middle,189400.674,0.4181191107708353,0,15704509
707,1,48,8,88441.64,1,1,1,119903.2,1,False,True,Senior,184364.2,0.40518599171876235,0,15694666
743,0,30,1,127023.39,1,1,1,138780.89,0,False,False,Young,140901.479,0.23261307325943728,0,15731166
522,1,41,5,144147.68,1,1,1,14789.9,0,False,False,Middle,151542.63,0.3204756643704568,0,15728523
681,0,57,2,173306.13,1,0,1,131964.66,0,False,True,Senior,199699.062,0.7690459917326785,1,15788442
826,0,49,0,0.0,1,0,0,178709.98,1,False,False,Senior,0.0,0.688806313577559,1,15689781
630,0,28,8,106425.75,1,1,1,20344.84,0,True,False,Young,122701.622,0.33199457373485464,0,15764226
430,0,66,6,135392.31,2,1,1,172852.06,1,True,False,Elder,239103.546,0.9241139198343499,1,15809837
806,0,67,1,0.0,2,0,1,103945.58,0,False,False,Elder,10394.558,0.7730144918615983,1,15805212
703,1,39,6,152685.4,1,0,0,183656.12,0,False,True,Middle,262879.072,0.5264714956063442,1,15716082
755,0,38,1,82083.52,1,0,1,10333.78,0,True,False,Middle,83116.898,0.5404373770815828,1,15643056
612,0,63,2,131629.17,2,1,0,122109.58,1,False,True,Elder,156051.086,0.9161526803585534,1,15654859
719,0,54,7,0.0,2,1,1,125041.52,0,False,False,Senior,87529.06400000001,0.5467885857062683,1,15761158
554,0,55,0,108477.27,1,0,1,140003.0,1,True,False,Senior,108477.27,0.8367443963300097,1,15577515
683,1,30,4,114779.35,1,0,0,183171.47,0,False,False,Young,188047.93800000002,0.31129330954289447,0,15723827
749,1,41,5,57568.94,1,1,1,61128.29,0,False,False,Middle,88133.085,0.24255232327563225,0,15646594
724,1,36,1,0.0,2,1,0,52462.25,0,False,True,Middle,5246.225,0.34507686934473053,0,15712877
770,1,30,8,0.0,2,0,1,50839.85,0,False,True,Young,40671.880000000005,0.10154693771421608,0,15598802
680,1,37,4,0.0,2,1,0,61240.87,0,False,False,Middle,24496.348,0.3294998714810248,0,15699340
699,0,32,4,110559.46,1,1,1,127429.56,0,False,False,Middle,161531.284,0.255073392121178,0,15691150
442,1,34,4,0.0,2,1,0,68343.08,0,False,False,Middle,27337.232000000004,0.3167524918019037,0,15608688
529,1,46,8,0.0,1,0,0,126511.94,1,False,False,Senior,101209.55200000001,0.5489447708808313,1,15737998
574,1,36,3,0.0,2,1,1,8559.66,0,False,True,Middle,2567.898,0.1837336913573136,0,15735837
605,1,33,9,128152.82,1,0,0,147822.81,0,False,False,Middle,261193.34900000002,0.3788968606241761,0,15659100
515,1,45,7,120961.5,3,1,1,39288.11,1,True,False,Middle,148463.177,0.5102690818994057,1,15609070
632,1,65,6,129472.33,1,1,1,85179.48,0,True,False,Elder,180580.018,0.8529223909799517,1,15650313
558,1,32,10,105000.23,1,1,0,190019.61,0,False,False,Middle,295019.83999999997,0.35759090131940713,0,15627699
434,1,55,8,109339.17,2,1,0,96405.88,1,True,False,Senior,186463.874,0.8670430200884146,1,15591010
525,0,59,6,55328.4,1,1,0,83342.73,1,False,False,Senior,105334.038,0.8655673521778026,1,15798895
640,1,23,3,72012.76,1,1,0,161333.13,0,True,False,Young,120412.699,0.3352342295808924,0,15745375
690,0,36,6,110480.48,1,0,0,81292.33,0,False,False,Middle,159255.878,0.538840459504307,1,15775235
607,1,34,9,132439.99,1,1,0,177747.72,0,False,True,Middle,292412.93799999997,0.42572415486738124,0,15780088
850,0,46,3,0.0,2,1,1,187980.21,0,False,False,Senior,56394.063,0.37879132033739965,0,15649379
780,1,34,5,94108.54,2,1,0,177235.21,0,True,False,Middle,182726.145,0.5079916444964684,1,15713983
616,0,28,10,105173.99,1,0,1,29835.37,1,True,False,Young,135009.36000000002,0.33118769142411364,0,15709252
618,0,40,8,0.0,2,1,0,80204.38,0,False,True,Middle,64163.50400000001,0.53955948657358,1,15699238
676,1,29,7,131959.86,1,0,0,189268.81,0,False,False,Young,264448.027,0.30877332589950346,0,15732884
507,1,33,7,0.0,2,1,1,85411.01,0,False,False,Middle,59787.706999999995,0.13505158223985686,0,15587297
490,1,34,5,122952.9,2,0,0,154360.97,0,False,False,Middle,200133.385,0.395835251564821,0,15684722
678,1,36,0,107379.68,1,1,1,84460.18,0,False,False,Middle,107379.68,0.22350357216966385,0,15621244
637,1,30,6,122641.56,2,1,0,65618.01,0,True,False,Young,162012.36599999998,0.46247369597727844,0,15744273
602,0,33,8,0.0,2,1,1,112928.74,0,False,False,Middle,90342.99200000001,0.20314732256285803,0,15682540
744,0,30,1,124037.28,1,1,1,142210.94,0,False,True,Young,138258.374,0.2509098818859396,0,15636521
640,0,50,9,117565.03,2,0,0,82559.77,0,False,False,Senior,191868.823,0.7589811222777322,1,15785339
684,0,38,5,133189.4,1,0,0,127388.06,0,False,False,Middle,196883.43,0.6007073395590328,1,15638983
495,1,39,8,120252.02,2,1,1,10160.23,0,True,False,Middle,128380.204,0.4089769483138062,0,15654625
559,0,28,3,152264.81,1,0,0,64242.31,0,True,False,Young,171537.503,0.6397776611906995,1,15697310
684,1,38,5,105069.98,2,1,1,198355.28,0,False,False,Middle,204247.62,0.22397143505105618,0,15678210
613,1,42,7,115076.06,1,1,1,79323.61,0,False,False,Middle,170602.587,0.3025449841859156,0,15575438
794,1,30,8,0.0,2,1,1,24113.91,0,False,False,Young,19291.128,0.08560634372729578,0,15632789
736,0,42,7,117280.23,3,0,0,41921.06,1,False,False,Middle,146624.972,0.5919329948591683,1,15621423
692,1,49,6,110540.43,2,0,1,107472.99,0,True,False,Senior,175024.224,0.5945948315040495,1,15573520
703,1,36,7,135095.47,1,1,0,143859.66,0,False,True,Middle,235797.23200000002,0.44148167089442664,0,15740458
720,1,23,0,187861.18,2,1,1,104120.17,0,True,False,Young,187861.18,0.19920608558748334,0,15762799
777,1,44,3,124655.59,2,0,1,79792.3,0,True,False,Middle,148593.28,0.5033319007848539,1,15686885
653,1,44,8,0.0,2,1,1,154639.72,0,False,False,Middle,123711.77600000001,0.25582750316231995,0,15565996
552,0,38,9,134105.01,1,0,0,57850.1,0,False,False,Middle,186170.1,0.5978408674103578,1,15662152
708,0,34,4,0.0,1,1,1,62868.33,0,False,False,Middle,25147.332000000002,0.22534703133572814,0,15711742
647,0,40,9,0.0,2,0,1,92357.21,0,False,False,Middle,83121.489,0.2979193419534088,0,15701885
597,1,52,8,83693.34,2,1,1,161083.53,0,True,False,Senior,212560.164,0.6451756858213095,1,15774262
501,1,42,9,114631.23,1,0,1,91429.74,0,False,False,Middle,196917.99599999998,0.32273778401400116,0,15567839
709,1,44,9,128601.98,1,1,0,117031.2,0,False,False,Middle,233930.06,0.5522091242108692,1,15644400
621,0,34,2,91258.52,2,1,0,44857.4,0,True,False,Middle,100230.0,0.6729902172556415,1,15797246
799,1,70,8,70416.75,1,1,1,36483.52,0,False,False,Elder,99603.56599999999,0.7330387812772207,1,15778290
675,0,33,6,0.0,2,1,0,34045.61,0,False,False,Middle,20427.366,0.37249987663470285,0,15708714
561,0,35,5,0.0,2,1,0,59981.62,0,False,False,Middle,29990.810000000005,0.43785988175995905,0,15586183
707,0,42,10,0.0,2,1,1,152944.39,0,False,False,Middle,152944.39,0.32775659450036193,0,15761733
670,1,33,6,88294.6,1,1,0,66979.06,0,False,False,Middle,128482.03600000001,0.32826511472556574,0,15773934
649,0,32,7,0.0,1,1,0,28797.32,0,False,True,Middle,20158.124,0.3996987863800853,0,15705343
524,1,28,1,93577.3,1,1,1,51670.82,0,False,False,Young,98744.382,0.14311617814770516,0,15593959
689,0,30,5,136650.89,1,1,1,41865.72,1,True,False,Young,157583.75,0.39902822649009995,0,15664615
573,0,72,8,98765.84,1,1,1,96015.53,0,False,True,Elder,175578.264,0.8929091064960326,1,15671014
657,1,33,1,84309.57,2,0,0,103914.4,0,False,False,Middle,94701.01000000001,0.3337365284506967,0,15657778
686,1,39,10,136258.06,1,0,0,89199.51,0,False,True,Middle,225457.57,0.49039151664763514,0,15585192
683,0,29,9,0.0,2,1,1,48849.89,0,False,False,Young,43964.901000000005,0.1399046050338017,0,15592914
753,0,47,1,131160.85,1,1,0,197444.69,0,True,False,Senior,150905.31900000002,0.8560094114668088,1,15770995
520,0,30,4,145222.99,2,0,0,145160.96,0,False,True,Young,203287.37399999998,0.49266572526547675,0,15570990
547,1,25,4,98141.57,2,1,1,52309.8,0,True,False,Young,119065.49,0.1954202789523713,0,15596165
653,1,47,6,0.0,1,1,0,50695.93,1,False,False,Senior,30417.558000000005,0.5312871015574022,1,15788131
648,0,28,9,102282.61,1,1,1,157891.11,0,False,True,Young,244384.609,0.22053628663938246,0,15800773
639,0,37,4,116121.84,2,0,1,181850.74,0,False,False,Middle,188862.136,0.33667510818413754,0,15690153
711,0,25,5,190066.54,1,0,0,51345.39,1,False,False,Young,215739.23500000002,0.3818794859381025,0,15638989
484,0,55,8,149349.58,3,0,0,137519.92,1,True,False,Senior,259365.516,0.9226990645825123,1,15623210
721,1,36,1,155176.83,2,1,1,49653.37,0,False,False,Middle,160142.167,0.22469389440183726,0,15652658
548,1,32,2,98986.28,1,1,1,55867.38,0,True,False,Middle,110159.756,0.32401786964309104,0,15684440
679,1,41,8,147726.98,3,1,0,172749.4,1,False,False,Middle,285926.5,0.48179626491809285,0,15730287
553,1,41,1,0.0,2,1,0,90607.31,0,False,False,Middle,9060.731,0.43531685431135664,0,15720353
757,1,36,7,144852.06,1,0,0,130861.95,0,False,False,Middle,236455.425,0.4180052468729717,0,15767231
581,1,54,4,89299.81,1,0,0,5558.47,1,False,False,Senior,91523.198,0.7388477470845444,1,15761554
718,1,40,9,0.0,2,0,0,121537.91,0,False,True,Middle,109384.119,0.4013876835297483,0,15706637
625,1,41,6,97663.16,2,1,0,57128.78,0,False,False,Middle,131940.428,0.4652830843732929,0,15690492
744,1,39,4,95161.75,1,1,0,19409.77,0,False,True,Middle,102925.658,0.46436516347755336,0,15694237
799,1,31,9,154586.92,1,0,1,88604.89,1,True,False,Middle,234331.32100000003,0.2837560150011645,0,15729771
751,0,34,8,127095.14,2,0,0,479.54,0,False,True,Middle,127478.772,0.47793849864401006,0,15609823
781,1,35,7,92526.15,2,1,1,173837.54,0,True,False,Middle,214212.428,0.3075871067982392,0,15793366
777,0,46,0,107362.8,1,1,0,487.3,0,True,False,Senior,107362.8,0.8520726954109519,1,15614813
704,0,24,2,0.0,1,1,0,35600.25,1,False,True,Young,7120.05,0.28366025975965786,0,15566495
539,0,47,2,127286.04,2,1,1,166929.43,1,False,False,Senior,160671.92599999998,0.5395875150143996,1,15707602
716,0,29,6,0.0,2,1,1,98998.61,0,False,False,Young,59399.166000000005,0.14896275319507857,0,15635244
670,1,37,2,0.0,2,1,1,54229.74,0,False,False,Middle,10845.948,0.1714938342199119,0,15805627
555,1,40,10,139930.18,1,1,1,105720.09,0,False,False,Middle,245650.27,0.2894780573347897,0,15607986
679,0,30,4,77949.69,1,1,1,121151.46,0,True,False,Young,126410.274,0.37077520953554743,0,15799785
571,1,38,1,121405.04,1,1,1,154844.22,0,False,False,Middle,136889.462,0.2638980143225766,0,15699963
512,0,35,5,124580.69,1,1,1,18785.48,0,False,True,Middle,133973.43,0.35466536490147776,0,15624595
697,1,35,5,133087.76,1,1,0,64771.61,0,False,False,Middle,165473.565,0.3919832021430912,0,15629750
424,1,34,7,0.0,1,1,1,16250.61,0,False,True,Middle,11375.427000000001,0.17284728353194742,0,15651460
684,0,43,7,0.0,2,1,0,131093.99,0,False,False,Middle,91765.793,0.5709190485760584,1,15753550
697,1,62,7,0.0,1,1,0,129188.18,1,False,True,Elder,90431.72600000001,0.8010965012967476,1,15594133
580,1,45,8,103741.14,1,1,0,47428.73,1,True,False,Middle,141684.124,0.7371844600255337,1,15772329
600,0,32,7,98877.95,1,1,0,132973.21,0,False,False,Middle,191959.197,0.46601487646965967,0,15591552
521,1,37,5,105843.26,2,1,1,84908.2,0,False,False,Middle,148297.36,0.22522690950877725,0,15750921
664,1,44,7,77526.66,3,0,0,57338.56,1,False,True,Middle,117663.652,0.5100533057791085,1,15701687
634,1,77,5,0.0,2,1,1,161579.85,0,False,False,Elder,80789.925,0.8177555946394167,1,15728906
445,0,33,7,0.0,2,1,0,122625.68,0,False,False,Middle,85837.97600000001,0.42100849250390443,0,15670029
702,0,36,2,105264.88,2,1,1,52909.87,0,True,False,Middle,115846.854,0.48425058687967326,0,15763579
485,1,37,5,0.0,2,0,1,170226.47,0,False,False,Middle,85113.235,0.19206301236959722,0,15728010
582,0,40,3,110150.43,1,1,1,191757.65,1,True,False,Middle,167677.72499999998,0.5997296416673752,1,15663194
605,0,57,2,0.0,3,1,0,66652.75,1,False,True,Senior,13330.550000000001,0.8168238618511544,1,15736510
628,1,25,7,0.0,2,1,1,195977.75,0,False,False,Young,137184.42500000002,0.07708453038454485,0,15745804
604,0,28,6,0.0,2,1,1,69056.26,0,False,True,Young,41433.755999999994,0.1619476573962277,0,15631451
724,1,31,9,138166.3,1,1,0,12920.43,0,True,False,Middle,149794.68699999998,0.46992405559810463,0,15746995
567,1,40,7,122265.24,1,1,0,138552.74,0,True,False,Middle,219252.158,0.6889279880224236,1,15730673
779,0,55,0,133295.98,1,1,0,22832.71,1,False,True,Senior,133295.98,0.8626072664299116,1,15734649
785,1,36,2,0.0,1,0,1,61811.1,0,False,False,Middle,12362.220000000001,0.16683883645022657,0,15701081
563,0,32,0,148326.09,1,1,0,191604.27,1,False,False,Middle,148326.09,0.5089512063942446,1,15632503
821,0,31,2,68927.57,1,1,1,25445.0,0,True,False,Middle,74016.57,0.3697081082077638,0,15585928
747,0,47,5,139914.6,4,0,1,129964.56,1,False,False,Senior,204896.88,0.4700586415241144,0,15648681
600,0,58,8,118723.11,1,0,0,6209.51,1,True,False,Senior,123690.718,0.9314724488671566,1,15747757
625,1,32,7,106957.28,1,1,1,134794.02,0,False,True,Middle,201313.09399999998,0.18432203304169048,0,15718921
773,0,41,7,190238.93,1,1,1,57549.65,0,False,False,Middle,230523.685,0.42873215914380686,0,15571081
726,0,53,1,113537.73,1,0,1,28367.21,0,False,False,Senior,116374.451,0.6558030341803166,1,15734578
641,0,40,4,101090.27,1,1,1,51703.09,0,False,True,Middle,121771.50600000001,0.4164916890529312,0,15579583
649,0,46,2,0.0,2,1,1,66602.7,0,False,False,Senior,13320.54,0.4209473383614575,0,15622729
434,1,33,3,0.0,1,1,1,2739.71,0,False,True,Middle,821.9130000000001,0.1783400935130516,0,15662189
738,0,38,7,0.0,2,0,0,69227.42,0,False,False,Middle,48459.194,0.463317041277613,0,15692718
762,0,60,10,168920.75,1,1,0,31445.03,1,False,True,Senior,200365.78,0.8863667590146123,1,15762716
507,1,31,9,111589.67,1,1,0,150037.19,0,True,False,Middle,246623.141,0.5289864107927297,1,15724851
606,0,27,6,172310.33,1,0,1,111448.92,0,True,False,Young,239179.68199999997,0.39264307719019065,0,15587266
655,1,34,7,118028.35,1,1,0,51226.32,1,True,False,Middle,153886.774,0.5485538001200003,1,15675926
697,1,51,1,147910.3,1,1,1,53581.14,0,True,False,Senior,153268.414,0.6856156937200683,1,15706268
504,1,42,7,131287.36,2,1,1,149697.78,0,True,False,Middle,236075.80599999998,0.504485072132915,1,15581871
653,0,74,0,121276.32,1,1,1,160348.31,0,False,False,Elder,121276.32,0.9037896590118865,1,15666166
660,1,38,6,109869.32,1,1,1,154641.91,0,False,True,Middle,202654.46600000001,0.26403904970198294,0,15671582
652,0,34,6,97435.85,2,1,1,104331.76,0,False,False,Middle,160034.90600000002,0.26098344880569907,0,15680901
669,0,42,9,0.0,2,0,0,135630.32,0,False,False,Middle,122067.28800000002,0.5611173372951794,1,15642336
594,1,35,2,133853.27,1,1,1,65361.66,0,False,False,Middle,146925.60199999998,0.2284428571893722,0,15653147
756,1,32,0,109528.16,2,1,1,56176.31,0,True,False,Middle,109528.16,0.2879141307107918,0,15571284
642,0,33,4,84607.34,2,0,1,60059.47,0,False,False,Middle,108631.128,0.25173824026926545,0,15591360
486,1,37,1,101438.0,1,0,0,51364.56,0,True,False,Middle,106574.456,0.663533434521858,1,15810485
804,1,55,7,0.0,2,1,1,118752.6,0,False,False,Senior,83126.82,0.4129885437916619,0,15611973
629,1,59,9,113657.83,1,1,1,116848.79,1,False,False,Senior,218821.74099999998,0.6145569101018953,1,15735572
581,0,44,7,189318.16,2,1,0,45026.23,1,False,True,Middle,220836.521,0.732152599714515,1,15567860
667,1,31,3,99513.91,1,1,1,189657.26,0,False,False,Middle,156411.08800000002,0.15401742926310932,0,15795690
667,1,35,4,97585.32,2,0,0,57213.46,0,False,True,Middle,120470.70400000001,0.39139128144944557,0,15706464
679,1,29,3,0.0,2,1,1,63687.06,0,False,False,Young,19106.118,0.09778945187292624,0,15725028
680,0,43,4,0.0,2,1,1,58761.33,0,False,False,Middle,23504.532000000003,0.3511201235838011,0,15751167
644,1,32,3,136659.74,1,1,1,14187.78,0,False,True,Middle,140916.074,0.20055705104182198,0,15633944
571,0,30,4,85755.86,1,1,0,145115.95,0,False,False,Young,143802.24,0.429768326924817,0,15672637
627,0,35,7,0.0,1,1,0,187718.26,0,False,True,Middle,131402.782,0.48847693558299016,0,15680895
536,1,39,4,0.0,2,1,0,27150.35,0,False,False,Middle,10860.14,0.3879428271021233,0,15793825
599,1,33,4,51690.89,1,1,0,111622.76,1,False,True,Middle,96339.994,0.35227060353149325,0,15611318
744,1,34,3,0.0,2,1,0,27244.35,0,False,True,Middle,8173.304999999999,0.2986916475603184,0,15768474
709,0,34,2,111669.68,1,1,0,57029.66,0,False,False,Middle,123075.612,0.5077509161401924,1,15716276
653,1,31,2,154741.45,2,0,0,25183.01,0,True,False,Middle,159778.05200000003,0.5331152186015676,1,15623668
648,1,31,7,125681.51,1,0,1,129980.93,0,True,False,Middle,216668.16100000002,0.3026686019123755,0,15696361
663,0,37,8,155303.71,1,1,0,118716.63,0,True,False,Middle,250277.014,0.7523745349693584,1,15607988
613,0,43,4,140681.68,1,0,1,20134.07,0,True,False,Middle,148735.308,0.6721431427067384,1,15637891
620,1,28,9,71902.52,1,0,1,190208.23,0,False,False,Young,243089.92700000003,0.1284904992455277,0,15789865
661,1,51,6,146606.6,1,1,1,68021.9,0,False,False,Senior,187419.74,0.48063684645228805,0,15627190
669,1,45,1,123949.75,1,0,0,110881.56,0,True,False,Middle,135037.906,0.7679354523708505,1,15788224
767,0,33,1,144753.21,1,1,1,132480.75,0,True,False,Middle,158001.285,0.46127802909917814,0,15702149
491,0,72,6,91285.22,1,1,1,7032.95,0,False,False,Elder,95504.99,0.8841461170486337,1,15708236
653,1,43,0,0.0,2,1,0,27862.58,0,False,False,Middle,0.0,0.46999597609294697,0,15568469
679,1,58,8,125850.53,2,1,1,87008.17,0,True,False,Senior,195457.066,0.7406415872890861,1,15764444
687,1,28,7,108116.66,1,1,1,27411.19,0,False,False,Young,127304.493,0.11665550509010805,0,15794204
837,0,38,2,0.0,2,1,1,46395.21,0,False,False,Middle,9279.042,0.2561342669594897,0,15807546
850,1,28,8,67639.56,2,1,1,194245.29,0,False,False,Young,223035.79200000002,0.09774719040531842,0,15782159
663,0,53,6,150200.23,1,0,1,151317.27,1,False,True,Senior,240990.592,0.6953018879638141,1,15618703
547,0,22,7,141287.15,1,1,0,118142.79,0,False,True,Young,223987.103,0.3423619125888255,0,15793317
627,0,41,6,0.0,3,1,1,138700.75,1,False,False,Middle,83220.45000000001,0.30455009323743204,0,15740487
707,1,37,1,0.0,2,0,1,6035.51,0,False,False,Middle,603.551,0.17949830438934383,0,15722479
629,0,43,0,0.0,2,1,1,41263.69,0,False,False,Middle,0.0,0.38272886256093597,0,15688264
687,0,36,4,97157.96,1,0,1,63185.05,0,False,False,Middle,122431.98000000001,0.3180767209737517,0,15583067
588,0,36,2,0.0,2,1,0,92536.0,1,False,False,Middle,18507.2,0.46588139312672006,0,15686670
502,0,33,6,125241.17,2,1,1,158736.07,0,True,False,Middle,220482.812,0.4669460897974356,0,15593345
793,1,54,2,128966.13,1,0,0,18633.4,1,True,False,Senior,132692.81,0.8616792839800429,1,15811690
727,1,59,5,152581.06,1,1,0,71830.1,1,True,False,Senior,188496.11,0.9019023038915311,1,15734008
632,0,32,1,0.0,2,1,0,19525.65,0,False,True,Middle,1952.5650000000003,0.42156688240928264,0,15771856
474,0,37,5,142688.57,2,1,1,110953.33,0,True,False,Middle,198165.23500000002,0.5575058013225763,1,15762045
850,0,31,1,130089.56,2,1,1,4466.21,0,True,False,Middle,130536.181,0.3914304629299809,0,15778142
584,1,36,9,0.0,1,1,1,105818.51,0,False,False,Middle,95236.659,0.16817790551297573,0,15689268
713,0,32,1,117094.02,1,0,0,149558.83,1,False,False,Middle,132049.903,0.47567179920583375,0,15721507
742,1,24,8,0.0,2,1,0,4070.28,0,False,True,Young,3256.224,0.14369737088231235,0,15750476
607,0,39,10,0.0,3,1,0,132741.13,1,False,False,Middle,132741.13,0.47989802752168836,0,15810723
761,0,34,2,0.0,2,1,0,61251.25,0,False,True,Middle,12250.25,0.4263213810835715,0,15787229
600,1,49,7,90218.9,1,1,0,91347.76,0,False,False,Senior,154162.332,0.6389758185857896,1,15570508
650,1,42,4,194532.66,1,1,0,171045.31,1,False,True,Middle,262950.784,0.6098701243781427,1,15617065
850,1,56,1,169743.83,1,0,0,155850.4,1,True,False,Senior,185328.87,0.8826692659551544,1,15689786
501,0,34,5,0.0,1,1,0,27380.99,0,False,False,Middle,13690.495000000003,0.4500043452369226,0,15648876
418,1,34,8,155973.88,1,1,0,154208.96,0,False,False,Middle,279341.048,0.4423245530685759,0,15802106
797,1,59,4,129321.44,1,1,1,93624.55,0,False,True,Senior,166771.26,0.6334310894084859,1,15773869
788,0,42,6,138650.49,2,1,0,64746.07,0,True,False,Middle,177498.13199999998,0.7789625935974089,1,15711635
699,1,43,2,136487.86,2,1,0,82815.93,0,False,True,Middle,153051.04599999997,0.5646075122175055,1,15795527
616,1,18,6,0.0,2,1,1,27308.58,0,False,False,Young,16385.148,0.04286162411930875,0,15759133
651,0,41,4,38617.2,1,1,1,104876.8,0,False,False,Middle,80567.92,0.3675098583184502,0,15679394
654,0,28,7,0.0,2,1,0,151316.37,0,False,False,Young,105921.45899999999,0.3025903082780008,0,15801072
676,0,34,8,82909.14,1,1,0,91817.38,1,False,False,Middle,156363.044,0.46870887225171676,0,15646082
708,0,54,8,145151.4,1,0,1,125311.17,1,True,False,Senior,245400.336,0.8157092930443263,1,15796111
499,0,42,0,147187.84,1,1,1,14868.94,1,False,True,Middle,147187.84,0.5409689755627377,1,15670646
689,1,39,4,0.0,2,1,0,196112.45,0,False,False,Middle,78444.98000000001,0.3665444004293665,0,15578722
850,1,54,7,108185.81,2,0,0,24093.4,1,False,True,Senior,125051.19,0.6964231025403456,1,15815095
502,1,30,4,0.0,2,1,1,66263.87,0,False,False,Young,26505.548,0.11533379367293918,0,15730360
643,1,34,7,0.0,2,0,1,100304.13,0,False,False,Middle,70212.891,0.13805854188740682,0,15763194
762,1,28,2,0.0,2,1,0,167909.52,0,False,False,Young,33581.904,0.1898126827163696,0,15720725
719,1,49,5,105918.1,1,1,1,16246.59,0,False,False,Senior,114041.395,0.40573381815966386,0,15567834
789,1,27,6,0.0,2,1,0,103603.65,0,False,False,Young,62162.189999999995,0.17060086596137805,0,15720644
553,1,42,7,0.0,2,1,0,7680.23,0,False,True,Middle,5376.161,0.44404224481419974,0,15811742
448,1,25,2,0.0,2,0,0,95215.73,0,False,True,Young,19043.146,0.21614995350455865,0,15813363
632,1,42,6,59972.26,2,0,1,148172.94,0,True,False,Middle,148876.024,0.4424630852556605,0,15717629
669,1,25,7,157228.61,2,1,0,124382.9,0,False,True,Young,244296.63999999998,0.2487733890791341,0,15713160
654,1,34,5,0.0,2,1,0,159311.46,0,False,True,Middle,79655.73,0.30938512592407147,0,15568878
726,0,38,4,0.0,2,0,0,6787.48,0,False,False,Middle,2714.992,0.4784348979931429,0,15809800
596,1,21,4,210433.08,2,0,1,197297.77,1,False,False,Young,289352.18799999997,0.10240040814650961,0,15736420
733,0,30,1,102452.71,1,1,0,21556.95,0,True,False,Young,104608.40500000001,0.620556734084759,1,15757933
529,0,35,5,0.0,2,1,0,56518.0,0,False,True,Middle,28259.0,0.47069045083759303,0,15623072
493,0,37,8,142987.46,2,1,0,158840.99,0,False,False,Middle,270060.252,0.5917535632426156,1,15683993
615,0,29,7,143330.56,2,1,1,126396.01,0,False,True,Young,231807.767,0.23859700355507857,0,15570947
600,0,49,6,0.0,1,0,1,148087.88,1,False,False,Senior,88852.728,0.5095205087888616,1,15797767
666,1,36,4,120165.4,2,1,0,33701.5,0,False,False,Middle,133646.0,0.389118197865694,0,15731989
644,1,54,6,0.0,1,0,1,84622.37,0,False,True,Senior,50773.422,0.4797996093345077,0,15591035
692,0,36,4,0.0,1,1,0,185580.89,1,False,False,Middle,74232.35600000001,0.4655061072249343,0,15586479
707,1,73,6,66573.17,1,1,1,62768.8,0,False,False,Elder,104234.45000000001,0.7963321753461027,1,15605872
603,1,40,4,102833.46,2,1,1,38829.11,0,False,False,Middle,118365.104,0.2572263923922318,0,15666012
671,0,34,5,164757.56,1,1,0,110748.88,0,False,False,Middle,220132.0,0.5385537967878787,1,15641733
568,0,36,10,153610.61,1,1,1,54083.8,1,False,True,Middle,207694.40999999997,0.3577667924853184,0,15593178
598,0,35,8,0.0,3,0,1,88658.73,0,False,True,Middle,70926.984,0.23535326443365592,0,15649183
606,1,42,10,0.0,2,1,0,177938.52,0,False,True,Middle,177938.52000000002,0.46604802141360196,0,15736399
850,0,36,3,169025.83,1,1,0,174235.06,0,True,False,Middle,221296.348,0.7273863835225025,1,15751137
644,0,26,4,153455.72,2,1,1,82696.84,0,False,True,Young,186534.456,0.20344334542400427,0,15757188
655,1,37,4,0.0,2,1,1,142415.97,0,False,False,Middle,56966.388000000006,0.1680582398211308,0,15726167
850,1,30,10,153972.89,2,1,0,62811.03,0,False,False,Young,216783.92,0.25409061789354676,0,15624850
683,1,34,9,114609.55,2,0,1,25339.29,0,False,True,Middle,137414.91100000002,0.1756482820204999,0,15717700
663,1,37,7,143625.83,2,0,1,176487.05,0,True,False,Middle,267166.765,0.4028599866574265,0,15716347
682,0,38,1,116520.28,1,1,1,49833.5,1,True,False,Middle,121503.63,0.5632111364597984,1,15696287
639,1,77,6,80926.02,2,1,1,55829.25,0,False,False,Elder,114423.57,0.8407512601218833,1,15638871
704,1,23,6,166594.78,1,1,1,155823.2,0,False,False,Young,260088.7,0.10267394302251635,0,15765093
691,0,40,0,115465.98,1,1,1,60622.61,0,False,False,Middle,115465.98,0.4115714270106823,0,15592999
599,1,34,8,0.0,2,1,1,174196.68,0,False,False,Middle,139357.344,0.14405610987845693,0,15641715
573,0,36,1,0.0,1,1,1,56905.38,0,False,False,Middle,5690.5380000000005,0.28558297718340947,0,15607746
589,0,41,7,92618.62,1,1,1,101178.85,0,True,False,Middle,163443.815,0.594416794713577,1,15625311
620,0,25,8,141825.88,1,1,1,73857.94,1,True,False,Young,200912.23200000002,0.31488818982538924,0,15573077
647,1,28,6,149594.02,2,1,0,102325.19,0,False,True,Young,210989.134,0.29288530004978863,0,15735106
737,0,39,7,130051.66,2,0,0,55356.39,1,False,True,Middle,168801.133,0.5958227541201743,1,15672912
634,0,41,7,0.0,2,1,1,131284.93,0,False,False,Middle,91899.451,0.32107625976081194,0,15589881
660,1,38,4,0.0,2,0,0,88080.43,0,False,False,Middle,35232.172,0.35903410622233645,0,15660144
666,0,37,2,158468.76,1,0,1,93266.01,0,True,False,Middle,177121.962,0.5754341769280114,1,15664083
696,1,44,8,161889.79,1,0,0,75562.47,0,False,False,Middle,222339.766,0.5790562697883942,1,15690898
836,0,29,9,133681.78,1,1,1,153747.73,0,False,False,Young,272054.737,0.20580993378157783,0,15808023
667,0,34,5,0.0,2,1,0,163830.64,0,False,True,Middle,81915.32,0.4352327119050286,0,15676909
596,1,20,3,187294.46,1,1,0,103456.47,0,False,True,Young,218331.401,0.22697742751675212,0,15764922
430,1,31,5,0.0,1,1,0,95655.16,0,False,False,Middle,47827.58000000001,0.28709254275742085,0,15766734
596,1,67,6,0.0,2,1,1,138350.74,0,False,True,Elder,83010.444,0.7015446093685719,1,15795079
599,1,28,7,119706.22,1,0,0,31190.42,0,False,False,Young,141539.514,0.2741601320663799,0,15757434
519,0,22,8,0.0,1,0,1,167553.06,0,False,False,Young,134042.448,0.12177217920480764,0,15673747
721,0,45,7,138523.2,1,0,0,59604.45,1,True,False,Middle,180246.315,0.8380998757611383,1,15808386
603,0,56,5,90778.76,2,1,0,162223.67,1,False,True,Senior,171890.59500000003,0.8495165088961536,1,15603565
572,1,47,4,99353.42,1,1,0,196549.85,1,True,False,Senior,177973.36,0.7846610582008576,1,15744044
453,0,40,1,111524.49,1,1,1,120373.84,1,True,False,Middle,123561.87400000001,0.6286707104567391,1,15577771
668,0,37,7,128645.67,1,1,0,92149.64,0,False,False,Middle,193150.418,0.5628532924316205,1,15769548
762,1,35,1,117458.51,1,0,1,178361.48,1,True,False,Middle,135294.658,0.35238987123865695,0,15802071
633,0,39,9,129189.15,2,0,0,170998.83,0,False,False,Middle,283088.097,0.6068457840271989,1,15677395
647,1,33,7,121260.19,2,1,0,77216.48,0,False,True,Middle,175311.726,0.3532863962485234,0,15632010
796,1,56,6,94231.13,1,0,0,121164.6,1,False,True,Senior,166929.89,0.7608184160454414,1,15779492
733,1,39,1,0.0,2,1,1,141841.31,0,False,False,Middle,14184.131000000001,0.1845457417205822,0,15694677
556,1,34,8,163757.06,1,1,1,104000.06,0,False,False,Middle,246957.108,0.21881628125591907,0,15704315
489,1,58,4,0.0,2,1,1,191419.32,0,False,True,Senior,76567.728,0.5637021966954054,1,15742009
639,1,22,4,0.0,2,1,0,28188.96,0,False,False,Young,11275.584,0.1368923708901342,0,15766663
715,1,35,2,141005.47,1,1,1,60407.93,0,False,False,Middle,153087.056,0.21692562338868346,0,15742297
807,0,42,9,105356.09,2,1,1,130489.37,0,True,False,Middle,222796.52300000002,0.5619738116545111,1,15688059
714,1,34,5,0.0,2,1,0,193040.32,0,False,True,Middle,96520.16000000002,0.30242318611255986,0,15752344
626,0,23,6,85897.95,1,1,0,109742.8,0,True,False,Young,151743.63,0.4708539763489453,0,15698749
697,1,36,7,0.0,2,1,1,74760.32,0,False,False,Middle,52332.22400000001,0.14544775533359483,0,15631693
850,0,31,4,164672.66,1,0,1,61936.1,0,True,False,Middle,189447.1,0.423520482484505,0,15604536
737,0,45,2,99169.67,2,1,1,78650.95,0,True,False,Middle,114899.86,0.6414614423039245,1,15802869
812,1,29,6,0.0,2,0,0,168023.6,0,False,False,Young,100814.16000000002,0.20189721287174786,0,15635598
583,1,36,8,0.0,2,0,1,5571.59,0,False,False,Middle,4457.272,0.15009591057226324,0,15592326
730,0,37,5,124053.03,1,1,0,118591.67,0,True,False,Middle,183348.865,0.732387071596855,1,15736533
677,1,36,4,0.0,2,1,0,7824.31,0,False,False,Middle,3129.724,0.311826406679778,0,15647191
748,0,40,3,103499.09,2,0,0,38153.19,0,True,False,Middle,114945.04699999999,0.7573567263804788,1,15622507
753,0,38,9,151766.71,1,1,1,180829.99,0,True,False,Middle,314513.701,0.5637049380264743,1,15765487
634,0,36,1,0.0,1,1,1,143960.72,0,False,True,Middle,14396.072,0.2905855616275803,0,15646521
622,1,29,7,101486.96,1,1,1,8788.35,0,False,False,Young,107638.80500000001,0.12655097235187004,0,15746258
699,1,36,2,123601.56,2,1,0,103557.85,0,True,False,Middle,144313.13,0.5844921683481337,1,15692430
570,1,38,1,127201.58,1,1,0,147168.28,1,True,False,Middle,141918.408,0.6645876629127837,1,15625501
552,1,33,3,144962.74,1,1,0,58844.84,1,True,False,Middle,162616.19199999998,0.5887570928747844,1,15640521
619,0,48,4,0.0,1,0,0,18094.96,1,False,False,Senior,7237.984,0.70198179198173,1,15790630
714,1,33,8,122017.19,1,0,0,162515.17,0,False,True,Middle,252029.326,0.38650673832001015,0,15664720
503,1,32,9,100262.88,2,1,1,157921.25,0,False,True,Middle,242392.005,0.18268331145729108,0,15750055
685,0,43,6,117302.62,1,0,0,68701.73,0,False,True,Middle,158523.658,0.6946083263856523,1,15644878
606,0,35,0,135984.15,2,1,0,186778.89,0,False,False,Middle,135984.15,0.5280445828048671,1,15754578
678,1,38,3,0.0,2,1,0,66561.6,0,False,False,Middle,19968.480000000003,0.35183395538178125,0,15705379
724,1,31,2,160997.54,2,0,1,64831.36,0,True,False,Middle,173963.812,0.30380017413869426,0,15761047
779,0,37,2,128389.63,1,1,1,6589.16,1,True,False,Middle,129707.462,0.5319652962423229,1,15671293
638,1,35,1,0.0,2,1,0,165370.66,0,False,True,Middle,16537.066000000003,0.3296110351991911,0,15687527
610,0,50,5,130554.51,3,1,0,184758.17,1,False,True,Senior,222933.59500000003,0.7834851990032456,1,15647898
646,0,57,6,90212.0,1,1,0,13911.27,1,True,False,Senior,98558.762,0.9208013169981312,1,15671534
628,0,29,9,71996.29,1,1,1,34857.46,0,False,False,Young,103368.004,0.18224964246544248,0,15591248
528,0,32,4,85615.66,2,1,0,156192.43,0,False,False,Middle,148092.632,0.45271285230792035,0,15676156
432,0,27,6,62339.81,2,0,0,53874.67,0,False,False,Young,94664.612,0.3564119595510858,0,15812918
622,0,47,6,142319.03,1,0,0,100183.05,0,False,True,Senior,202428.86000000002,0.7791315044709204,1,15604130
721,1,54,5,0.0,2,1,1,4493.12,0,False,False,Senior,2246.56,0.4049447801958062,0,15700549
614,1,36,5,0.0,2,1,0,130610.78,0,False,True,Middle,65305.39000000001,0.34776823920873345,0,15715519
634,0,24,2,87413.19,1,1,0,63340.65,0,False,False,Young,100081.32,0.3199099011673813,0,15707042
742,0,29,4,0.0,2,1,1,180066.59,0,False,False,Young,72026.636,0.15129046414951744,0,15605276
516,0,45,4,0.0,1,1,0,95273.73,1,False,False,Middle,38109.492,0.6621123823209528,1,15630592
718,1,35,3,97560.16,1,1,1,53511.74,0,False,False,Middle,113613.682,0.19373114929654411,0,15636626
636,1,30,8,141787.31,2,1,1,109685.61,0,True,False,Young,229535.798,0.26611945756071465,0,15740411
691,1,36,7,129934.64,1,0,0,75664.56,1,False,True,Middle,182899.832,0.43706548335016265,0,15593834
698,0,37,2,166178.02,2,1,1,71972.95,0,False,False,Middle,180572.61,0.35569992189165023,0,15804235
712,0,39,5,163097.55,2,1,1,23702.42,0,False,True,Middle,174948.75999999998,0.39631685846076964,0,15679801
659,1,20,8,0.0,2,0,0,112572.02,0,False,False,Young,90057.61600000001,0.11830791197580343,0,15673907
573,1,44,8,0.0,2,0,0,62424.46,0,False,True,Middle,49939.568,0.4922787632335787,0,15636562
778,0,35,1,151958.19,3,1,1,131238.37,1,True,False,Middle,165082.027,0.45638474100161885,0,15702571
732,1,46,0,0.0,2,1,1,184350.78,0,False,False,Senior,0.0,0.27509328809349337,0,15627365
550,1,33,4,118400.91,1,0,1,13999.64,1,True,False,Middle,124000.766,0.34979486253522,0,15748499
790,1,20,8,0.0,2,1,0,168152.76,0,False,True,Young,134522.208,0.12148785919076768,0,15598614
665,0,43,2,116322.27,4,1,0,35640.12,1,True,False,Middle,123450.29400000001,0.780562474533168,1,15668889
728,0,43,5,0.0,1,1,1,120088.17,0,False,True,Middle,60044.085,0.38988937988028677,0,15800049
645,0,29,4,0.0,2,1,1,74346.11,0,False,True,Young,29738.444000000003,0.17419527187672573,0,15583724
647,1,30,6,143138.91,2,1,0,2955.46,0,True,False,Young,144912.18600000002,0.4666437801420015,0,15622083
596,1,32,4,0.0,2,0,1,146504.35,0,False,True,Middle,58601.740000000005,0.14242911666705363,0,15645571
610,1,40,9,0.0,1,1,1,149602.54,0,False,False,Middle,134642.28600000002,0.22092397564989316,0,15598266
512,1,36,0,129804.17,1,1,0,53020.9,0,False,False,Middle,129804.17,0.4685855032388904,0,15667934
768,1,37,9,108308.11,1,1,0,41788.25,1,True,False,Middle,145917.535,0.5647798930080159,1,15569682
666,1,30,3,110153.27,1,0,1,74849.46,0,True,False,Young,132608.108,0.2824868021564841,0,15772941
700,0,30,4,116377.48,1,1,1,134417.31,0,True,False,Young,170144.40399999998,0.3924218755727485,0,15586174
651,0,37,10,117791.06,2,1,1,75837.58,0,True,False,Middle,193628.64,0.48286387371504474,0,15803682
542,0,26,2,0.0,2,1,1,54869.54,0,False,True,Young,10973.908000000001,0.15841932094355185,0,15627328
686,0,35,8,105419.73,1,1,0,35356.46,0,False,False,Middle,133704.898,0.48869829419887817,0,15717065
850,0,47,4,99219.47,2,1,1,122141.13,0,True,False,Senior,148075.92200000002,0.6510387571682461,1,15602456
658,0,55,8,119327.93,1,0,1,119439.66,0,True,False,Senior,214879.658,0.8212225888958652,1,15721569
448,0,36,6,83947.12,2,1,0,81999.53,0,False,False,Middle,133146.838,0.532213673385898,1,15573798
609,1,32,4,99883.16,1,1,1,120594.85,0,False,True,Middle,148121.1,0.18592412624448063,0,15638272
704,1,50,4,165438.26,1,1,0,120770.75,1,False,False,Senior,213746.56,0.6960492021044882,1,15799859
698,1,31,1,156111.24,1,0,0,134790.74,0,False,False,Middle,169590.31399999998,0.3543507832605108,0,15599152
759,1,44,2,111095.58,2,1,0,100137.7,0,False,False,Middle,131123.12,0.5271307769047056,1,15737909
677,0,56,0,119963.45,1,0,0,158325.87,1,False,False,Senior,119963.45,0.8563250100016488,1,15646190
544,1,22,4,0.0,2,1,0,70007.67,0,False,True,Young,28003.068,0.16012117609417534,0,15711249
567,1,35,8,153137.74,1,1,0,88659.07,0,False,True,Middle,224064.99599999998,0.44531645433328154,0,15671987
490,1,40,6,156111.08,1,0,0,190889.13,0,False,True,Middle,270644.55799999996,0.5867041829789278,1,15812766
626,1,34,7,113014.7,2,1,1,56646.28,0,False,False,Middle,152667.096,0.1712866227668307,0,15778589
718,1,43,5,132615.73,2,1,0,32999.1,0,True,False,Middle,149115.28,0.696574745465757,1,15750104
616,1,44,5,102016.38,1,0,1,178235.37,1,False,False,Middle,191134.065,0.3506612517759337,0,15784526
772,0,35,9,0.0,1,0,1,25448.31,0,False,False,Middle,22903.479000000003,0.21174279407075405,0,15646563
561,1,32,5,0.0,2,1,0,84871.99,0,False,False,Middle,42435.995,0.2642879879086024,0,15744423
814,1,49,8,0.0,2,0,0,157822.54,0,False,False,Senior,126258.032,0.5391460702558745,1,15593694
651,0,56,4,0.0,1,0,0,84383.22,1,False,False,Senior,33753.288,0.8112594443697709,1,15785367
538,0,42,4,80380.24,1,1,0,119216.46,0,True,False,Middle,128066.82400000001,0.8055720218564297,1,15687765
600,0,26,6,108909.12,1,1,0,82547.01,0,False,False,Young,158437.326,0.35658980105402016,0,15789014
654,0,35,2,90865.8,1,1,1,86764.46,0,False,False,Middle,108218.69200000001,0.3027900008973975,0,15703177
622,1,40,4,99799.76,2,1,0,197372.13,0,False,False,Middle,178748.61200000002,0.4631727930743431,0,15660263
682,1,28,10,200724.96,1,0,1,82872.64,1,False,False,Young,283597.6,0.1490327873384456,0,15776545
610,0,37,10,140363.95,2,1,1,129563.86,0,False,True,Middle,269927.81000000006,0.3614810571386718,0,15683276
795,0,36,1,151844.64,1,1,1,135388.89,0,False,False,Middle,165383.529,0.33206985175816167,0,15599272
557,0,27,2,0.0,2,0,1,4497.55,0,False,False,Young,899.5100000000001,0.15925239158927057,0,15589541
824,1,49,8,133231.48,1,1,1,67885.37,0,True,False,Senior,187539.776,0.5857213141039396,1,15608804
698,1,27,7,0.0,2,1,0,111471.55,0,False,False,Young,78030.085,0.17904724244322168,0,15645820
630,0,36,8,126598.99,2,1,1,134407.93,0,False,False,Middle,234125.334,0.3124257422234952,0,15659031
609,0,71,6,113317.1,1,1,0,108258.22,1,True,False,Elder,178272.032,0.9751943486584442,1,15790113
694,1,47,4,0.0,2,1,0,197528.62,0,False,False,Senior,79011.448,0.5165934117051973,1,15652289
681,0,58,8,93173.88,1,1,1,139761.25,0,False,False,Senior,204982.88,0.7062406180677598,1,15605341
721,0,32,10,0.0,1,1,0,136119.96,1,False,True,Middle,136119.96,0.4009335194748017,0,15697844
563,1,44,7,105007.31,2,1,1,197812.16,0,True,False,Middle,243475.82200000001,0.5229110239586191,1,15652048
654,0,32,2,0.0,1,1,1,51972.92,1,False,True,Middle,10394.584,0.23247118632232017,0,15587038
659,1,27,4,0.0,2,1,0,99341.87,0,False,True,Young,39736.748,0.20561447026046817,0,15660528
674,0,44,4,131593.85,1,0,1,171345.02,1,True,False,Middle,200131.858,0.6777597729725087,1,15700300
576,1,44,9,119530.52,1,1,0,119056.68,1,True,False,Middle,226681.532,0.7419238391559426,1,15642001
566,1,54,4,118614.6,2,1,1,172601.62,0,True,False,Senior,187655.24800000002,0.7063142015000202,1,15580366
545,1,37,9,95829.13,2,0,1,104936.88,0,True,False,Middle,190272.32200000001,0.3738836582518134,0,15657228
798,1,36,1,0.0,2,1,1,159044.1,0,False,False,Middle,15904.410000000002,0.1452307803643156,0,15729377
757,1,38,0,0.0,1,1,0,83263.06,0,False,False,Middle,0.0,0.3715654023348595,0,15686913
641,1,50,6,153590.73,2,1,1,130910.78,0,False,False,Senior,232137.198,0.4546731634502124,0,15631267
718,1,29,2,0.0,1,1,0,126336.72,0,False,False,Young,25267.344,0.22489253359828032,0,15632275
699,1,64,9,113109.52,1,1,0,27980.8,1,False,False,Elder,138292.24,0.8344747901004532,1,15715907
623,0,35,0,130557.24,1,1,1,47880.71,0,False,False,Middle,130557.24,0.3443926788485231,0,15764841
644,1,40,8,93183.19,1,1,0,73882.49,0,False,False,Middle,152289.182,0.4555907500657171,0,15748649
586,1,58,7,151933.63,1,1,0,162960.05,1,False,False,Senior,266005.665,0.8168949502739357,1,15771409
500,1,30,2,125495.64,2,1,1,68807.47,0,True,False,Young,139257.134,0.2933920412483186,0,15779207
583,0,42,7,0.0,2,1,0,144039.05,0,False,False,Middle,100827.33499999999,0.5721944665243021,1,15814116
595,0,26,8,118547.72,1,1,1,151192.18,0,True,False,Young,239501.464,0.33727647729018967,0,15665087
670,1,43,1,97792.21,1,0,0,120225.62,0,False,True,Middle,109814.77200000001,0.5752075456970512,1,15611189
610,1,41,6,0.0,3,0,0,56118.81,1,False,False,Middle,33671.286,0.38849876569858066,0,15729718
814,0,72,2,0.0,2,0,1,130853.03,0,False,True,Elder,26170.606,0.8449049572936372,1,15733602
660,0,40,8,167181.01,1,1,1,185156.94,0,False,False,Middle,315306.56200000003,0.43751126392659856,0,15620103
580,1,35,9,121355.19,1,0,1,35671.45,0,True,False,Middle,153459.495,0.35230004848169055,0,15770406
850,0,81,1,0.0,2,1,1,59568.24,0,False,False,Elder,5956.8240000000005,0.9053681518810596,1,15800554
676,1,35,0,0.0,2,0,0,139911.58,0,False,True,Middle,0.0,0.33551768812304483,0,15611409
578,1,46,5,113226.47,1,1,0,56770.76,0,False,False,Senior,141611.85,0.6078778179113792,1,15646535
579,0,33,1,118392.75,1,1,1,157564.75,0,False,False,Middle,134149.225,0.2939457150509402,0,15575430
711,0,52,8,145262.54,1,0,1,131473.31,0,True,False,Senior,250441.18800000002,0.7920074863872005,1,15711299
692,1,40,6,163505.16,1,0,0,90424.09,0,False,False,Middle,217759.614,0.5155908700316869,1,15642063
760,0,33,1,118114.28,2,0,1,156660.21,0,False,True,Middle,133780.301,0.27804488183534304,0,15706602
630,0,51,0,108449.23,3,0,0,88372.69,1,True,False,Senior,108449.23,0.8845214334806745,1,15592773
808,1,32,1,0.0,2,1,1,46200.71,0,False,False,Middle,4620.071,0.11568705181550185,0,15786539
611,0,36,10,103294.56,1,1,0,160548.12,0,True,False,Middle,263842.68,0.7239606236246726,1,15737542
697,0,42,1,0.0,1,1,0,1262.83,1,False,False,Middle,126.283,0.598521954016087,1,15590234
655,0,38,6,0.0,1,1,1,188639.28,0,False,False,Middle,113183.568,0.2962301098432257,0,15773776
601,1,28,6,0.0,2,1,0,14665.28,0,False,True,Young,8799.168000000001,0.2135715034882709,0,15728082
755,1,42,2,119919.12,1,1,0,156868.21,0,False,False,Middle,151292.762,0.5146627431788146,1,15609987
553,1,37,1,0.0,1,1,0,30461.55,0,False,False,Middle,3046.155,0.3901813678151006,0,15735330
723,1,28,4,0.0,2,1,1,123885.88,0,False,False,Young,49554.352000000006,0.08747597934580512,0,15649430
507,0,34,4,0.0,2,1,1,60688.38,0,False,True,Middle,24275.352,0.2549612021843248,0,15768777
777,1,43,1,0.0,2,1,0,21785.91,0,False,False,Middle,2178.591,0.4415299710253533,0,15777893
566,1,34,3,0.0,1,0,0,188135.69,0,False,False,Middle,56440.70700000001,0.3275849144507973,0,15791326
732,1,26,7,0.0,2,1,0,154364.66,0,False,False,Young,108055.26200000002,0.1688300831607445,0,15615176
697,0,42,10,0.0,2,1,0,61312.15,0,False,False,Middle,61312.15,0.5213198133689882,1,15735221
555,1,29,4,128744.04,1,1,1,47454.93,0,False,False,Young,147726.012,0.15332922449818195,0,15617991
584,0,62,9,137727.34,2,0,1,121102.9,0,True,False,Elder,246719.94999999998,0.8876945114774033,1,15658504
705,0,44,10,106731.58,1,1,0,137419.87,1,True,False,Middle,244151.45,0.8164098614578198,1,15785705
688,0,38,7,123544.21,1,1,1,157664.02,0,False,False,Middle,233909.024,0.3616078163027817,0,15801817
626,0,37,2,133968.96,2,1,0,148689.65,0,False,False,Middle,163706.88999999998,0.5657583671493726,1,15752578
636,1,76,9,126534.6,1,1,1,39789.62,0,False,True,Elder,162345.258,0.8620586308139607,1,15781574
719,0,35,8,0.0,1,1,1,165162.4,0,False,True,Middle,132129.92,0.26000543670078785,0,15792107
706,1,30,6,87609.68,2,0,0,137674.55,1,False,True,Young,170214.40999999997,0.2920316944854852,0,15569917
731,1,41,3,0.0,2,1,0,101371.72,0,False,True,Middle,30411.516000000003,0.4230001325743402,0,15721504
738,1,49,3,0.0,3,1,1,65066.48,1,False,True,Senior,19519.944,0.3306400455516113,0,15757306
426,1,34,9,0.0,2,1,0,107876.91,0,False,False,Middle,97089.21900000001,0.3072839910020208,0,15647295
622,0,36,0,108960.0,2,1,0,111180.3,1,False,True,Middle,108960.0,0.5659963802798224,1,15642098
701,0,30,2,0.0,2,1,0,115650.63,0,False,True,Young,23130.126000000004,0.35956394332419706,0,15696120
512,1,51,6,144953.31,1,1,1,165035.17,0,False,False,Senior,243974.412,0.5189124368555285,1,15675176
635,1,41,4,103544.88,2,1,0,193746.55,0,False,False,Middle,181043.5,0.4825029675080519,0,15700046
685,1,33,6,0.0,1,1,0,58458.26,0,False,False,Middle,35074.956,0.27418989880674993,0,15782089
609,1,53,7,0.0,2,0,1,52332.85,0,False,False,Senior,36632.995,0.4071086269846406,0,15706394
598,1,38,1,101487.18,1,1,1,75959.1,1,True,False,Middle,109083.09,0.42818598249585105,0,15759387
708,1,52,10,105355.81,1,1,0,123.07,1,False,False,Senior,105478.88,0.6456676362968332,1,15623369
574,1,36,4,77967.5,1,1,0,167066.95,1,False,True,Middle,144794.28000000003,0.4301786172414417,0,15732943
629,1,44,5,0.0,4,0,0,117572.59,1,False,False,Middle,58786.295,0.42862261857456446,0,15750545
422,0,54,4,0.0,2,1,1,7166.71,0,False,True,Senior,2866.684,0.6283810387646793,1,15809909
656,1,28,8,120047.77,1,1,1,137173.39,0,False,True,Young,229786.48200000002,0.14345928031080032,0,15642448
697,1,32,7,175464.85,3,1,0,116442.42,1,False,False,Middle,256974.544,0.3219454373129536,0,15791944
718,1,52,8,79475.3,3,1,1,32421.32,1,False,False,Senior,105412.356,0.3811761057568949,0,15768342
586,1,37,8,167735.69,2,0,1,104665.79,0,True,False,Middle,251468.322,0.41687116832695037,0,15567919
481,0,37,8,0.0,2,1,0,44215.86,0,False,True,Middle,35372.688,0.49838319063431574,0,15674750
749,0,33,1,74385.98,1,1,0,20164.47,0,False,False,Middle,76402.427,0.4657008599900644,0,15778345
561,1,49,5,94754.0,1,1,1,26691.31,0,True,False,Senior,108099.655,0.6173118059291834,1,15687634
676,1,27,4,0.0,1,0,1,107955.67,0,False,True,Young,43182.268000000004,0.10432784726928813,0,15666096
615,1,43,3,86920.86,1,1,1,150048.37,0,True,False,Middle,131935.37099999998,0.5002748039184683,1,15581700
582,0,39,1,132077.48,2,1,0,192255.15,0,False,False,Middle,151302.995,0.6054974353675555,1,15656417
601,1,40,10,127847.86,1,0,0,173245.68,0,False,False,Middle,301093.54,0.519201067879174,1,15649101
708,1,34,3,0.0,1,0,1,121457.88,1,False,False,Middle,36437.364,0.1502195956786589,0,15781975
708,1,42,9,176702.36,2,1,1,104804.74,0,True,False,Middle,271026.626,0.48438719835799543,0,15700511
797,0,33,10,83555.58,1,0,0,69767.14,0,True,False,Middle,153322.72,0.6133283761425233,1,15770255
682,1,26,8,0.0,2,1,0,178373.43,0,False,False,Young,142698.744,0.17673059860638055,0,15643574
694,0,39,9,0.0,2,0,0,99924.04,0,False,True,Middle,89931.636,0.516741521995445,1,15595010
490,0,40,1,0.0,1,1,1,49594.19,1,False,False,Middle,4959.419000000001,0.36705035819707127,0,15580579
828,1,42,10,0.0,1,1,1,186071.14,0,False,True,Middle,186071.14,0.24798909919627307,0,15748532
594,0,38,7,96858.35,1,1,0,77511.45,0,False,True,Middle,151116.36500000002,0.5977738618844632,1,15773789
579,1,33,1,0.0,2,1,1,54816.57,0,False,True,Middle,5481.657,0.1564584956134601,0,15600027
723,0,35,0,0.0,2,0,1,61290.99,0,False,False,Middle,0.0,0.24225338189891016,0,15620832
619,0,42,8,132796.04,3,1,1,191821.35,1,True,False,Middle,286253.12,0.6060726099591486,1,15568819
794,0,30,1,154970.54,1,0,1,156768.45,0,False,True,Young,170647.385,0.2658231390906025,0,15748691
674,1,44,3,88902.21,1,1,0,73731.32,0,True,False,Middle,111021.60600000001,0.7238827234335884,1,15583552
418,1,28,7,98738.92,1,1,0,122190.22,0,False,False,Young,184272.07400000002,0.2949583573086983,0,15588019
502,1,33,8,0.0,2,1,1,123509.01,0,False,False,Middle,98807.208,0.13762411768315383,0,15713250
678,0,50,6,0.0,1,1,0,8199.5,0,False,False,Senior,4919.700000000001,0.7041543776029395,1,15569595
599,1,40,10,137456.28,2,1,1,14113.11,0,True,False,Middle,151569.39,0.4068542154876435,0,15794868
736,1,29,4,0.0,2,0,0,51705.01,0,False,False,Young,20682.004,0.208693524460186,0,15576680
430,0,60,7,73937.02,1,1,0,161937.62,1,False,False,Senior,187293.354,0.8907424978618328,1,15613699
537,0,45,7,158621.04,1,1,0,120892.96,1,False,False,Middle,243246.11200000002,0.7440632449338676,1,15609758
683,1,30,1,113257.2,1,1,1,65035.02,0,False,True,Young,119760.70199999999,0.1690307846921451,0,15762392
828,1,31,9,0.0,1,0,1,164257.37,0,False,False,Middle,147831.633,0.11308437550018743,0,15693382
691,0,29,9,116536.43,1,1,0,51987.99,0,False,False,Young,163325.62099999998,0.3801198923071354,0,15791769
608,0,28,4,0.0,2,1,0,10899.63,1,False,True,Young,4359.852,0.3323962667404032,0,15712483
691,0,60,6,101070.69,1,1,0,177355.8,1,False,False,Senior,207484.16999999998,0.8800729320097107,1,15636454
718,1,39,6,0.0,2,0,1,63889.1,0,False,True,Middle,38333.46,0.19861770026417946,0,15710138
680,0,31,3,127331.46,3,1,1,176433.6,0,True,False,Middle,180261.54,0.3778796358526577,0,15571571
838,0,41,5,0.0,2,1,0,81313.51,0,False,True,Middle,40656.755000000005,0.5323349607468424,1,15638751
695,0,31,5,0.0,2,0,1,13998.88,0,False,True,Middle,6999.44,0.19159183679057173,0,15598574
681,1,46,0,105969.42,1,1,0,5771.56,0,False,False,Senior,105969.42,0.6200559661939626,1,15796787
762,1,36,5,119547.46,1,1,1,42693.65,0,False,False,Middle,140894.285,0.2026964031250679,0,15615670
751,1,38,7,0.0,2,0,0,90839.61,0,False,True,Middle,63587.727000000006,0.3586978043824398,0,15705506
678,1,28,5,138668.18,1,1,1,54144.01,0,False,True,Young,165740.185,0.14689174612932518,0,15599535
634,0,37,7,51582.5,2,1,1,184312.88,0,False,False,Middle,180601.516,0.29359671921914776,0,15768449
749,1,37,7,0.0,2,1,0,20306.79,0,False,False,Middle,14214.753,0.29867923527021356,0,15725002
590,1,37,6,169902.92,1,1,1,128256.18,0,False,True,Middle,246856.62800000003,0.2889607524964855,0,15611682
610,0,27,4,87262.4,2,1,0,182720.07,0,False,False,Young,160350.428,0.3481830397862923,0,15749964
502,1,33,7,0.0,2,0,1,4082.52,0,False,False,Middle,2857.764,0.13293890629672253,0,15678779
578,0,40,7,0.0,2,0,0,102233.73,0,False,False,Middle,71563.611,0.536575452003371,1,15752601
547,0,32,2,0.0,2,1,0,132002.83,0,False,False,Middle,26400.566,0.39493683674849706,0,15758477
579,0,27,9,0.0,2,1,0,126838.7,0,False,False,Young,114154.83000000002,0.29072695658826214,0,15629133
661,1,39,5,0.0,2,0,0,181461.46,0,False,False,Middle,90730.73,0.37995635031684505,0,15604963
794,1,46,6,0.0,2,1,0,195325.74,0,False,False,Senior,117195.444,0.4818484988574457,0,15796413
719,1,61,5,0.0,2,0,1,29132.43,0,False,False,Elder,14566.215,0.5499083148819329,1,15812470
728,0,69,1,0.0,2,1,1,131804.86,0,False,False,Elder,13180.485999999999,0.8000332923403831,1,15587443
598,1,19,3,150348.37,1,1,1,173784.04,0,True,False,Young,202483.582,0.15904454389536418,0,15689692
822,0,46,3,115074.02,2,1,0,26249.86,0,True,False,Senior,122948.978,0.8240360488084969,1,15779586
670,0,40,3,0.0,1,1,1,182650.15,0,False,True,Middle,54795.045,0.34907931863611624,0,15667588
850,1,28,8,99986.98,1,1,0,196582.55,0,False,False,Young,257253.02000000002,0.24564783226752468,0,15624423
723,0,68,3,110357.0,1,0,0,141977.54,1,True,False,Elder,152950.262,0.9682909310225722,1,15591107
705,1,42,8,166685.92,2,1,1,55313.51,0,True,False,Middle,210936.728,0.4699712832440034,0,15748986
677,1,40,7,95312.8,1,1,1,62944.75,0,False,True,Middle,139374.125,0.2706688141717612,0,15793896
736,1,43,4,202443.47,1,1,0,72375.03,0,False,False,Middle,231393.48200000002,0.5893974141303064,1,15620570
661,0,47,0,109493.62,1,0,0,188324.01,1,True,False,Senior,109493.62,0.8613194951043291,1,15727811
501,1,38,9,88977.39,2,0,1,133403.07,0,True,False,Middle,209040.15300000002,0.4028046916658795,0,15707681
516,0,29,2,104982.57,1,1,0,157378.5,0,False,False,Young,136458.27000000002,0.43498448383063304,0,15702030
517,0,59,8,154110.99,2,1,0,101240.08,1,True,False,Senior,235103.054,0.9427365029322137,1,15673238
766,1,32,6,185714.28,1,1,1,102502.5,0,False,False,Middle,247215.78,0.18337225005243393,0,15604196
520,0,23,3,116022.53,2,1,1,37577.66,0,True,False,Young,127295.82800000001,0.2837313163655527,0,15769356
541,1,46,6,0.0,2,1,1,83456.67,0,False,False,Senior,50074.00200000001,0.2965885432438319,0,15665590
790,0,34,2,164011.48,1,1,0,199420.41,0,True,False,Middle,203895.562,0.7002697651350802,1,15572361
797,1,31,9,0.0,2,1,1,24748.89,0,False,False,Middle,22274.001000000004,0.08935132498137383,0,15667460
811,1,40,1,101514.89,1,1,1,121765.0,0,False,False,Middle,113691.39,0.2527685654545042,0,15654760
722,0,32,4,0.0,2,1,1,113666.48,0,False,True,Middle,45466.592000000004,0.20165341414095614,0,15632669
675,1,28,9,0.0,1,1,0,134110.93,0,False,False,Young,120699.837,0.20859626460242794,0,15613673
660,1,39,9,134599.33,2,1,0,183095.87,0,True,False,Middle,299385.613,0.6522543650111521,1,15698522
566,1,32,10,147511.26,1,1,1,159891.03,0,False,True,Middle,307402.29000000004,0.21071724823632312,0,15741633
768,1,25,0,78396.08,1,1,1,8316.19,0,False,False,Young,78396.08,0.10097134994581364,0,15674583
610,0,31,5,0.0,2,0,0,63736.36,0,False,True,Middle,31868.18,0.39031418013819846,0,15665374
715,0,31,3,110581.29,1,1,1,94715.24,0,False,False,Middle,138995.862,0.2405820600265625,0,15588854
750,1,42,8,151836.36,2,1,0,68695.38,0,True,False,Middle,206792.664,0.6759394562496054,1,15810716
431,1,45,5,83624.55,2,0,0,36899.62,0,True,False,Middle,102074.36,0.7495089446337937,1,15776921
704,1,24,2,148197.15,2,1,0,182775.08,0,False,False,Young,184752.166,0.21158312997592799,0,15569394
535,0,30,5,122924.75,1,0,0,62390.59,1,False,True,Young,154120.04499999998,0.4902738871379943,0,15788215
614,0,38,4,72594.0,1,1,1,76042.48,0,False,False,Middle,103010.992,0.34127094965195187,0,15641007
748,1,38,4,115221.36,1,0,1,70956.75,0,False,False,Middle,143604.06,0.24002654719595806,0,15594651
492,1,51,8,117808.74,2,1,1,67311.12,0,True,False,Senior,171657.636,0.646752837703141,1,15575146
573,1,40,7,147754.68,1,1,1,110454.46,0,False,False,Middle,225072.80200000003,0.29971591162736366,0,15608916
706,0,53,3,0.0,3,0,0,88479.02,1,False,True,Senior,26543.706000000002,0.7553838637389279,1,15666297
680,1,31,10,113292.17,1,1,1,122639.73,0,False,False,Middle,235931.90000000002,0.1501645325626735,0,15598586
458,1,36,5,0.0,2,1,0,79723.78,0,False,True,Middle,39861.89000000001,0.37004833217525085,0,15665014
612,1,44,2,115163.38,1,1,1,97677.52,1,True,False,Middle,134698.88400000002,0.5439571296251929,1,15701738
809,1,50,10,118098.62,1,1,1,100720.02,1,True,False,Senior,218818.64,0.5976687897170478,1,15650591
590,1,39,9,0.0,2,1,1,104730.52,0,False,False,Middle,94257.46800000001,0.1875558607299858,0,15652667
602,1,35,8,0.0,1,1,1,22499.29,0,False,False,Middle,17999.432,0.14775914316750763,0,15679622
540,1,37,0,120825.7,1,1,0,28257.89,0,False,True,Middle,120825.7,0.5084132785195562,1,15730150
494,1,25,6,0.0,2,0,1,109988.09,0,False,False,Young,65992.854,0.08323542921475638,0,15813192
797,1,29,1,0.0,1,0,1,149991.32,0,False,False,Young,14999.132000000001,0.10175426752931065,0,15606554
526,1,61,6,133845.28,2,1,1,45180.8,0,True,False,Elder,160953.76,0.8059981387517685,1,15611794
631,1,38,7,0.0,2,1,0,181605.85,0,False,True,Middle,127124.095,0.3856525352862194,0,15672357
576,0,29,5,108541.04,1,1,1,126469.09,0,False,False,Young,171775.585,0.2265189735253168,0,15711759
405,1,39,10,0.0,1,1,0,160810.85,1,False,False,Middle,160810.85,0.4349715426497219,0,15615296
555,1,30,1,0.0,2,0,0,88146.86,0,False,False,Young,8814.686,0.2549206789939792,0,15699294
750,0,37,2,113817.06,1,0,0,88333.74,0,False,True,Middle,131483.808,0.5929905520854474,1,15788634
665,1,28,8,137300.23,1,1,0,90174.83,0,False,False,Young,209440.094,0.2723343054310611,0,15660871
640,1,37,5,158024.38,1,1,0,81298.09,0,False,True,Middle,198673.425,0.48513400258754524,0,15618258
457,0,33,7,127837.54,1,0,1,60013.17,0,False,False,Middle,169846.759,0.3082117646053146,0,15722535
695,1,36,4,161533.0,1,1,0,100940.91,0,False,False,Middle,201909.364,0.4359634231441785,0,15711977
645,1,31,7,161171.7,2,1,0,12599.94,1,False,False,Middle,169991.65800000002,0.30907770639855914,0,15690169
647,1,32,9,80958.36,1,1,1,128590.73,0,False,True,Middle,196690.017,0.16870117461914666,0,15790689
808,1,25,7,0.0,2,0,1,23180.37,0,False,True,Young,16226.259,0.06981411385863978,0,15665181
641,1,33,2,146193.6,2,1,1,55796.83,1,False,False,Middle,157352.96600000001,0.188163133550976,0,15633608
700,1,29,8,0.0,2,0,1,152097.02,0,False,True,Young,121677.616,0.10772114317546773,0,15805261
660,1,26,4,115021.76,1,0,1,162443.05,0,True,False,Young,179998.97999999998,0.22593925969097803,0,15740356
615,1,41,1,126773.43,1,1,1,55551.26,0,False,True,Middle,132328.55599999998,0.34222422741415065,0,15808223
705,0,40,3,92889.91,1,1,1,109496.69,0,True,False,Middle,125738.91700000002,0.5682722988815428,1,15769980
718,1,48,9,0.0,2,1,1,72105.63,0,False,False,Senior,64895.06700000001,0.28888186060511906,0,15675450
754,1,61,5,146622.35,1,1,1,41815.22,1,False,False,Elder,167529.96000000002,0.6543314065293045,1,15776494
713,1,45,4,131038.14,1,1,0,74005.04,1,True,False,Middle,160640.156,0.7520269741660929,1,15592412
587,0,46,6,88820.29,1,0,0,70224.34,0,False,False,Senior,130954.894,0.7183438610175972,1,15777452
569,1,31,1,115406.97,1,0,0,145528.22,0,False,True,Middle,129959.792,0.37448634012122833,0,15692258
568,0,38,3,132951.92,1,0,1,124486.28,0,False,False,Middle,170297.804,0.39933696355378145,0,15791045
634,1,74,5,108891.7,1,1,0,10078.02,0,True,False,Elder,113930.70999999999,0.9645408917607281,1,15807889
770,0,46,5,141788.63,2,0,0,164967.21,0,True,False,Senior,224272.235,0.8426577491355828,1,15602043
676,0,64,4,116954.32,1,1,1,91149.48,0,False,True,Elder,153414.11200000002,0.8229321392949636,1,15807335
723,0,47,10,90450.0,2,0,0,103379.31,1,True,False,Senior,193829.31,0.8269664102720619,1,15629985
614,0,39,8,125997.22,1,1,1,128049.34,1,True,False,Middle,228436.692,0.5775231711310236,1,15679453
601,0,41,3,0.0,2,1,0,54342.83,0,False,True,Middle,16302.849,0.5836933548979845,1,15637315
592,1,60,9,0.0,4,1,1,13614.01,1,False,False,Senior,12252.609,0.4661520036614911,0,15691513
605,0,36,9,0.0,2,0,1,35521.63,0,False,True,Middle,31969.467,0.25198668807524877,0,15622289
752,0,31,4,144637.86,2,1,0,40496.72,0,False,True,Middle,160836.54799999998,0.4575880765617199,0,15715184
677,0,29,3,86616.35,1,0,0,91903.9,1,False,False,Young,114187.52,0.40395348482523413,0,15702801
850,1,31,8,0.0,2,1,0,178667.7,0,False,False,Middle,142934.16,0.2185070097910422,0,15719931
608,0,48,2,127924.25,2,1,0,32202.61,0,True,False,Senior,134364.772,0.8715690255218562,1,15806081
786,0,34,9,0.0,2,1,0,117034.32,0,False,True,Middle,105330.88800000002,0.40075249286499887,0,15796336
777,0,29,9,131240.61,1,1,1,163746.09,1,False,False,Young,278612.091,0.21361729285324785,0,15647306
667,1,31,5,0.0,2,1,1,20346.69,0,False,True,Middle,10173.345000000001,0.11877661758777609,0,15742369
848,1,35,5,120046.74,2,1,0,84710.65,0,False,True,Middle,162402.065,0.3634319438364514,0,15655859
486,0,39,8,97819.36,1,0,1,120531.31,0,False,False,Middle,194244.408,0.3975946223084837,0,15675650
598,0,64,1,62979.93,1,1,1,152273.57,0,False,True,Elder,78207.287,0.8117605357377825,1,15574119
506,0,40,3,0.0,1,1,1,144345.58,0,False,False,Middle,43303.674,0.3516842671539397,0,15754168
612,1,46,9,161450.03,1,1,1,96961.0,1,True,False,Senior,248714.93,0.5885747365041084,1,15763029
545,1,30,3,0.0,2,1,0,170307.43,0,False,False,Young,51092.229,0.2422713609441125,0,15765048
793,1,56,8,119496.25,2,1,0,29880.99,0,False,False,Senior,143401.04200000002,0.7082242072834461,1,15786215
682,0,30,9,0.0,2,1,1,195104.91,0,False,False,Young,175594.419,0.17140540422878428,0,15707559
517,1,62,1,43772.66,3,1,0,187756.24,1,False,False,Elder,62548.284,0.7966435260628631,1,15582129
684,1,32,9,100249.41,2,0,1,67599.69,0,False,False,Middle,161089.131,0.14137652250726707,0,15687540
692,1,46,2,0.0,2,1,1,105983.09,0,False,True,Senior,21196.618000000002,0.30978158866499766,0,15787196
740,0,60,5,108028.08,2,0,0,25980.42,1,False,False,Senior,121018.29000000001,0.8664904895251677,1,15670898
666,1,71,1,53013.29,2,1,1,112222.64,0,True,False,Elder,64235.554000000004,0.8768316756506727,1,15775433
693,1,68,2,0.0,2,1,1,59864.96,0,False,False,Elder,11972.992,0.6893887162829476,1,15700693
757,1,33,1,122088.67,1,1,0,42581.09,0,True,False,Middle,126346.779,0.5496337356156437,1,15677955
684,1,18,9,90544.0,1,0,1,4777.23,0,True,False,Young,94843.507,0.10774215415954701,0,15570086
691,1,35,6,0.0,2,0,1,178038.17,0,False,True,Middle,106822.902,0.16449158868722297,0,15794875
842,1,44,3,141252.18,4,0,1,128521.16,1,False,False,Middle,179808.528,0.27861513183202463,0,15673591
482,0,35,5,147813.05,2,0,0,109029.72,0,False,False,Middle,202327.90999999997,0.5657189215102296,1,15631756
735,1,55,6,134140.68,1,1,0,2267.88,0,False,False,Senior,135501.408,0.7361268551374682,1,15757617
681,0,63,7,0.0,2,1,1,55054.48,0,False,False,Elder,38538.136000000006,0.7025187059837932,1,15612729
616,0,31,8,0.0,1,0,1,76456.17,0,False,False,Middle,61164.936,0.19231740408592302,0,15637857
850,0,35,2,128548.49,4,1,0,75478.95,1,False,False,Middle,143644.28,0.44217814054846827,0,15681007
635,1,43,10,122198.21,2,0,1,179144.54,0,False,False,Middle,301342.75000000006,0.32434532240604225,0,15593622
638,1,42,8,145177.84,1,1,0,193471.74,1,True,False,Middle,299955.23199999996,0.7320335974687806,1,15629273
820,0,31,2,94222.53,1,1,0,103570.8,0,False,True,Middle,114936.69,0.4424476821639783,0,15765846
694,0,58,1,143212.22,1,0,0,102628.56,1,True,False,Senior,153475.076,0.9420429823706513,1,15596013
713,1,41,3,0.0,2,1,0,55772.04,0,False,False,Middle,16731.612,0.40033363192012633,0,15722473
543,1,41,6,143350.41,1,1,1,192070.16,1,True,False,Middle,258592.506,0.5160894329280893,1,15774936
649,0,41,3,130931.83,1,1,1,144808.37,0,False,False,Middle,174374.34100000001,0.4307209394288331,0,15685640
777,0,30,4,137851.31,1,1,0,5008.23,1,False,False,Young,139854.60199999998,0.42427605456814177,0,15566563
561,1,33,6,0.0,2,0,0,173680.39,0,False,False,Middle,104208.23400000001,0.29287356221494953,0,15768746
724,1,41,5,0.0,1,0,1,115753.94,0,False,True,Middle,57876.97,0.24698808741817127,0,15689952
665,0,51,8,0.0,1,1,1,38928.48,1,False,True,Senior,31142.784000000003,0.5279249297121358,1,15725906
441,1,60,1,140614.15,1,0,1,174381.23,0,False,False,Senior,158052.273,0.699366374028968,1,15634501
579,1,22,3,118680.57,1,1,1,49829.8,0,False,True,Young,133629.51,0.10347434496568539,0,15571940
777,1,35,7,122917.69,1,1,1,76169.68,0,True,False,Middle,176236.46600000001,0.3314440188030725,0,15741643
739,0,36,0,0.0,2,0,0,133465.57,0,False,False,Middle,0.0,0.4483367582852621,0,15806822
660,1,40,5,131754.11,2,1,1,38761.61,0,False,False,Middle,151134.91499999998,0.2595753405082138,0,15701166
554,0,35,8,0.0,2,1,1,176779.46,0,False,False,Middle,141423.568,0.24610043508031146,0,15718531
850,0,24,6,0.0,2,1,1,13159.9,0,False,False,Young,7895.94,0.09368515967293922,0,15628308
842,0,35,9,119948.09,1,1,0,48217.97,1,True,False,Middle,163344.263,0.6552781889707887,1,15585287
785,0,38,1,0.0,1,1,0,134964.85,1,False,False,Middle,13496.485,0.4907135053268349,0,15781619
550,1,25,0,0.0,2,1,1,184221.11,0,False,False,Young,0.0,0.07896030022800458,0,15805162
750,0,39,6,0.0,2,0,0,19264.33,0,False,True,Middle,11558.598000000002,0.5064762650414708,1,15588535
490,0,38,3,97266.1,1,1,1,92797.23,0,False,True,Middle,125105.269,0.4078623321929929,0,15775307
605,1,28,10,113690.83,1,1,0,33114.24,0,True,False,Young,146805.07,0.4164633341264946,0,15777616
563,0,42,6,99056.22,2,1,0,154347.95,1,False,True,Middle,191664.99000000002,0.6676473667020675,1,15692291
675,1,34,8,0.0,2,1,1,184842.21,0,False,False,Middle,147873.768,0.13856161325209576,0,15680843
621,0,36,7,116338.68,1,1,1,155743.48,0,False,True,Middle,225359.116,0.3578155120108923,0,15606232
850,1,40,6,97339.99,1,0,1,88815.25,0,False,False,Middle,150629.14,0.24034437879241266,0,15641585
711,1,41,3,0.0,2,1,1,193747.57,0,False,False,Middle,58124.271,0.20906135457134786,0,15684358
549,0,55,1,137592.31,2,0,1,116548.02,1,True,False,Senior,149247.112,0.8361880118680796,1,15806389
764,1,34,6,108760.27,2,1,0,166324.79,1,True,False,Middle,208555.14400000003,0.5199585614695285,1,15641860
627,1,30,3,128770.88,2,1,1,40199.01,0,True,False,Young,140830.583,0.27302114645346537,0,15814237
850,0,34,2,0.0,2,0,0,51919.04,0,False,False,Middle,10383.808,0.3934387835137991,0,15808780
614,0,36,1,44054.84,1,1,1,73329.08,0,False,True,Middle,51387.748,0.3266775717813057,0,15767064
685,0,44,2,119657.53,1,1,0,145387.05,1,True,False,Middle,148734.94,0.8305170797408061,1,15751177
683,0,49,7,108797.63,2,0,0,140763.18,0,True,False,Senior,207331.85600000003,0.8656812533027693,1,15613427
643,1,35,2,0.0,2,0,0,67979.35,0,False,True,Middle,13595.870000000003,0.3428707710799531,0,15647259
561,0,49,1,102025.32,1,1,0,133051.64,1,True,False,Senior,115330.48400000001,0.8835788493244484,1,15748660
601,0,20,9,122446.61,2,1,0,86791.9,0,False,True,Young,200559.32,0.2600304226604934,0,15726695
766,0,27,7,158786.67,2,0,1,47579.25,0,False,False,Young,192092.14500000002,0.18065106835184755,0,15757473
699,1,29,3,125689.29,1,1,1,151623.71,0,False,False,Young,171176.403,0.14113822983349103,0,15809509
850,1,29,1,154640.41,1,1,1,164039.51,0,True,False,Young,171044.361,0.2568833396019454,0,15715512
792,0,50,4,146710.76,1,1,0,16528.4,1,True,False,Senior,153322.12,0.8833579418111176,1,15614168
636,1,67,7,136709.35,1,0,1,66753.1,1,True,False,Elder,183436.52000000002,0.8738417251706445,1,15679818
850,1,43,5,129305.09,2,0,1,19244.58,0,True,False,Middle,138927.38,0.460523109720666,0,15609928
628,1,40,10,0.0,2,1,0,103832.58,0,False,True,Middle,103832.58000000002,0.4005248126202696,0,15731246
736,0,63,10,0.0,2,0,1,502.7,0,False,False,Elder,502.70000000000005,0.6718370437218387,1,15685243
711,0,21,0,82844.33,2,0,1,1408.68,0,False,False,Young,82844.33,0.12528249010130793,0,15638730
583,0,22,2,0.0,2,0,1,5985.36,0,False,True,Young,1197.072,0.12366211906029867,0,15697034
757,1,46,0,0.0,2,1,0,37460.05,0,False,False,Senior,0.0,0.5073486742877583,1,15699225
749,0,33,10,76692.22,1,0,1,30396.43,0,True,False,Middle,107088.65,0.3796865963435614,0,15677387
705,1,34,7,117715.84,1,1,0,2498.67,0,False,False,Middle,119464.909,0.343047534839982,0,15759184
585,1,54,8,87105.32,1,1,1,55346.14,0,False,False,Senior,131382.23200000002,0.49852509604477185,0,15595991
437,0,43,6,0.0,1,1,0,148330.97,1,False,False,Middle,88998.58200000001,0.6396428810566126,1,15681332
741,0,64,2,69311.16,1,1,1,59237.72,0,False,False,Elder,81158.704,0.7838043348381406,1,15756299
738,1,26,9,0.0,2,1,1,48644.94,0,False,False,Young,43780.446,0.06673848480873722,0,15750547
586,0,33,10,66948.67,2,1,1,140759.03,0,False,True,Middle,207707.7,0.2598516607721715,0,15566380
627,0,57,9,0.0,2,1,1,107712.42,0,False,False,Senior,96941.17800000001,0.6104225530680144,1,15675963
551,1,76,2,128410.71,2,1,1,181718.73,0,False,True,Elder,164754.456,0.8749248569507171,1,15674671
606,1,38,3,99897.53,1,0,0,37054.65,0,True,False,Middle,111013.925,0.6501519599569405,1,15621466
674,1,22,3,0.0,1,1,1,173940.59,0,False,False,Young,52182.177,0.06451330466008093,0,15607176
584,0,31,6,152622.34,1,1,0,99298.8,0,True,False,Middle,212201.62,0.6700147482788286,1,15570299
590,1,40,8,0.0,2,1,0,62933.03,0,False,False,Middle,50346.424,0.3780614278078851,0,15613197
585,1,56,4,138227.19,2,1,1,55287.84,0,False,False,Senior,160342.326,0.5708770454100189,1,15798885
508,0,25,2,111395.53,1,0,1,48197.06,0,False,False,Young,121034.942,0.1984241884828339,0,15714883
458,1,44,7,84386.57,1,1,0,178642.73,0,True,False,Middle,209436.48100000003,0.7515970720932635,1,15604497
692,0,36,3,0.0,2,1,1,8282.22,0,False,False,Middle,2484.6659999999997,0.24294686508942126,0,15773949
502,1,33,5,174673.65,2,1,0,33300.56,0,True,False,Middle,191323.93,0.5821625749899089,1,15774164
518,1,46,3,0.0,2,1,0,76515.79,0,False,False,Senior,22954.737,0.5301871499826631,1,15774127
660,1,46,5,109019.65,2,1,1,33680.56,0,True,False,Senior,125859.93,0.530793214563292,1,15619016
698,0,52,1,107906.75,1,1,0,168886.39,1,True,False,Senior,124795.389,0.8964013724284455,1,15795759
678,1,54,7,128914.97,1,0,0,191746.23,1,False,False,Senior,263137.331,0.7528720635482808,1,15798844
773,1,63,9,111179.83,1,1,1,93091.02,0,False,True,Elder,194961.74800000002,0.6787370783298421,1,15717962
619,0,52,8,124099.13,1,0,0,23904.52,0,True,False,Senior,143222.746,0.8969678747521297,1,15691504
684,1,59,9,122471.09,1,0,1,15807.07,0,True,False,Senior,136697.453,0.7590622160165389,1,15693893
635,1,34,3,134692.4,2,1,1,83773.02,0,False,False,Middle,159824.30599999998,0.19203776263594996,0,15672499
680,0,25,4,123816.5,1,1,1,90162.35,0,False,False,Young,159881.44,0.17282236141718663,0,15750410
608,1,34,3,106288.54,1,1,1,36639.25,0,True,False,Middle,117280.315,0.34856759464899595,0,15568904
603,0,55,7,127723.25,2,1,0,139469.11,1,True,False,Senior,225351.62699999998,0.916727445777392,1,15649033
579,1,43,2,145843.82,1,1,1,198402.37,1,False,True,Middle,185524.294,0.3814116532284628,0,15780989
756,0,34,2,148200.72,1,0,0,194584.48,0,True,False,Middle,187117.616,0.7041975129780458,1,15771059
611,1,30,2,104145.65,1,0,0,159629.64,0,False,False,Young,136071.578,0.3163994715800317,0,15687852
532,1,24,8,142755.25,1,0,0,34231.48,0,True,False,Young,170140.434,0.3960045855349513,0,15695280
684,0,63,3,81245.79,1,1,0,69643.31,1,True,False,Elder,102138.783,0.9503362668236183,1,15592751
647,0,33,3,168560.46,2,0,0,90270.16,0,True,False,Middle,195641.508,0.6996567085812666,1,15598338
583,1,38,8,0.0,1,1,0,47848.56,0,False,False,Middle,38278.848,0.3618040661732504,0,15735784
774,1,42,2,132193.94,2,1,1,162865.52,0,True,False,Middle,164767.044,0.4600805969387011,0,15629128
677,1,58,9,0.0,1,0,1,168650.4,0,False,False,Senior,151785.36,0.5341100985887024,1,15642870
542,1,25,8,139330.1,1,0,0,54372.37,0,True,False,Young,182827.996,0.41501239061046763,0,15637977
613,1,29,0,0.0,2,0,1,133897.32,0,False,True,Young,0.0,0.11785879527921277,0,15600792
666,1,40,5,0.0,2,1,0,147878.05,0,False,False,Middle,73939.02500000001,0.3862732127778954,0,15576131
777,0,28,2,134571.5,1,0,1,118313.38,0,False,False,Young,158234.176,0.21153551650286345,0,15686588
581,1,50,2,143829.2,2,1,0,181224.24,1,True,False,Senior,180074.048,0.8234400957305138,1,15761018
705,1,32,7,0.0,2,1,0,7921.57,0,False,False,Middle,5545.099,0.2286121855958189,0,15616029
673,0,44,8,133444.97,1,0,1,5708.19,0,False,False,Middle,138011.522,0.45703550480777916,0,15761149
594,0,23,4,104753.84,2,1,0,56756.52,1,True,False,Young,127456.448,0.4705864979310863,0,15802758
648,0,51,2,116574.84,1,1,0,4121.04,1,True,False,Senior,117399.048,0.899099546068952,1,15647838
605,1,41,10,0.0,2,0,1,97213.09,0,False,False,Middle,97213.09,0.2126635733158644,0,15735968
734,0,40,9,176914.8,1,1,1,12799.23,0,False,False,Middle,188434.107,0.3854810400805984,0,15581286
572,0,36,8,68348.18,2,0,1,50400.32,0,False,False,Middle,108668.43599999999,0.2794748455550158,0,15625445
595,0,33,9,0.0,2,1,1,41447.86,0,False,False,Middle,37303.074,0.1896685627013382,0,15600173
749,1,42,2,56726.83,2,0,1,185543.35,0,False,False,Middle,93835.5,0.2512576129602312,0,15635143
573,1,46,3,65269.23,1,0,1,189988.65,1,False,True,Senior,122265.82500000001,0.39507214402627494,0,15664849
624,1,33,6,66220.17,1,0,1,170819.01,0,False,True,Middle,168711.576,0.18849336230752442,0,15762455
703,1,56,9,0.0,1,0,0,85547.33,1,False,False,Senior,76992.597,0.6873521104178479,1,15797165
665,0,41,8,96147.55,1,1,0,137037.97,0,False,False,Middle,205777.926,0.6224610067572252,1,15788189
648,1,42,4,0.0,2,1,0,19283.14,0,False,False,Middle,7713.256,0.4239482712863722,0,15780492
850,1,48,2,0.0,1,1,0,169425.3,1,False,True,Senior,33885.06,0.5573835913093471,1,15678497
569,0,32,8,145330.43,1,1,1,132038.65,0,True,False,Middle,250961.34999999998,0.46556505972016093,0,15588560
566,0,21,3,0.0,2,1,1,3626.47,0,False,False,Young,1087.941,0.09959330098797554,0,15606003
537,0,47,4,124192.28,2,1,1,50881.51,0,True,False,Senior,144544.884,0.7130700020927335,1,15611756
706,0,46,7,111288.18,1,1,1,149170.25,1,True,False,Senior,215707.35499999998,0.6832185705788051,1,15789563
734,1,43,7,107805.67,1,0,0,182505.68,0,False,False,Middle,235559.646,0.5400894645838054,1,15702416
586,0,36,5,103700.69,1,1,0,194072.56,1,True,False,Middle,200736.97000000003,0.7314169247826526,1,15766288
612,0,38,1,0.0,2,1,1,9209.21,0,False,False,Middle,920.9209999999999,0.29709882276033645,0,15667633
648,1,34,0,0.0,1,1,1,167931.81,0,False,False,Middle,0.0,0.15069088600541522,0,15622774
557,0,27,3,87739.08,1,1,1,123096.56,0,False,False,Young,124668.04800000001,0.19645147358060702,0,15755416
643,0,20,0,133313.34,1,1,1,3965.69,0,False,True,Young,133313.34,0.15880562833366263,0,15769915
433,0,49,10,0.0,1,1,1,87711.61,0,False,False,Senior,87711.61,0.5068566546308916,1,15643908
643,1,41,7,154902.66,1,1,1,49667.28,0,True,False,Middle,189669.756,0.4817161416665827,0,15627395
488,0,36,0,0.0,2,1,0,136675.22,0,False,False,Middle,0.0,0.48397552817551165,0,15679663
758,1,68,6,112595.85,1,1,0,35865.44,1,True,False,Elder,134115.114,0.9395022079516742,1,15651581
743,1,39,3,119695.75,1,0,1,26136.13,0,True,False,Middle,127536.589,0.4344717384688129,0,15596379
730,0,47,7,0.0,1,1,0,33373.26,1,False,False,Senior,23361.282000000003,0.6420428933624367,1,15746674
746,1,49,7,0.0,2,0,1,10096.25,0,False,True,Senior,7067.375,0.33109274159267665,0,15801256
666,0,59,8,152614.51,2,1,1,188782.3,0,True,False,Senior,303640.35,0.8644248302272782,1,15663808
580,0,33,7,131647.01,2,0,0,79775.19,0,True,False,Middle,187489.643,0.6733043618071031,1,15598521
850,1,27,6,96654.72,2,0,0,152740.16,0,False,False,Young,188298.816,0.21434224041009747,0,15621457
563,1,22,3,137583.04,1,0,1,5791.85,0,False,False,Young,139320.595,0.10281296964451697,0,15764726
766,0,28,3,62717.84,2,1,1,13182.43,0,True,False,Young,66672.569,0.2967833529504947,0,15646374
659,1,32,9,95377.13,1,0,1,187551.24,0,False,False,Middle,264173.24600000004,0.17183230381359155,0,15716501
607,1,28,1,135936.1,2,1,1,110560.14,0,False,True,Young,146992.114,0.14872895874773912,0,15589948
644,1,35,5,161591.11,3,1,1,63795.62,0,True,False,Middle,193488.91999999998,0.3423506119610236,0,15811343
746,1,47,8,142382.03,1,1,1,62086.62,0,False,False,Senior,192051.326,0.3764965510474017,0,15659677
588,1,33,2,0.0,2,1,1,12483.56,0,False,True,Middle,2496.712,0.15420272952521202,0,15594436
691,1,30,9,0.0,2,0,1,10963.04,0,False,True,Young,9866.736000000003,0.10058773494905827,0,15748995
666,0,38,6,127043.09,1,1,1,8247.0,0,False,False,Middle,131991.29,0.3503362465738755,0,15677062
640,0,46,3,0.0,1,1,1,156260.08,0,False,True,Senior,46878.024000000005,0.4659283411130287,0,15697201
611,0,29,4,78885.88,2,1,1,26927.69,0,True,False,Young,89656.956,0.3411126157914546,0,15666453
651,0,45,8,95922.9,1,1,0,84782.42,1,False,True,Middle,163748.836,0.7069720571291317,1,15693771
529,0,29,8,0.0,2,1,0,19842.11,0,False,False,Young,15873.688000000002,0.31200210571747183,0,15569867
676,0,36,3,91711.59,1,1,1,95393.43,0,False,False,Middle,120329.61899999999,0.31270425634094084,0,15711602
639,0,46,10,110031.09,2,1,1,133995.59,0,True,False,Senior,244026.68,0.6657614831371282,1,15717736
782,1,36,5,81210.72,2,0,1,108003.38,0,False,False,Middle,135212.41,0.17864463661755028,0,15750441
641,1,32,5,122947.92,1,1,1,99154.86,0,True,False,Middle,172525.35,0.31205563915413576,0,15732791
697,0,38,1,182065.85,1,1,0,49503.5,0,False,False,Middle,187016.2,0.6380805915156836,1,15775104
623,1,45,0,0.0,1,1,0,196533.72,1,False,False,Middle,0.0,0.5085581343677539,1,15757607
494,0,41,2,69974.66,2,1,0,188426.13,1,False,True,Middle,107659.886,0.6438755715923439,1,15793070
731,0,38,10,123711.73,2,1,0,171340.68,1,False,False,Middle,295052.41,0.5586749721901872,1,15760456
657,1,44,6,76495.04,1,1,0,79071.89,0,False,False,Middle,123938.174,0.5288394681753168,1,15665385
744,0,38,9,0.0,2,0,0,20940.76,0,False,False,Middle,18846.684,0.43917740681694023,0,15612418
774,1,46,9,0.0,2,1,1,34774.26,0,False,True,Senior,31296.834000000003,0.2637336897935463,0,15727138
850,0,45,1,121874.89,1,0,0,6865.41,1,True,False,Middle,122561.431,0.8403048109012404,1,15732061
551,0,45,6,0.0,2,1,1,51143.43,0,False,False,Middle,30686.058000000005,0.397925062125368,0,15776051
638,1,36,6,188455.19,1,0,0,47031.4,1,False,False,Middle,216674.03,0.4598676055980193,0,15616530
792,0,42,0,99045.93,2,1,0,47160.01,0,False,False,Middle,99045.93,0.6250726606408612,1,15632344
666,0,36,8,0.0,1,0,1,158666.99,0,False,False,Middle,126933.592,0.26685731430664367,0,15744979
716,0,30,2,205770.78,2,0,0,65464.66,0,True,False,Young,218863.712,0.665746013738411,1,15745433
594,0,31,0,79340.95,1,1,0,78255.86,0,False,False,Middle,79340.95,0.45614404323478047,0,15683657
600,1,57,9,138456.03,2,1,1,103548.25,0,True,False,Senior,231649.45500000002,0.7438562257003503,1,15718572
565,1,49,7,0.0,2,1,1,89609.26,0,False,False,Senior,62726.481999999996,0.3402575072633017,0,15665783
678,1,48,2,101099.9,2,0,1,193476.04,0,True,False,Senior,139795.108,0.5779607771839342,1,15652782
648,0,31,5,0.0,2,1,1,5199.02,0,False,True,Middle,2599.51,0.19082707539883423,0,15707025
642,1,40,8,109219.83,1,1,0,52827.51,0,False,False,Middle,151481.838,0.4621028166237351,0,15647807
706,1,67,1,123276.69,2,1,1,86507.88,1,True,False,Elder,131927.478,0.8618159497052487,1,15718281
668,1,43,10,113034.31,1,1,1,100423.88,0,False,True,Middle,213458.19,0.32769038290096153,0,15660571
635,1,41,1,0.0,2,1,0,175611.5,0,False,True,Middle,17561.15,0.4378214077075886,0,15727857
603,1,30,6,129548.5,2,1,1,19282.85,0,False,True,Young,141118.21,0.15322251227561148,0,15639252
635,0,72,4,74812.84,1,0,1,27448.33,0,False,False,Elder,85792.17199999999,0.8792890293403263,1,15628144
642,0,40,7,0.0,2,1,0,183963.34,0,False,False,Middle,128774.33799999999,0.5305519122771583,1,15683560
785,0,54,1,0.0,2,1,0,45113.92,1,False,True,Senior,4511.392,0.7785370710720291,1,15653275
628,0,28,3,153538.13,2,1,0,110776.01,0,True,False,Young,186770.93300000002,0.5974247793747074,1,15622182
499,0,38,9,0.0,2,0,1,183042.2,0,False,False,Middle,164737.98,0.3092627130565782,0,15613962
567,1,34,10,0.0,2,0,1,161571.79,0,False,True,Middle,161571.79000000004,0.16431029776854453,0,15618437
449,1,32,0,155619.36,1,1,1,166692.03,0,False,True,Middle,155619.36,0.23124428563026977,0,15783338
701,1,35,10,159693.9,2,1,1,71173.64,0,False,True,Middle,230867.53999999998,0.20375857107586887,0,15764491
613,1,37,3,171653.17,1,0,1,5353.12,0,False,True,Middle,173259.106,0.3011339533670303,0,15712960
683,0,39,2,47685.47,2,1,1,86019.48,0,True,False,Middle,64889.366,0.5037004629365404,1,15688157
581,1,35,4,0.0,2,0,1,86383.82,0,False,False,Middle,34553.528000000006,0.15836379577240442,0,15579287
620,1,61,5,0.0,1,0,0,31641.52,1,False,False,Elder,15820.760000000002,0.7828620834918868,1,15570931
561,1,28,6,123692.0,1,1,1,70548.96,0,False,True,Young,166021.376,0.1505982343378622,0,15615177
558,1,26,1,148853.29,2,1,1,24411.02,0,True,False,Young,151294.39200000002,0.2452439469725498,0,15809906
642,1,35,2,133161.95,1,0,1,122254.86,0,False,False,Middle,157612.92200000002,0.2255491109129549,0,15652169
805,1,24,6,143221.35,2,1,0,186035.72,0,True,False,Young,254842.782,0.35062679022748194,0,15649450
687,1,35,9,0.0,2,0,1,73133.82,0,False,False,Middle,65820.43800000001,0.13663093783612704,0,15777179
695,1,56,1,0.0,3,1,0,187734.49,1,False,True,Senior,18773.449,0.6822865814274675,1,15803538
562,1,33,6,0.0,2,1,0,111590.35,0,False,False,Middle,66954.21,0.2788236914837808,0,15610936
613,1,38,9,126265.88,2,0,0,15859.95,0,True,False,Middle,140539.83500000002,0.6018847392107467,1,15590094
589,1,37,5,0.0,1,1,0,61324.87,0,False,False,Middle,30662.435000000005,0.36060528436039435,0,15572706
593,1,31,8,112713.34,1,1,1,176868.89,0,False,True,Middle,254208.45200000002,0.1833495352943724,0,15634564
714,1,34,5,141173.03,1,0,1,98896.06,0,False,False,Middle,190621.06,0.20168348599505628,0,15684296
588,0,35,7,0.0,2,1,1,108739.15,0,False,True,Middle,76117.405,0.2527685694241278,0,15702293
679,1,39,6,0.0,2,1,0,12266.06,0,False,True,Middle,7359.636,0.37450414718430786,0,15642099
730,1,38,5,118866.36,1,1,1,163317.5,0,False,True,Middle,200525.11,0.26007542460487615,0,15773273
833,1,47,2,0.0,2,1,1,182247.77,0,False,False,Senior,36449.554,0.2772823828297162,0,15613337
586,0,33,7,0.0,2,1,1,168261.4,0,False,True,Middle,117782.98000000001,0.23250353490645698,0,15800482
567,0,54,5,92316.31,2,1,0,158590.66,1,False,True,Senior,171611.64,0.832814629544766,1,15732644
637,1,30,1,122185.53,1,1,0,102566.46,1,True,False,Young,132442.176,0.5065233900364882,1,15713426
711,1,38,4,123345.85,1,1,0,141827.83,0,False,False,Middle,180076.98200000002,0.4464789946119422,0,15640789
828,1,30,4,73070.18,2,0,0,161671.15,0,False,False,Young,137738.63999999998,0.2480417885405336,0,15598892
500,1,38,7,0.0,2,0,0,192013.23,0,False,True,Middle,134409.26100000003,0.41891811330353307,0,15606436
807,1,47,1,95120.59,1,0,0,127875.1,0,False,False,Senior,107908.1,0.5965299981277187,1,15751227
850,1,40,8,102800.65,1,1,0,60811.56,0,False,False,Middle,151449.898,0.4224494491334935,0,15812365
782,0,70,7,97072.42,1,0,1,131177.22,0,False,False,Elder,188896.474,0.8551963312546577,1,15616088
629,1,31,6,132876.55,1,1,1,130862.11,0,False,True,Middle,211393.816,0.18368570061857867,0,15803886
582,1,33,6,0.0,2,0,1,72970.93,0,False,True,Middle,43782.558,0.14747307061462284,0,15587311
468,1,22,2,0.0,2,1,0,28123.99,0,False,False,Young,5624.798000000001,0.15952818142940228,0,15617401
670,1,36,3,0.0,1,1,0,140754.19,1,False,False,Middle,42226.257000000005,0.3379566262528562,0,15775886
805,1,39,2,0.0,1,0,0,166650.32,0,False,False,Middle,33330.064000000006,0.37651439964883365,0,15807305
720,1,26,10,51962.91,2,1,0,45507.24,0,False,False,Young,97470.15,0.168852391346876,0,15761717
781,0,29,6,98759.89,1,0,0,112202.64,0,False,True,Young,166081.474,0.41197037102380346,0,15628008
592,1,33,2,156570.86,1,1,1,37140.2,0,True,False,Middle,163998.9,0.3712493672976414,0,15583755
542,0,42,1,0.0,1,1,1,178256.58,1,False,False,Middle,17825.658,0.37985010632173466,0,15661409
532,1,42,1,159024.71,1,1,0,100982.93,1,False,False,Middle,169123.003,0.5881924786556733,1,15774250
520,0,39,1,73493.17,1,0,1,109626.13,1,False,False,Middle,84455.783,0.39297544016890673,0,15681476
759,0,45,8,0.0,2,1,1,99251.24,0,False,False,Middle,79400.99200000001,0.36182565906687353,0,15654870
473,0,35,6,69617.36,1,1,0,143345.69,0,False,False,Middle,155624.774,0.5297733845061249,1,15790448
639,0,35,5,136526.26,2,1,0,59653.03,0,False,True,Middle,166352.77500000002,0.5445064851739873,1,15785326
705,1,25,3,113736.27,1,0,1,196864.61,0,False,False,Young,172795.653,0.1072612784891913,0,15592854
530,1,52,1,106723.28,1,0,0,109960.4,1,False,False,Senior,117719.32,0.7344859077450597,1,15617486
516,0,33,10,138847.9,1,1,1,127256.7,0,True,False,Middle,266104.6,0.4847473649136729,0,15806796
850,0,40,0,0.0,2,1,0,1099.95,0,False,False,Middle,0.0,0.518636013586416,1,15644699
746,0,33,2,107868.14,2,1,1,146192.4,0,True,False,Middle,137106.62,0.4145056115471843,0,15622305
622,1,33,3,96926.12,2,1,0,48553.77,0,True,False,Middle,111492.25099999999,0.5210113743414468,1,15608209
743,1,30,7,77599.23,1,0,0,144407.1,0,False,False,Young,178684.2,0.2772109999312209,0,15626898
732,1,38,5,178787.54,1,1,1,195760.53,0,True,False,Middle,276667.80500000005,0.4476733325319856,0,15644297
850,1,81,5,0.0,2,1,1,44827.47,0,False,False,Elder,22413.735,0.8343212466417211,1,15731569
850,0,34,3,129668.43,2,1,1,88743.99,0,True,False,Middle,156291.627,0.429624545150597,0,15582149
686,1,34,6,146178.13,2,1,1,88837.11,0,False,False,Middle,199480.396,0.18389421895978,0,15802483
556,0,40,8,0.0,2,1,0,62112.7,0,False,False,Middle,49690.16,0.5191200581847876,1,15686999
673,1,37,4,0.0,2,0,0,163563.07,0,False,False,Middle,65425.228,0.3413424783483617,0,15772479
809,0,38,2,154763.21,2,1,1,174800.31,0,False,False,Middle,189723.272,0.3412798689488058,0,15778884
634,0,56,3,116251.24,1,0,1,42429.88,1,True,False,Senior,128980.204,0.8410225683530355,1,15623630
630,1,37,6,0.0,2,1,1,82647.65,0,False,False,Middle,49588.59,0.16486643928598174,0,15774316
564,0,30,0,100954.88,2,0,0,134175.15,0,True,False,Young,100954.88,0.6238131742118511,1,15695097
625,0,51,4,124620.01,2,1,0,92243.94,1,False,False,Senior,161517.586,0.7866486332170977,1,15645404
677,0,34,4,0.0,2,1,1,6175.53,0,False,True,Middle,2470.212,0.23117688564759892,0,15750574
583,1,40,9,112701.04,1,0,0,29213.63,0,False,False,Middle,138993.307,0.471852684520716,0,15636812
592,1,45,8,84692.5,1,0,1,67214.02,0,False,True,Middle,138463.71600000001,0.36489147799964383,0,15712068
637,1,49,2,108204.52,1,1,0,169037.84,1,True,False,Senior,142012.088,0.8055073893914961,1,15652030
850,1,30,6,86449.39,1,1,1,188809.23,0,False,False,Young,199734.928,0.12602371484556113,0,15577398
633,1,42,10,0.0,1,0,1,79408.17,0,False,True,Middle,79408.17,0.2550531277947035,0,15756848
751,1,36,5,73194.99,1,1,1,89222.66,0,True,False,Middle,117806.32,0.3315308535682996,0,15806929
592,1,31,7,124593.23,1,1,0,86079.67,0,True,False,Middle,184848.999,0.512982422321602,1,15656005
716,1,50,2,119655.77,1,1,1,12944.17,1,True,False,Senior,122244.604,0.6456404461274026,1,15722632
641,1,42,3,121765.37,2,1,1,166516.84,0,True,False,Middle,171720.422,0.47656992279059823,0,15794356
849,1,35,4,110837.73,1,0,0,126419.8,0,False,False,Middle,161405.65,0.36678518144217465,0,15659656
647,1,47,10,99835.17,1,0,1,89103.05,0,False,True,Senior,188938.22,0.3989486980077177,0,15588341
608,0,30,2,91057.37,2,1,0,132973.17,0,True,False,Young,117652.004,0.5980357635218426,1,15709142
555,0,26,7,0.0,2,1,0,93122.41,0,False,False,Young,65185.687000000005,0.2770606711058997,0,15627042
497,1,27,7,149400.27,1,0,0,167522.19,0,False,True,Young,266665.803,0.3345195967560026,0,15627517
599,1,38,9,89111.63,1,0,0,157239.6,0,True,False,Middle,230627.27000000002,0.6391870926467895,1,15803032
545,1,33,1,132527.9,2,0,1,107429.71,0,True,False,Middle,143270.87099999998,0.34899532813449624,0,15665129
774,0,36,9,114997.42,1,1,0,75304.09,0,False,False,Middle,182771.101,0.5030986326784223,1,15628272
464,1,46,6,161798.53,1,1,0,182944.47,0,False,False,Senior,271565.212,0.6674738013374132,1,15678206
696,0,27,2,96129.32,2,1,1,5983.7,0,True,False,Young,97326.06000000001,0.3176614909019363,0,15678427
667,1,45,3,0.0,2,0,0,163655.01,0,False,True,Middle,49096.503000000004,0.5188222105443999,1,15678067
812,1,32,5,133050.97,2,1,0,89385.92,0,False,False,Middle,177743.93,0.3017321163747724,0,15793331
516,1,51,8,120124.35,2,0,1,168773.54,0,False,False,Senior,255143.18200000003,0.48744139146498705,0,15699532
645,1,39,8,0.0,2,0,0,96864.36,0,False,False,Middle,77491.488,0.36643041871355264,0,15605827
664,1,32,5,133705.74,1,0,0,134455.84,0,False,True,Middle,200933.65999999997,0.38315137969435586,0,15643635
427,0,39,9,0.0,2,1,0,28368.37,0,False,True,Middle,25531.533,0.5360624785351323,1,15787710
685,0,40,7,0.0,2,1,0,103898.59,0,False,False,Middle,72729.013,0.5085328472209406,1,15614137
585,0,33,4,152805.05,1,1,0,63239.65,0,False,False,Middle,178100.90999999997,0.5281762873999397,1,15754494
519,0,21,1,151701.45,3,1,1,170138.68,1,True,False,Young,168715.318,0.25227663041360304,0,15713440
708,0,67,1,0.0,2,0,1,3837.08,0,False,False,Elder,383.708,0.7932269833792741,1,15803479
717,0,22,5,112465.06,1,1,1,92977.75,0,False,False,Young,158953.935,0.1335754981473971,0,15709639
465,1,24,6,156007.09,1,1,0,191368.37,0,True,False,Young,270828.11199999996,0.4404695038286382,0,15601719
829,1,28,3,132405.52,3,1,0,104889.2,1,True,False,Young,163872.28,0.3889321639932053,0,15772482
826,1,26,5,142662.68,1,0,0,60285.3,0,False,False,Young,172805.33,0.23769831042416137,0,15591489
747,1,36,8,102603.3,2,1,1,180693.61,0,True,False,Middle,247158.18800000002,0.33743753680838356,0,15629002
707,1,32,9,0.0,2,1,0,126475.79,0,False,True,Middle,113828.211,0.26127648887164934,0,15798053
590,1,37,1,0.0,2,0,0,133535.99,0,False,True,Middle,13353.599,0.38473927211856396,0,15753895
603,1,57,6,105000.85,2,1,1,87412.24,1,False,True,Senior,157448.19400000002,0.5842550332982628,1,15595426
615,1,45,5,0.0,2,1,1,164886.64,0,False,False,Middle,82443.32,0.278546677799969,0,15645815
634,0,36,1,69518.95,1,1,0,116238.39,0,False,False,Middle,81142.78899999999,0.5293634211396633,1,15632848
716,1,41,8,126145.54,2,1,1,138051.19,0,True,False,Middle,236586.492,0.44002698607941787,0,15703068
647,1,41,4,138937.35,1,1,1,101617.64,1,False,False,Middle,179584.40600000002,0.30668361593236404,0,15791513
591,0,44,10,113581.98,1,1,0,1985.41,0,True,False,Middle,115567.39,0.8047140525273379,1,15587210
574,1,34,1,112572.39,1,0,0,165626.6,0,False,False,Middle,129135.05,0.39815765883902665,0,15793803
467,1,51,10,114514.71,2,1,0,177784.68,1,True,False,Senior,292299.39,0.8368369743995993,1,15787756
701,0,35,2,0.0,2,1,1,65765.22,0,False,False,Middle,13153.044000000002,0.23066711054216835,0,15723437
747,0,34,10,0.0,2,1,1,50759.8,0,False,False,Middle,50759.8,0.18270555899268728,0,15702715
650,1,32,2,84906.45,1,1,0,163216.48,0,False,False,Middle,117549.746,0.3242455741074675,0,15809872
731,0,39,2,126816.18,1,1,1,74850.93,0,False,True,Middle,141786.36599999998,0.40880090337012176,0,15644295
638,0,26,1,105249.76,2,1,1,23491.09,0,True,False,Young,107598.86899999999,0.3206581487151519,0,15778694
569,1,41,2,0.0,2,1,0,134272.57,0,False,True,Middle,26854.514000000003,0.45284988795719466,0,15759555
459,1,50,5,109387.9,1,1,0,155721.15,0,True,False,Senior,187248.47499999998,0.835677210643097,1,15631406
632,1,23,3,122478.51,1,1,0,147230.77,1,True,False,Young,166647.74099999998,0.3683689035049357,0,15616676
683,0,73,8,137732.23,2,1,1,133210.44,0,False,False,Elder,244300.58200000002,0.8865075465399079,1,15771154
850,0,46,2,157866.77,1,1,1,18986.12,0,False,False,Senior,161663.99399999998,0.5188102249753778,1,15669491
512,0,41,6,0.0,1,1,1,100507.81,0,False,False,Middle,60304.686,0.35989879062389935,0,15697691
616,0,31,3,136789.14,1,1,0,59346.4,1,False,False,Middle,154593.06000000003,0.4783868669512895,0,15665180
664,1,36,1,0.0,2,1,1,95372.64,0,False,False,Middle,9537.264000000001,0.16179844138415803,0,15752588
694,1,30,10,144684.03,1,1,1,31805.49,0,False,False,Young,176489.52000000002,0.13546450073894153,0,15743051
655,1,24,9,107065.31,1,1,1,51959.82,0,False,False,Young,153829.148,0.08774050343514996,0,15571873
607,0,33,8,91301.72,1,0,1,130824.57,0,False,False,Middle,195961.37600000002,0.2740362275587573,0,15679743
684,1,39,4,207034.96,2,0,0,157694.76,1,False,True,Middle,270112.864,0.5415475377568097,1,15769412
763,1,37,8,0.0,2,1,1,933.38,0,False,True,Middle,746.7040000000001,0.1522585520543034,0,15775124
671,1,50,8,0.0,1,0,1,2560.11,0,False,True,Senior,2048.088,0.3735346492467875,0,15732113
592,1,38,3,0.0,1,1,1,12905.89,1,False,True,Middle,3871.767,0.22144931930507142,0,15578141
666,0,36,6,0.0,2,1,0,176692.87,0,False,True,Middle,106015.72200000001,0.4750499800990539,0,15595874
667,1,34,5,0.0,2,1,1,102908.63,0,False,False,Middle,51454.315,0.13503980287096143,0,15755642
850,1,36,6,0.0,2,0,1,41291.05,0,False,True,Middle,24774.630000000005,0.1501472887825117,0,15576526
622,1,42,9,0.0,2,1,0,119127.06,0,False,True,Middle,107214.354,0.4464938233065843,0,15792489
577,0,30,8,92472.1,2,0,1,126434.61,0,False,False,Young,193619.788,0.2179182553533141,0,15733705
555,1,21,1,0.0,2,0,0,103901.35,0,False,True,Young,10390.135000000002,0.15926050069065542,0,15807221
547,1,62,10,127738.75,2,1,1,85153.0,0,False,False,Elder,212891.75,0.6572005863096511,1,15573045
613,0,50,5,101242.98,2,1,0,12493.61,0,True,False,Senior,107489.785,0.870429399926529,1,15756824
672,0,43,4,92599.55,2,1,1,167336.78,0,False,False,Middle,159534.262,0.4153902844121654,0,15773520
624,0,36,10,0.0,2,0,1,186180.42,0,False,True,Middle,186180.42000000004,0.28275729492126617,0,15627439
698,0,50,1,0.0,4,1,0,88566.9,1,False,True,Senior,8856.69,0.6909188741909019,1,15701439
606,1,37,6,82373.94,1,0,0,172526.9,1,False,False,Middle,185890.08000000002,0.42872670689878123,0,15785352
720,1,31,4,141356.47,1,0,0,137985.69,0,False,True,Middle,196550.746,0.36223582921439085,0,15616525
835,1,23,9,0.0,1,1,0,19793.73,1,False,False,Young,17814.357,0.12327023603781086,0,15717489
771,0,47,3,72664.0,2,1,1,107874.39,0,False,True,Senior,105026.317,0.48899570150462673,0,15795737
811,0,47,3,123365.34,2,0,0,171995.34,0,False,False,Senior,174963.942,0.7115807931412399,1,15693877
734,1,33,5,121898.58,1,1,0,61829.89,0,True,False,Middle,152813.525,0.5302547406236805,1,15576111
548,1,33,6,0.0,1,1,1,31728.35,0,False,True,Middle,19037.01,0.15522726317272234,0,15595713
652,0,31,3,103696.97,3,0,0,155221.05,1,False,False,Middle,150263.285,0.4106123267423561,0,15808868
707,1,33,2,0.0,2,0,0,130866.95,0,False,False,Middle,26173.39,0.27304660104943196,0,15708193
605,0,56,1,74129.18,2,1,1,62199.78,1,True,False,Senior,80349.158,0.8149660354503032,1,15697801
623,0,34,9,0.0,1,1,0,24255.21,0,False,False,Middle,21829.689,0.4001763809735715,0,15770121
686,1,29,3,185379.02,1,1,0,64679.07,0,True,False,Young,204782.74099999998,0.5159380199385242,1,15800524
525,0,47,1,118087.68,1,1,0,88120.78,1,True,False,Senior,126899.75799999999,0.8769932464790052,1,15686236
657,1,41,8,109402.13,1,1,1,66463.62,0,False,True,Middle,162573.026,0.2934293270030793,0,15659807
730,0,33,7,130367.87,1,1,0,15142.1,1,True,False,Middle,140967.34,0.650671895032949,1,15736078
816,0,34,2,108410.87,2,1,0,102908.91,0,True,False,Middle,128992.652,0.6482381685358651,1,15620836
484,0,50,2,90408.16,2,0,0,48170.57,0,False,False,Senior,100042.274,0.7883268278269995,1,15698184
728,0,34,6,90425.15,2,1,1,11597.69,0,False,False,Middle,97383.764,0.23816297163487765,0,15717643
730,0,39,6,140094.59,1,1,0,172450.04,1,False,True,Middle,243564.614,0.6365472756945046,1,15776596
477,1,31,9,0.0,2,0,1,184061.17,0,False,True,Middle,165655.053,0.14599627505746585,0,15814757
663,0,46,6,95439.4,1,1,1,21038.58,1,True,False,Senior,108062.548,0.6668998957880848,1,15812607
549,1,34,6,204017.4,2,1,0,109538.35,0,True,False,Middle,269740.41000000003,0.6148039838511392,1,15663888
714,1,29,9,0.0,2,1,0,129192.55,0,False,True,Young,116273.295,0.21878914020806556,0,15748882
430,1,49,3,137115.16,1,1,0,146516.86,1,True,False,Senior,181070.218,0.8391833149073518,1,15690829
504,1,43,5,134740.19,2,1,0,181430.91,0,True,False,Middle,225455.64500000002,0.7385628128839155,1,15695819
530,0,29,5,0.0,2,0,0,121451.21,0,False,False,Young,60725.60500000001,0.3464788624359256,0,15696834
619,1,29,4,98955.87,1,0,1,131712.51,0,True,False,Young,151640.874,0.2654163199896239,0,15797710
617,1,44,9,49157.09,2,1,0,53294.17,0,True,False,Middle,97121.843,0.6608387512305133,1,15700654
791,1,31,1,130240.33,1,0,0,96546.55,0,True,False,Middle,139894.98500000002,0.513231820617674,1,15583764
609,1,48,1,108019.27,3,1,1,184524.65,1,False,False,Senior,126471.735,0.37297274854725015,0,15688849
780,1,51,4,126725.25,1,1,0,195259.31,1,True,False,Senior,204828.974,0.8214066872410308,1,15661473
777,0,34,5,96693.66,1,1,1,172618.52,0,True,False,Middle,183002.92,0.4419800523725607,0,15601030
817,0,27,7,129810.6,1,1,1,59259.44,0,True,False,Young,171292.208,0.31211742318495667,0,15789557
850,1,58,8,156652.13,1,0,0,25899.21,1,False,False,Senior,177371.49800000002,0.7733621534594978,1,15745250
732,0,36,9,0.0,1,0,0,3749.0,1,False,False,Middle,3374.1000000000004,0.4216544650619895,0,15590349
693,1,40,4,130661.96,1,1,1,101918.96,0,False,False,Middle,171429.544,0.27913872896431846,0,15741693
576,0,50,8,0.0,2,1,1,57802.62,0,False,False,Senior,46242.096000000005,0.4781997836374683,0,15618446
643,1,37,6,0.0,2,0,0,142454.77,0,False,False,Middle,85472.862,0.3433491039634896,0,15766552
757,1,47,3,130747.1,1,1,0,143829.54,0,False,False,Senior,173895.962,0.6156854407787845,1,15668775
569,1,30,6,106629.49,1,0,1,44114.88,0,True,False,Young,133098.418,0.2802293097332735,0,15757895
772,1,36,3,112029.83,1,1,1,186948.35,0,False,True,Middle,168114.33500000002,0.22289537366368808,0,15774551
576,1,29,7,130575.26,1,0,1,173629.78,0,True,False,Young,252116.106,0.29065766547640787,0,15684011
608,1,28,4,96679.71,1,1,1,49133.45,0,True,False,Young,116333.09000000001,0.24247183998811742,0,15736146
794,1,33,0,0.0,2,0,0,178122.71,0,False,False,Middle,0.0,0.25743219450696225,0,15656286
593,1,50,6,171740.69,1,0,0,20893.61,0,False,False,Senior,184276.856,0.7093059088347824,1,15774847
597,1,38,1,0.0,2,1,0,41303.29,0,False,True,Middle,4130.329000000001,0.40389870061417243,0,15619340
541,0,39,9,100116.67,1,1,1,199808.1,1,True,False,Middle,279943.96,0.5905313590019903,1,15815656
692,1,24,2,120596.93,1,0,1,180490.53,0,True,False,Young,156695.036,0.19842302289334215,0,15623357
697,0,48,1,0.0,2,1,1,87400.53,0,False,False,Senior,8740.053,0.45285941046222955,0,15601324
768,1,29,2,95984.69,2,1,1,73686.75,0,False,False,Young,110722.04000000001,0.11866610746408233,0,15715510
802,1,38,1,142557.11,1,1,1,172497.73,0,False,False,Middle,159806.88299999997,0.2416882835195363,0,15663770
584,1,47,5,0.0,2,1,0,89286.29,0,False,False,Senior,44643.145,0.5293852481035647,1,15779267
614,1,66,2,0.0,2,0,1,180082.7,0,False,True,Elder,36016.54,0.6927269823832656,1,15597957
850,0,36,6,143644.16,1,1,0,22102.25,1,True,False,Middle,156905.51,0.6978351760389453,1,15584620
671,0,38,6,132129.72,1,0,1,76068.95,0,False,False,Middle,177771.09,0.36907941534499594,0,15750772
626,0,52,0,0.0,2,1,0,32159.46,1,False,False,Senior,0.0,0.7578521097345714,1,15706557
770,0,68,2,183555.24,1,0,0,159557.28,1,False,False,Elder,215466.696,0.9433867396023565,1,15594391
633,1,38,2,91902.56,2,1,1,107673.35,0,False,False,Middle,113437.23,0.2254521428633054,0,15661656
663,1,40,6,156218.19,1,0,1,33607.72,0,False,False,Middle,176382.82200000001,0.2926900605424884,0,15631217
581,0,43,5,93259.57,3,1,0,141035.65,1,True,False,Middle,163777.39500000002,0.7881075823935223,1,15588955
561,0,45,2,168085.38,2,0,1,115719.08,0,True,False,Middle,191229.196,0.7158243868527792,1,15758252
479,1,51,1,107714.74,3,1,0,86128.21,1,True,False,Senior,116327.561,0.8237163686825878,1,15740223
769,0,31,6,117852.26,2,1,0,147668.64,0,False,False,Middle,206453.44400000002,0.4104582839044285,0,15805413
659,1,60,2,0.0,1,1,0,177480.45,1,False,True,Senior,35496.090000000004,0.7844656050524658,1,15635116
590,0,51,10,84474.62,2,1,1,190937.09,0,False,True,Senior,275411.70999999996,0.6111783957043129,1,15764892
560,1,50,3,0.0,2,1,0,84531.79,0,False,False,Senior,25359.537,0.5982786379967132,1,15795936
437,1,35,6,126803.34,2,1,1,161133.4,0,True,False,Middle,223483.38,0.38318101469948457,0,15655232
661,0,34,0,0.0,2,1,0,185555.63,0,False,False,Middle,0.0,0.40690177761582574,0,15640133
677,0,36,10,68806.84,1,1,0,33075.24,0,True,False,Middle,101882.07999999999,0.6580888539900714,1,15751524
560,0,31,3,115141.18,1,1,0,39806.75,0,False,False,Middle,127083.20499999999,0.474088230114211,0,15670552
578,0,35,2,0.0,2,0,1,26389.92,0,False,False,Middle,5277.984,0.2557361189894132,0,15623966
421,1,34,6,90723.36,1,1,1,12162.76,0,False,True,Middle,98021.016,0.21646842460933094,0,15752193
492,0,49,2,151249.45,2,1,1,167237.94,0,True,False,Senior,184697.038,0.7659073311000812,1,15607269
545,0,32,6,0.0,2,1,1,52067.37,0,False,False,Middle,31240.422000000006,0.19595035917224185,0,15700752
640,0,43,9,94752.49,1,1,0,184006.36,1,True,False,Middle,260358.21399999998,0.8156615572426528,1,15777901
624,0,34,6,0.0,1,1,0,582.59,1,False,True,Middle,349.55400000000003,0.44494672242084,0,15639117
577,1,28,7,0.0,1,1,0,143274.41,0,False,True,Young,100292.087,0.24381609617723152,0,15720203
704,1,31,5,132084.66,3,1,1,54474.48,1,False,False,Middle,159321.90000000002,0.13454394444375348,0,15586236
523,1,45,5,0.0,2,1,1,121428.2,0,False,False,Middle,60714.100000000006,0.28929690126895663,0,15676645
793,1,35,2,0.0,2,1,1,79704.12,0,False,False,Middle,15940.824,0.13877497404304648,0,15715988
564,0,53,2,45472.28,1,1,1,41055.71,1,False,False,Senior,53683.422,0.6242283464527946,1,15603749
711,1,33,1,0.0,1,0,0,41590.4,0,False,False,Middle,4159.04,0.30184664426344376,0,15608956
791,0,33,10,130229.71,2,0,0,54019.93,1,True,False,Middle,184249.64,0.6177213309338399,1,15733872
629,0,38,9,123948.85,1,1,0,76053.07,0,True,False,Middle,192396.613,0.744543289627753,1,15666982
729,1,39,6,127415.85,1,1,1,184977.2,1,True,False,Middle,238402.17000000004,0.43246334779076584,0,15602647
651,1,35,8,110067.71,1,1,0,127678.95,1,True,False,Middle,212210.87,0.5743007901143293,1,15623063
695,1,39,4,65521.2,1,1,1,1243.97,0,False,True,Middle,66018.788,0.24838301818012512,0,15682928
847,1,31,5,0.0,2,1,1,76326.67,0,False,True,Middle,38163.335,0.10748580168320021,0,15729246
704,1,47,5,0.0,2,1,1,145338.61,0,False,False,Senior,72669.305,0.2956667501749112,0,15588928
613,1,33,3,155736.42,2,1,1,57751.21,0,True,False,Middle,173061.78300000002,0.3395362932732963,0,15803352
692,0,29,4,0.0,2,0,0,138880.24,0,False,True,Young,55552.096,0.3475115457166633,0,15607485
720,0,34,3,118307.57,2,1,1,136120.29,0,False,False,Middle,159143.657,0.2694974649879739,0,15656249
577,1,41,6,0.0,1,1,1,167621.18,0,False,False,Middle,100572.708,0.2425449974999613,0,15761783
710,0,24,7,103099.17,2,1,0,173276.62,0,True,False,Young,224392.804,0.47184391354878014,0,15716605
716,0,38,1,0.0,2,1,1,99661.46,0,False,False,Middle,9966.146,0.27290676019823196,0,15757425
410,1,33,6,125789.69,1,0,0,66333.56,1,False,False,Middle,165589.826,0.40391251454934757,0,15603096
584,0,36,4,109646.83,1,1,1,70240.79,0,True,False,Middle,137743.146,0.5208828688227585,1,15588580
792,1,30,1,127187.86,1,1,1,113553.42,0,False,False,Young,138543.202,0.14592408457490857,0,15770539
605,0,36,6,0.0,1,0,1,690.84,0,False,False,Middle,414.504,0.2604127771674463,0,15572022
486,1,24,1,0.0,1,1,0,98802.76,0,False,True,Young,9880.276,0.210315555218929,0,15571843
615,1,41,4,130385.82,1,0,1,130661.95,0,False,False,Middle,182650.6,0.31509358437817314,0,15752502
676,1,23,1,107787.47,1,0,1,116378.82,0,False,False,Young,119425.352,0.09611256606272095,0,15609058
571,1,34,1,99325.04,2,0,1,186052.15,0,False,False,Middle,117930.25499999999,0.18742508305484096,0,15775108
850,0,37,9,0.0,1,0,0,100101.06,0,False,False,Middle,90090.95400000001,0.44591754115339427,0,15708904
717,1,48,7,123764.95,1,1,1,169952.82,0,False,False,Senior,242731.924,0.41112869055527135,0,15600086
642,0,39,8,128264.03,1,1,0,61792.76,1,True,False,Middle,177698.238,0.7603579015121941,1,15814675
780,1,47,7,86006.21,1,1,1,37973.13,0,False,True,Senior,112587.40100000001,0.3613979474237842,0,15572777
492,0,38,8,57068.43,2,1,0,188974.81,0,True,False,Middle,208248.278,0.7337343642047434,1,15585106
760,1,29,5,103607.24,2,0,1,86334.64,0,True,False,Young,146774.56,0.22757332313551937,0,15738936
500,1,40,1,99004.24,1,1,1,152845.99,0,False,True,Middle,114288.839,0.31642184964203107,0,15750970
654,0,36,2,0.0,2,1,1,146652.11,0,False,True,Middle,29330.422,0.26779937280530913,0,15725772
606,0,25,3,147386.72,3,1,0,45482.04,1,False,True,Young,161031.332,0.35717038465160367,0,15692106
367,1,42,6,93608.28,1,1,0,168816.73,1,False,True,Middle,194898.31800000003,0.592575281551321,1,15791533
799,1,38,2,0.0,2,1,1,59297.34,0,False,True,Middle,11859.468,0.1850757470730406,0,15715715
434,1,71,9,119496.87,1,1,0,125848.88,0,True,False,Elder,232760.862,0.962612740958302,1,15785576
719,0,32,7,0.0,1,0,0,76264.27,0,False,True,Middle,53384.989,0.40435872885073515,0,15798834
641,0,37,2,0.0,2,1,0,3939.87,0,False,False,Middle,787.974,0.4817724970751752,0,15744127
461,0,25,6,0.0,2,1,1,15306.29,0,False,True,Young,9183.774000000001,0.14193531896572548,0,15637427
790,0,25,5,152885.77,1,1,0,58214.79,0,True,False,Young,181993.16499999998,0.5244860887878637,1,15576990
588,1,31,4,99607.37,2,0,1,35877.03,0,False,False,Middle,113958.182,0.1523064121784955,0,15615352
621,1,27,4,137003.68,1,1,0,21254.06,0,False,False,Young,145505.304,0.2739680664574681,0,15647333
768,1,48,3,122831.58,1,1,1,24533.89,1,True,False,Senior,130191.747,0.5950463494423452,1,15572050
681,1,38,2,99811.44,2,1,0,23531.5,0,False,True,Middle,104517.74,0.45101967515704544,0,15581370
606,1,37,8,154712.58,2,1,0,89099.18,0,False,True,Middle,225991.924,0.454612119604009,0,15813503
542,1,37,8,0.0,1,1,1,807.06,0,False,True,Middle,645.648,0.187854512389276,0,15769783
713,0,24,7,147687.24,1,1,1,121592.5,0,True,False,Young,232801.99,0.2988399611056135,0,15793135
597,0,33,2,0.0,2,1,1,4700.66,0,False,True,Middle,940.1320000000001,0.2394160111800146,0,15599182
635,1,27,3,127009.83,1,1,0,161909.95,0,False,False,Young,175582.815,0.27002531564615373,0,15689517
599,1,61,1,124737.96,1,0,1,90389.61,1,True,False,Elder,133776.921,0.8287352016051113,1,15641366
496,0,44,0,179356.28,2,1,0,2919.21,1,False,True,Middle,179356.28,0.7756269420622688,1,15588859
759,1,31,8,0.0,2,1,1,99086.74,0,False,True,Middle,79269.392,0.11034272253300503,0,15732293
757,1,31,1,127320.36,3,1,0,163170.32,0,True,False,Middle,143637.392,0.4538725258626388,0,15568032
564,1,31,0,125175.58,1,1,1,72757.33,0,False,True,Middle,125175.58,0.20080723675598475,0,15623525
561,0,22,6,186788.96,2,1,0,73286.8,0,False,False,Young,230761.04,0.3197885680177001,0,15606601
702,1,40,3,148556.74,1,0,1,146056.29,0,False,False,Middle,192373.62699999998,0.297255609746113,0,15800811
678,0,40,8,128644.46,1,0,0,167673.37,0,True,False,Middle,262783.156,0.7924127653562775,1,15610711
707,0,46,7,127476.73,2,1,1,146011.55,0,False,False,Senior,229684.815,0.4860252611812742,0,15809654
610,0,27,9,159561.93,1,0,1,103381.47,0,False,False,Young,252605.253,0.21587734371461118,0,15576077
744,1,42,1,112419.92,1,1,1,83022.92,0,False,False,Middle,120722.212,0.3030880688813834,0,15643378
598,1,28,8,129991.76,2,0,1,46041.08,0,False,False,Young,166824.624,0.12258854235039304,0,15566790
562,1,36,5,0.0,1,0,1,182843.24,0,False,True,Middle,91421.62,0.20392531118841756,0,15774402
621,0,59,2,0.0,2,1,1,171364.18,0,False,True,Senior,34272.836,0.6867023274749153,1,15694641
659,0,50,3,0.0,1,1,0,183399.12,1,False,False,Senior,55019.736000000004,0.7235359704579237,1,15605916
722,0,40,6,89175.06,2,0,1,152883.95,0,True,False,Middle,180905.43,0.5454835125761682,1,15812356
606,0,39,3,0.0,2,1,0,50560.45,1,False,False,Middle,15168.134999999998,0.5174940513136278,1,15644179
603,0,39,5,162390.52,2,1,0,54702.66,0,False,True,Middle,189741.85,0.6416185314381214,1,15771674
506,0,59,3,190353.08,1,1,0,78365.75,0,True,False,Senior,213862.805,0.9556570849850639,1,15623314
715,1,21,8,0.0,2,1,0,68666.63,0,False,False,Young,54933.304000000004,0.11423416262062487,0,15613292
690,1,47,2,0.0,2,1,0,151375.73,0,False,False,Senior,30275.146000000004,0.5176748341853404,1,15813871
644,0,40,10,139180.97,1,1,1,19959.67,0,False,False,Middle,159140.64,0.3713759374382811,0,15759480
589,1,36,8,114435.47,1,1,0,26955.72,0,False,False,Middle,136000.046,0.3938197934908262,0,15587712
592,0,66,5,149950.19,1,1,1,76267.59,0,False,False,Elder,188083.985,0.8470146735279138,1,15671165
632,1,42,4,126115.6,1,1,0,100998.5,0,False,False,Middle,166515.0,0.5383196986100188,1,15620746
577,0,59,7,111396.97,1,0,1,191070.01,0,True,False,Senior,245145.977,0.8733404411589614,1,15706537
588,1,30,3,115007.08,1,0,0,176858.5,0,False,False,Young,168064.63,0.32582817230657335,0,15589312
617,1,54,6,102141.9,1,1,1,45325.26,0,False,False,Senior,129337.056,0.513012006943361,1,15741180
668,0,36,3,133686.52,1,1,0,190958.48,1,False,True,Middle,190974.064,0.5872058871413707,1,15733888
810,1,32,9,120879.73,2,0,1,78896.59,0,False,False,Middle,191886.661,0.1387223483223586,0,15798532
767,1,47,5,0.0,1,1,0,121964.46,1,False,True,Senior,60982.23000000001,0.549617960771198,1,15577359
718,0,49,10,82321.88,1,0,1,11144.4,0,False,True,Senior,93466.28,0.5232959403050708,1,15614936
589,0,27,4,0.0,2,1,0,144181.48,0,False,True,Young,57672.592000000004,0.3218556510408848,0,15747647
778,1,33,5,116474.28,2,1,1,32757.55,0,False,True,Middle,132853.055,0.16703795833553517,0,15588566
724,0,34,3,132352.69,1,1,0,80320.3,0,False,False,Middle,156448.78,0.5131906361906957,1,15570141
477,0,39,4,182491.57,1,1,0,185830.72,0,True,False,Middle,256823.858,0.8208491044406873,1,15800793
580,1,34,6,0.0,2,1,1,160095.31,0,False,False,Middle,96057.186,0.1445757942156688,0,15572415
566,1,63,2,120787.18,2,1,1,52198.84,0,False,True,Elder,131226.948,0.7206086097176259,1,15635125
711,0,29,3,130181.47,2,1,0,31811.44,0,False,False,Young,139724.902,0.3968769439607815,0,15636551
706,1,32,5,88348.43,2,1,1,104181.78,0,True,False,Middle,140439.32,0.2642383951896266,0,15600912
703,1,31,6,0.0,2,1,1,67667.19,0,False,True,Middle,40600.314000000006,0.11554978478372749,0,15768476
679,1,39,2,146186.28,2,1,1,193974.47,0,True,False,Middle,184981.174,0.4272676763478604,0,15650266
603,1,32,7,0.0,1,1,0,198055.94,1,False,False,Middle,138639.15800000002,0.2862710183855496,0,15621004
598,1,34,0,104488.17,1,0,1,43249.67,0,False,True,Middle,104488.17,0.23595093006298934,0,15748352
836,0,32,4,109196.67,2,1,0,55218.02,0,True,False,Middle,131283.878,0.6018376877233788,1,15788920
687,0,61,7,80538.56,1,1,0,131305.37,1,False,False,Elder,172452.31900000002,0.879291679952013,1,15743236
704,1,41,4,109026.8,2,1,1,43117.1,0,True,False,Middle,126273.64,0.43385289700986,0,15637717
605,1,75,2,61319.63,1,0,1,186655.11,0,True,False,Elder,98650.652,0.9194816002413861,1,15635500
516,0,40,9,0.0,2,0,1,33266.29,0,False,False,Middle,29939.661,0.3040475256388179,0,15634792
572,0,39,2,0.0,2,1,1,555.28,0,False,False,Middle,111.056,0.3133841270436648,0,15607560
557,1,42,6,177822.03,1,1,0,150944.31,1,False,False,Middle,268388.61600000004,0.5862577312161589,1,15727177
443,1,59,4,110939.3,1,1,0,72846.58,1,True,False,Senior,140077.932,0.9112659498634725,1,15774358
604,1,25,7,165413.43,1,1,1,35279.74,0,True,False,Young,190109.248,0.22093585635628346,0,15791304
483,1,27,1,77805.66,1,1,1,2101.89,0,False,False,Young,78015.849,0.1351107536524535,0,15603328
702,1,50,3,0.0,2,0,0,94949.84,0,False,False,Senior,28484.952000000005,0.5819679441938527,1,15804937
670,0,57,3,175575.95,2,1,0,99061.75,1,False,True,Senior,205294.475,0.8807712684252152,1,15804142
804,0,38,3,124197.22,1,1,0,74692.06,0,False,True,Middle,146604.838,0.5967286773582129,1,15608845
850,0,30,3,0.0,2,1,0,116692.8,0,False,False,Young,35007.840000000004,0.3087238128435237,0,15702434
554,0,39,10,160132.75,1,1,0,32824.15,0,False,False,Middle,192956.9,0.6112441620582595,1,15632609
588,0,37,7,70258.88,2,1,0,139607.61,0,True,False,Middle,167984.207,0.703484734222405,1,15603550
758,1,32,4,162657.64,2,1,1,115525.13,0,True,False,Middle,208867.692,0.30074577364528327,0,15755239
787,1,43,0,132217.45,1,1,0,20955.03,1,True,False,Middle,132217.45,0.7342274038076897,1,15670528
582,1,25,9,148042.97,2,1,0,52341.15,0,False,True,Young,195150.005,0.23775846394233147,0,15732704
633,0,33,4,92855.02,1,1,1,159813.18,0,False,True,Middle,156780.29200000002,0.29291965971124656,0,15589019
766,1,47,9,129289.98,1,1,0,169935.46,1,True,False,Senior,282231.894,0.7743705167945883,1,15677796
564,1,37,9,100252.18,1,1,1,146033.52,0,False,True,Middle,231682.348,0.2540908351173736,0,15760177
602,1,37,3,107592.89,2,0,1,153122.73,0,False,True,Middle,153529.709,0.2469243707283136,0,15636595
649,1,39,3,113096.41,1,1,1,60335.24,0,False,False,Middle,131196.98200000002,0.26395698483126295,0,15737275
679,0,40,7,0.0,2,1,1,163757.29,0,False,True,Middle,114630.103,0.3263071542615325,0,15672905
639,1,34,7,149940.04,2,0,0,156648.81,0,False,True,Middle,259594.207,0.41333115492242367,0,15753955
790,1,50,8,121438.58,1,1,1,176471.78,1,True,False,Senior,262616.004,0.625917780501033,1,15708504
565,1,32,9,0.0,2,1,0,5388.3,0,False,False,Middle,4849.47,0.2347698173773114,0,15592451
478,0,50,2,0.0,1,0,1,93332.64,1,False,False,Senior,18666.528000000002,0.5585150543334507,1,15790455
825,1,29,3,148874.01,2,0,1,71192.82,0,False,False,Young,170231.85600000003,0.1319565418264274,0,15572174
528,0,32,0,68138.37,1,1,1,170309.19,0,False,True,Middle,68138.37,0.2787964655317383,0,15656330
577,1,35,5,110080.3,1,1,1,109794.31,0,False,True,Middle,164977.45500000002,0.23020219736387018,0,15569626
663,1,24,7,0.0,2,1,1,166310.82,0,False,False,Young,116417.57400000001,0.06873795787543466,0,15608726
505,0,25,5,114268.85,2,1,1,126728.27,0,True,False,Young,177632.98500000002,0.3122215149095736,0,15637366
633,1,29,6,117412.35,1,0,0,30338.94,0,True,False,Young,135615.714,0.4681082885626605,0,15778049
586,0,38,6,0.0,2,1,1,37935.83,0,False,False,Middle,22761.498000000003,0.2716939685445331,0,15727421
850,0,35,9,0.0,2,0,0,25329.48,0,False,False,Middle,22796.532000000003,0.3664032704032,0,15688865
629,0,37,1,35549.81,2,0,0,49676.33,0,True,False,Middle,40517.443,0.7011869689942424,1,15751032
744,1,56,9,0.0,2,1,1,169498.61,0,False,False,Senior,152548.74899999998,0.4515341938718416,0,15734737
750,1,36,7,136492.92,3,1,1,26500.29,1,False,False,Middle,155043.12300000002,0.17331523388662337,0,15746515
637,1,28,3,123675.69,1,1,1,166458.41,0,True,False,Young,173613.213,0.2550049758731488,0,15664311
575,0,40,1,139532.34,1,1,0,181294.39,0,False,False,Middle,157661.779,0.6523750680539117,1,15708139
671,1,58,1,178713.98,1,1,1,21768.21,0,False,True,Senior,180890.801,0.6847652651154703,1,15768574
571,1,40,5,0.0,2,0,0,72849.29,0,False,False,Middle,36424.645,0.4057123856018518,0,15738018
590,1,41,1,89086.31,1,1,0,24499.97,0,False,False,Middle,91536.307,0.5205792947507824,1,15699753
619,1,38,3,96143.47,1,0,0,98994.92,0,False,True,Middle,125841.946,0.48313222818118917,0,15703199
640,0,30,5,32197.64,1,0,1,141446.01,0,True,False,Young,102920.645,0.3559469791589728,0,15627830
670,1,38,7,0.0,2,1,1,77864.41,0,False,False,Middle,54505.087,0.16871285363306546,0,15570855
737,0,33,4,0.0,2,1,0,115115.32,0,False,False,Middle,46046.128000000004,0.3767286916748177,0,15772503
555,1,32,10,0.0,2,0,1,168605.96,0,False,True,Middle,168605.96,0.14643632455962677,0,15584453
742,1,33,6,0.0,2,0,0,38550.4,0,False,False,Middle,23130.240000000005,0.25313940284994435,0,15710111
618,0,40,0,140306.38,1,1,0,160618.61,1,True,False,Middle,140306.38,0.799757602451848,1,15618562
560,0,35,1,0.0,2,1,0,3701.63,0,False,False,Middle,370.163,0.4661278823799162,0,15706764
654,1,38,8,0.0,2,1,0,88659.44,0,False,False,Middle,70927.55200000001,0.33740966958419943,0,15798737
787,0,42,2,74483.97,2,0,1,44273.91,0,True,False,Middle,83338.75200000001,0.5725713511037939,1,15712608
611,0,53,7,0.0,2,0,1,156495.39,1,False,False,Senior,109546.773,0.5615274339186258,1,15636736
559,1,34,0,0.0,1,1,0,182988.94,0,False,True,Middle,0.0,0.3434196381367279,0,15703544
481,1,37,8,152303.66,2,1,1,175082.2,0,False,False,Middle,292369.42000000004,0.25986075392363567,0,15815645
753,1,32,5,159904.79,1,1,0,148811.14,0,True,False,Middle,234310.36000000002,0.5404029704458815,1,15705739
675,1,32,1,0.0,3,1,0,85901.09,0,False,False,Middle,8590.109,0.24353044440756977,0,15709643
748,0,31,1,99557.94,1,1,0,199255.32,0,True,False,Middle,119483.47200000001,0.6141405956156721,1,15669805
610,0,46,5,116886.59,1,0,0,107973.44,0,False,True,Senior,170873.31,0.7573974506379351,1,15737489
580,1,32,9,142188.2,2,0,1,128028.6,0,False,True,Middle,257413.94000000003,0.19216039628249712,0,15775131
624,0,40,3,149961.99,2,1,0,104610.86,0,True,False,Middle,181345.248,0.7881360626620665,1,15765283
709,0,36,8,0.0,2,1,1,69676.55,0,False,False,Middle,55741.240000000005,0.2223048826613267,0,15628715
605,0,34,2,0.0,1,0,0,35982.42,0,False,False,Middle,7196.484,0.46060209498238736,0,15813283
706,1,53,7,0.0,2,0,1,117939.17,0,False,True,Senior,82557.419,0.42826875130146874,0,15745716
567,1,40,8,28649.64,1,1,1,95140.62,0,False,True,Middle,104762.136,0.25235148093379306,0,15598485
747,0,21,4,81025.6,2,1,0,167682.57,0,False,False,Young,148098.62800000003,0.23010423487265358,0,15696552
664,1,57,1,0.0,2,1,1,56562.57,0,False,False,Senior,5656.2570000000005,0.4982957404801235,0,15754569
711,0,39,3,152462.79,1,1,0,90305.97,0,False,False,Middle,179554.581,0.622950794930315,1,15701741
609,1,25,10,0.0,1,0,1,109895.16,0,False,False,Young,109895.16000000002,0.08047612888330137,0,15572631
632,1,28,7,155519.59,1,1,0,1843.24,0,False,True,Young,156809.858,0.30027973319364804,0,15636069
725,0,36,1,118851.05,1,1,1,102747.02,0,False,False,Middle,129125.75200000001,0.3267372082113686,0,15682467
850,0,34,9,92899.27,2,1,0,97465.89,0,False,False,Middle,180618.571,0.41921719254467144,0,15790744
682,1,40,4,0.0,1,0,1,105352.55,0,False,False,Middle,42141.020000000004,0.22052740661703285,0,15625023
797,1,37,4,75263.7,1,1,0,85801.77,0,False,False,Middle,109584.408,0.37926932374918426,0,15731267
668,1,38,1,147904.31,1,1,1,69370.05,0,False,True,Middle,154841.315,0.29488315125684245,0,15742879
783,0,41,5,106640.5,1,1,0,176945.96,0,True,False,Middle,195113.47999999998,0.7768674147088604,1,15757015
766,0,28,4,90696.78,1,0,1,21597.2,0,True,False,Young,99335.66,0.3348137586032589,0,15770711
704,0,36,2,175509.8,2,1,0,152039.67,0,False,True,Middle,205917.734,0.5876886828562202,1,15569430
722,1,40,6,0.0,2,1,1,111893.09,0,False,False,Middle,67135.854,0.1911354741622049,0,15617304
692,0,34,7,0.0,2,1,0,195074.62,0,False,False,Middle,136552.234,0.40888188384698093,0,15704466
584,0,35,2,114321.28,2,0,0,15959.01,0,False,False,Middle,117513.082,0.5400266253507797,1,15664681
644,0,51,4,95560.04,1,0,0,72628.84,1,True,False,Senior,124611.576,0.8919900833229546,1,15605534
598,0,50,5,88379.81,3,0,1,64157.24,1,True,False,Senior,120458.43,0.715675230860539,1,15792473
733,1,48,7,85915.52,1,1,1,23860.5,0,True,False,Senior,102617.87000000001,0.5483168956304046,1,15802625
615,1,58,3,72309.3,1,1,1,85687.09,1,True,False,Senior,98015.427,0.7545609739005742,1,15766017
850,0,39,2,0.0,2,1,0,179451.42,0,False,False,Middle,35890.28400000001,0.47017264900510697,0,15762172
521,1,43,8,0.0,1,1,1,93180.09,0,False,False,Middle,74544.072,0.26653724141178753,0,15728333
675,1,69,1,0.0,2,1,0,157097.09,0,False,False,Elder,15709.709,0.8555443072797321,1,15792868
746,1,58,3,0.0,3,1,1,80344.96,1,False,False,Senior,24103.488,0.46786324771520577,0,15605698
770,0,33,4,0.0,1,1,0,26080.54,1,False,False,Middle,10432.216,0.39066763773403074,0,15777060
618,1,30,3,133844.22,1,1,1,31406.93,0,False,False,Young,143266.299,0.16276513127574863,0,15626243
556,1,36,7,154872.08,2,1,1,32044.64,0,False,False,Middle,177303.32799999998,0.21850783982995953,0,15719898
749,0,27,9,0.0,2,1,0,132734.87,0,False,False,Young,119461.38300000002,0.26730749141975796,0,15599976
702,1,43,6,116121.67,1,1,0,61602.42,0,False,True,Middle,153083.122,0.5537739143741559,1,15752809
555,1,42,6,107104.5,1,1,1,41304.44,1,True,False,Middle,131887.164,0.48896774627443373,0,15589698
587,1,47,6,71026.77,1,1,0,57962.41,0,False,False,Senior,105804.21600000001,0.591853851757903,1,15609977
639,1,38,3,0.0,1,1,0,42862.82,0,False,False,Middle,12858.846,0.3804520180059843,0,15750121
643,1,33,4,0.0,2,1,1,152992.04,0,False,False,Middle,61196.816000000006,0.13033489556173494,0,15734177
600,0,41,1,0.0,2,1,1,91193.65,0,False,False,Middle,9119.365,0.34061382813561064,0,15781347
651,1,53,7,0.0,2,1,1,130132.41,0,False,False,Senior,91092.687,0.4044355557178829,0,15592025
666,0,27,4,0.0,2,0,0,88751.45,0,False,False,Young,35500.58,0.2928370087357569,0,15670163
520,0,39,6,145644.05,1,0,0,104118.93,0,False,False,Middle,208115.408,0.6498169635106746,1,15765402
650,0,50,7,129667.77,1,0,0,42028.16,0,False,True,Senior,159087.48200000002,0.7993001398665258,1,15624343
564,1,33,3,109341.87,1,1,0,75632.78,0,True,False,Middle,132031.704,0.562434069522736,1,15602354
586,1,64,1,0.0,2,1,1,53710.23,0,False,False,Elder,5371.023000000001,0.6435505006473292,1,15579183
617,0,35,5,0.0,2,0,1,13066.3,0,False,False,Middle,6533.150000000001,0.2340646548741569,0,15584899
712,0,30,6,0.0,2,1,0,152417.97,0,False,True,Young,91450.782,0.35243661628599376,0,15723658
654,1,55,3,87485.67,1,1,1,3299.01,0,False,False,Senior,88475.37299999999,0.5347451529596978,1,15803965
605,1,27,9,0.0,2,1,0,198091.81,0,False,False,Young,178282.62900000002,0.20069946908623174,0,15682489
491,0,36,0,53369.13,1,1,1,103934.12,0,False,False,Middle,53369.13,0.3271758506801093,0,15813645
707,0,35,9,0.0,2,1,1,70403.65,0,False,False,Middle,63363.285,0.20639327626205128,0,15766787
638,1,34,5,146679.77,1,1,0,102179.86,0,False,True,Middle,197769.69999999998,0.42215901585279286,0,15687171
683,1,43,2,112499.42,2,1,0,30375.18,0,False,False,Middle,118574.456,0.5274813908862727,1,15690744
815,0,38,2,48387.0,1,1,0,184796.84,0,False,True,Middle,85346.368,0.5407992725720036,1,15707974
645,1,38,1,68079.8,1,0,1,166264.89,0,False,True,Middle,84706.289,0.2526511355715693,0,15673084
645,1,49,4,160133.88,1,0,1,88391.97,0,True,False,Senior,195490.668,0.6611145051617432,1,15814772
683,1,30,4,66190.33,1,1,1,115186.97,0,False,False,Young,112265.118,0.13147763737166296,0,15743709
705,0,37,10,0.0,2,1,1,13935.53,1,False,False,Middle,13935.530000000002,0.21676155568317054,0,15610343
647,1,35,4,123761.68,1,1,0,83910.4,0,False,False,Middle,157325.84,0.3999861579436944,0,15737414
786,0,33,0,122325.58,1,0,0,34712.34,1,True,False,Middle,122325.58,0.6890944892405018,1,15788480
534,1,41,9,0.0,2,1,0,13871.34,0,False,False,Middle,12484.206,0.3880129980282453,0,15568519
602,0,42,1,138912.17,1,1,1,139494.75,0,False,True,Middle,152861.64500000002,0.49412185027123695,0,15792453
695,0,42,0,0.0,2,0,1,140724.64,0,False,False,Middle,0.0,0.3465320853653514,0,15658100
553,0,25,7,128524.19,2,1,0,20682.46,0,True,False,Young,143001.912,0.5097203817153123,1,15695197
516,0,31,3,0.0,2,1,0,124202.26,0,False,True,Middle,37260.678,0.4067344365631786,0,15749807
655,0,34,3,0.0,2,1,0,159638.77,0,False,False,Middle,47891.630999999994,0.4109406078249141,0,15773876
849,0,49,9,132934.89,1,1,0,171056.65,1,True,False,Senior,286885.875,0.8686428771157156,1,15591698
520,1,43,3,150805.17,3,0,1,25333.03,1,True,False,Middle,158405.07900000003,0.5262932593480842,1,15712813
568,0,46,3,0.0,2,1,1,29372.62,0,False,True,Senior,8811.786,0.45833710798501215,0,15763898
695,1,32,9,0.0,3,0,1,38533.79,0,False,True,Middle,34680.411,0.10891202118474483,0,15793324
807,0,28,7,165969.26,3,1,0,156122.13,1,False,True,Young,275254.75100000005,0.38466496422064084,0,15757759
642,0,36,2,124495.98,3,1,1,57904.22,1,True,False,Middle,136076.824,0.4846484297399809,0,15796230
703,1,39,1,141559.5,1,1,1,31257.1,1,True,False,Middle,144685.21,0.46090365900342534,0,15611729
556,1,38,2,114756.14,1,1,0,193214.05,0,False,False,Middle,153398.95,0.46749718982536137,0,15709531
585,0,30,6,0.0,2,1,1,137757.69,0,False,False,Young,82654.614,0.17495437504262074,0,15650751
587,0,49,7,155393.98,2,1,0,13308.2,1,True,False,Senior,164709.72,0.8736353494496943,1,15641413
524,0,32,6,0.0,1,1,1,132861.9,1,False,True,Middle,79717.14,0.24021992228664665,0,15753840
556,0,31,1,128663.81,2,1,0,125083.29,0,True,False,Middle,141172.139,0.6515915436677353,1,15669994
504,1,44,4,113522.64,1,1,1,12405.2,0,False,True,Middle,118484.72,0.38924280998674615,0,15695301
731,0,26,3,0.0,2,1,0,37697.29,0,False,True,Young,11309.187,0.286698824380261,0,15792004
651,1,34,3,0.0,2,1,1,105599.65,0,False,False,Middle,31679.894999999997,0.13947366019944019,0,15603035
675,0,40,8,79035.95,1,1,0,142783.98,1,False,True,Middle,193263.13400000002,0.6187803486729855,1,15717286
657,0,22,6,0.0,3,0,1,168412.07,1,False,True,Young,101047.24200000001,0.10426137317239982,0,15577107
686,1,33,9,141918.09,2,0,1,184036.47,0,True,False,Middle,307550.913,0.3292100538545244,0,15754747
690,0,35,9,107944.33,2,0,0,48478.47,0,False,False,Middle,151574.953,0.4725084876767839,0,15705676
567,1,36,7,0.0,2,0,1,3896.08,0,False,False,Middle,2727.256,0.15563842891438723,0,15751912
557,1,57,1,120043.13,1,1,0,132370.75,1,True,False,Senior,133280.20500000002,0.8952838005015225,1,15677336
446,0,45,10,125191.69,1,1,1,128260.86,1,False,True,Middle,253452.55000000002,0.5539161103768904,1,15684395
850,1,31,1,96399.31,2,1,0,106534.15,0,False,False,Middle,107052.725,0.27100805825212454,0,15659949
637,1,41,2,0.0,2,0,1,102515.42,0,False,False,Middle,20503.084000000003,0.22790705318013546,0,15812422
499,1,60,7,76961.6,2,1,1,83643.87,0,False,False,Senior,135512.309,0.6084331822533897,1,15806941
622,0,34,7,98675.74,1,1,0,138906.85,1,True,False,Middle,195910.53500000003,0.6853809826306108,1,15637690
684,1,37,1,126817.13,2,1,1,29995.83,1,True,False,Middle,129816.713,0.3940819040864566,0,15632882
612,1,32,3,121394.42,1,1,0,164081.42,0,False,False,Middle,170618.84600000002,0.352548334190888,0,15807107
813,0,29,5,106059.4,1,0,0,187976.88,1,True,False,Young,200047.84,0.5838205196119681,1,15661034
850,1,44,2,112755.34,2,0,0,158171.36,0,True,False,Middle,144389.612,0.6984490228158567,1,15811958
795,1,29,4,0.0,2,0,0,155711.64,0,False,True,Young,62284.65600000001,0.2221769692142729,0,15785167
628,0,55,7,0.0,3,1,0,85890.75,1,False,True,Senior,60123.525,0.774956496424201,1,15646720
565,0,38,7,145400.69,2,1,1,83844.79,0,True,False,Middle,204092.043,0.5516954515089024,1,15658614
601,1,39,3,72647.64,1,1,0,41777.9,1,False,False,Middle,85181.01000000001,0.45421467973290347,0,15704657
802,1,40,4,0.0,2,1,1,81908.09,0,False,True,Middle,32763.236,0.20244267564527677,0,15567147
614,0,37,6,96340.81,2,1,1,139377.24,1,True,False,Middle,179967.15399999998,0.5014436123725606,1,15701319
434,1,55,6,0.0,1,0,1,73562.05,1,False,True,Senior,44137.23000000001,0.5355778346057891,1,15745266
522,1,32,8,124450.36,2,1,1,165786.1,0,True,False,Middle,257079.24,0.31560466616152094,0,15650437
550,1,36,2,113877.23,2,1,0,174921.91,0,True,False,Middle,148861.612,0.5992330555522998,1,15764314
599,1,25,3,0.0,2,1,1,120790.02,0,False,True,Young,36237.006,0.0857301300584345,0,15612594
493,0,36,5,148667.81,2,1,0,56092.51,0,False,False,Middle,176714.065,0.5702906025309682,1,15593501
755,1,34,3,0.0,2,1,1,158816.03,0,False,False,Middle,47644.809,0.13018278474478356,0,15804150
605,0,62,4,111065.93,2,0,1,125660.99,0,False,False,Elder,161330.326,0.777982445925665,1,15649297
708,1,41,0,0.0,1,1,0,128400.62,0,False,False,Middle,0.0,0.42815086098309363,0,15641110
699,1,44,8,158697.61,1,1,0,107181.22,0,False,False,Middle,244442.586,0.574597948157614,1,15660608
763,0,53,4,0.0,1,1,0,77203.72,1,False,False,Senior,30881.488,0.7519053998800207,1,15806570
743,1,25,6,0.0,2,1,0,129740.11,0,False,True,Young,77844.066,0.1710132449008198,0,15715345
660,0,48,0,90044.32,2,0,1,187604.97,1,False,False,Senior,90044.32,0.5171949291262604,1,15755521
619,1,38,10,84651.79,1,1,1,184754.26,0,True,False,Middle,269406.05,0.4076356322623114,0,15579074
739,1,32,3,102128.27,1,1,0,63981.37,1,True,False,Middle,121322.68100000001,0.507116863808136,1,15641158
769,1,60,9,148846.39,1,1,0,192831.67,1,True,False,Senior,322394.89300000004,0.909912954283831,1,15752507
692,1,69,10,154953.94,1,1,1,70849.47,0,False,False,Elder,225803.41,0.7746566159152861,1,15597983
560,0,30,0,108883.29,1,1,0,27914.95,0,False,False,Young,108883.29,0.4717510973100251,0,15586069
607,0,48,4,112070.86,3,1,0,173568.3,1,False,False,Senior,181498.18,0.7247951656031807,1,15655082
630,1,29,6,131354.39,1,0,1,9324.31,1,True,False,Young,136948.97600000002,0.2660700849039091,0,15720155
767,0,45,7,132746.2,2,1,0,26628.88,1,True,False,Middle,151386.41600000003,0.8087872884470787,1,15582116
543,0,34,8,0.0,2,0,1,145601.8,0,False,False,Middle,116481.44,0.23488424016900789,0,15749365
776,1,39,8,125211.55,2,1,0,144496.07,0,False,False,Middle,240808.40600000002,0.4276025249157539,0,15632069
535,1,58,1,0.0,2,1,1,11779.98,1,False,True,Senior,1177.998,0.5733683566150607,1,15663134
549,1,36,6,139422.37,1,0,0,83983.39,1,True,False,Middle,189812.40399999998,0.6366404345667047,1,15766683
844,0,28,4,0.0,2,0,1,123318.37,0,False,False,Young,49327.348,0.13636092827499394,0,15707219
586,0,47,5,157099.47,2,1,1,65481.86,0,True,False,Senior,189840.4,0.7203795787944763,1,15709232
583,1,40,3,0.0,2,1,0,47728.0,0,False,False,Middle,14318.400000000001,0.4045729954635393,0,15801351
701,1,26,5,83600.24,1,0,1,59195.05,0,False,True,Young,113197.76500000001,0.1147271993465222,0,15578747
726,1,28,2,0.0,1,0,0,98060.51,0,False,False,Young,19612.102,0.2182104153535905,0,15675626
829,1,36,4,81795.74,2,1,0,90106.94,0,True,False,Middle,117838.516,0.5262508784472882,1,15583736
749,1,38,9,129378.32,1,1,1,13549.34,0,False,True,Middle,141572.726,0.23129334147140515,0,15590011
743,0,46,9,0.0,1,1,0,113436.08,0,False,False,Senior,102092.47200000001,0.6301653890931651,1,15609913
619,0,56,7,0.0,2,1,1,42442.21,0,False,True,Senior,29709.547,0.6143889221677301,1,15719479
699,1,22,9,99339.0,1,1,0,68297.61,1,False,False,Young,160806.849,0.16601637356015908,0,15575147
749,1,36,7,0.0,2,0,0,80134.65,0,False,True,Middle,56094.255,0.3226894980955658,0,15597309
600,0,29,6,74430.1,2,1,1,96051.1,0,True,False,Young,132060.76,0.33550384883384265,0,15648367
760,1,38,3,91241.85,1,0,1,80682.35,0,False,True,Middle,115446.55500000001,0.2501184413216144,0,15758031
528,1,32,2,99092.45,1,0,1,111149.98,0,True,False,Middle,121322.446,0.33181030243224036,0,15751771
630,0,26,5,0.0,2,1,0,182612.38,0,False,False,Young,91306.19,0.27784551853024153,0,15689288
683,0,39,2,100062.16,2,1,0,109201.43,0,True,False,Middle,121902.446,0.7443026435280486,1,15731026
677,0,26,6,98723.67,1,0,1,151146.67,0,True,False,Young,189411.67200000002,0.3216622123749109,0,15775809
669,1,29,9,0.0,1,1,1,93901.61,0,False,True,Young,84511.44900000001,0.10883028957959784,0,15743076
693,1,43,6,128760.32,1,1,0,36342.79,0,False,False,Middle,150565.994,0.5333774059261704,1,15658258
612,0,52,5,144772.69,1,0,0,98302.57,1,False,True,Senior,193923.975,0.84199542016948,1,15756321
719,1,44,4,0.0,1,0,0,84972.9,1,False,True,Middle,33989.159999999996,0.5109128226758196,1,15706799
702,1,26,2,71281.29,1,1,1,108747.12,1,False,False,Young,93030.71399999999,0.10218445563628537,0,15775703
755,1,29,9,117035.89,1,1,1,21862.19,0,False,False,Young,136711.861,0.115634923218674,0,15642636
514,1,26,1,0.0,2,0,0,121551.93,0,False,False,Young,12155.193,0.20304049874473812,0,15704651
753,0,40,0,3768.69,2,1,0,177065.24,1,False,False,Middle,3768.69,0.5088585241902492,1,15806771
548,0,36,2,108913.84,2,1,1,140460.01,0,True,False,Middle,137005.842,0.508435823132374,1,15566735
850,1,28,2,101100.22,2,1,1,35337.31,0,True,False,Young,108167.682,0.20686002031619274,0,15681671
612,0,38,7,110615.47,1,1,1,193502.93,0,False,False,Middle,246067.521,0.37208227115614806,0,15775949
628,1,33,8,152143.89,1,1,1,32174.03,0,True,False,Middle,177883.114,0.32598417684707,0,15586752
479,1,47,6,121797.09,1,0,1,5811.9,1,False,False,Senior,125284.23,0.4211383622163905,0,15582519
724,0,41,5,109798.25,1,0,1,149593.61,0,False,False,Middle,184595.055,0.4102647056946111,0,15658233
512,1,41,7,122403.24,1,0,1,37439.9,1,True,False,Middle,148611.17,0.4899888961062266,0,15755330
638,0,43,3,145860.98,1,1,1,142763.51,1,False,False,Middle,188690.03300000002,0.4811090534612638,0,15605072
834,1,40,7,0.0,2,0,0,45038.74,0,False,True,Middle,31527.118000000002,0.37296386128127834,0,15617538
781,1,29,9,0.0,2,0,0,172097.4,0,False,False,Young,154887.66,0.20623542137259795,0,15591428
707,0,48,7,105086.74,1,1,1,180344.69,1,True,False,Senior,231328.02300000002,0.7165343258531145,1,15692142
670,1,22,2,114991.45,1,1,1,37392.56,0,False,False,Young,122469.962,0.08960463112903096,0,15692931
663,0,33,8,96769.04,1,1,1,36864.05,0,False,True,Middle,126260.28,0.2667331271681787,0,15781127
624,0,23,5,0.0,2,0,0,132418.59,0,False,False,Young,66209.295,0.2383380430801735,0,15677136
598,0,34,4,0.0,2,0,0,60894.26,0,False,False,Middle,24357.704,0.42656903762612025,0,15677828
619,1,23,5,132725.1,1,1,1,143913.33,0,True,False,Young,204681.765,0.19345440919481202,0,15567897
792,0,70,3,0.0,2,1,1,172240.27,0,False,False,Elder,51672.081,0.8020827958519188,1,15793641
683,0,26,7,0.0,2,1,0,86619.77,0,False,False,Young,60633.83900000001,0.25800640016880094,0,15678333
691,0,33,6,0.0,2,1,0,164074.89,0,False,False,Middle,98444.93400000001,0.3855106922781002,0,15630511
765,0,33,5,84557.82,1,1,1,69039.43,0,False,True,Middle,119077.535,0.26311213509991016,0,15792627
508,1,49,1,93817.41,2,1,1,132468.76,1,False,False,Senior,107064.28600000001,0.4279979778191983,0,15717191
637,0,33,9,113913.53,1,0,1,65316.5,0,False,False,Middle,172698.38,0.26615505575500864,0,15625716
667,0,44,5,140406.68,2,0,1,57164.19,0,True,False,Middle,168988.775,0.6556926385021091,1,15710053
575,0,22,8,105229.34,1,1,1,34397.08,0,False,True,Young,132747.00400000002,0.14493516160004202,0,15580043
744,0,46,1,0.0,3,1,1,177431.59,1,False,True,Senior,17743.159,0.4004882334897819,0,15601410
567,0,41,9,137891.35,1,1,0,142009.46,1,False,False,Middle,265699.864,0.6647872886647916,1,15684669
502,0,35,6,0.0,2,1,1,80618.47,0,False,False,Middle,48371.082,0.24330311064615204,0,15619083
609,0,53,6,0.0,2,1,1,124218.27,0,False,False,Senior,74530.962,0.5494398228256724,1,15692207
715,1,37,9,165252.52,1,1,0,85286.3,0,False,False,Middle,242010.19,0.433079484707259,0,15730705
541,1,32,8,0.0,2,0,0,40889.14,0,False,False,Middle,32711.312,0.25670332908171867,0,15749688
850,0,71,4,0.0,2,1,1,107236.87,0,False,False,Elder,42894.748,0.8065448311657346,1,15728542
595,1,23,7,0.0,2,1,1,168085.97,0,False,True,Young,117660.179,0.07429821396731008,0,15760063
650,0,28,5,122034.4,3,0,1,146663.43,1,True,False,Young,195366.115,0.3334235918520005,0,15658982
625,0,44,7,0.0,1,1,0,4791.8,0,False,False,Middle,3354.26,0.600726912000324,1,15758769
817,1,59,1,118962.58,1,1,1,120819.58,0,False,False,Senior,131044.538,0.6047413949603485,1,15778481
526,1,49,2,0.0,1,1,0,114539.67,1,False,True,Senior,22907.934,0.6358995392167345,1,15661162
850,0,34,4,71379.53,2,1,1,154000.99,0,False,False,Middle,132979.926,0.22717531817167813,0,15568164
598,0,40,2,171178.25,1,1,0,137980.58,1,False,False,Middle,198774.366,0.6713785963172727,1,15601569
613,1,36,9,131307.11,1,0,0,83343.73,0,False,False,Middle,206316.467,0.4178307071763984,0,15772383
709,1,62,3,0.0,2,1,1,82195.15,0,False,True,Elder,24658.545,0.6010738316163016,1,15667456
678,0,27,5,87099.85,2,1,0,149550.95,0,False,True,Young,161875.325,0.36033994778218387,0,15672983
720,1,71,5,183135.39,2,1,1,197688.5,0,False,False,Elder,281979.64,0.816078500214522,1,15799534
662,1,26,0,0.0,2,0,1,72929.96,0,False,False,Young,0.0,0.08717550700535812,0,15582847
525,1,51,10,0.0,3,1,0,171045.35,1,False,False,Senior,171045.35,0.5996535116361371,1,15612478
662,1,31,3,0.0,2,0,1,27731.05,0,False,False,Middle,8319.315,0.11749880251867366,0,15709621
770,0,33,6,0.0,2,1,1,126131.9,0,False,False,Middle,75679.14,0.1885554222678036,0,15802009
721,0,33,4,72535.45,1,1,1,103931.49,0,False,True,Middle,114108.046,0.26753740495483047,0,15698816
633,1,58,2,128137.42,2,1,0,147635.33,1,True,False,Senior,157664.486,0.8894909592622331,1,15574830
701,1,51,9,0.0,2,0,0,61961.57,0,False,False,Senior,55765.413,0.5705899584272993,1,15603082
556,1,42,0,115915.53,2,0,1,125435.47,1,True,False,Middle,115915.53,0.5042376727842124,1,15685947
639,1,66,0,0.0,2,0,1,42240.54,0,False,False,Elder,0.0,0.684279003899431,1,15643048
632,1,50,2,0.0,2,0,0,57942.88,0,False,False,Senior,11588.576000000001,0.6002672674149813,1,15807568
456,1,29,5,107000.49,1,1,1,153419.62,0,False,False,Young,183710.3,0.1561167246074516,0,15597591
729,0,38,10,0.0,2,1,0,189727.12,0,False,True,Middle,189727.12,0.508100477651121,1,15747558
632,0,34,2,0.0,2,0,0,165385.55,0,False,False,Middle,33077.11,0.42381842127502256,0,15756655
433,1,34,9,152806.74,1,1,0,19687.99,0,False,True,Middle,170525.93099999998,0.42722097712232393,0,15589949
802,0,60,3,92887.06,1,1,0,39473.63,1,False,False,Senior,104729.149,0.8694904582982022,1,15601012
670,1,25,7,0.0,2,1,1,144723.38,0,False,False,Young,101306.36600000001,0.07245422331783927,0,15724269
738,0,40,6,114940.67,2,1,1,194895.57,1,True,False,Middle,231878.012,0.5564959137714902,1,15567506
706,1,34,0,140641.26,2,1,1,77271.91,0,True,False,Middle,140641.26,0.34431413231494823,0,15791877
592,0,70,5,71816.74,2,1,0,105096.82,1,True,False,Elder,124365.15000000002,0.9680382993311876,1,15794360
522,0,41,7,0.0,2,0,1,176780.39,0,False,False,Middle,123746.273,0.3545393508298472,0,15686538
746,1,48,5,165282.42,1,1,0,153786.46,1,False,False,Senior,242175.65000000002,0.6557515580219003,1,15585985
651,1,42,2,143145.87,2,1,0,43612.06,0,False,True,Middle,151868.282,0.5613940243490265,1,15699257
494,1,28,9,114731.76,2,0,1,79479.74,0,False,False,Young,186263.526,0.1276453271394792,0,15804104
753,0,46,9,113909.69,3,1,0,92320.37,1,True,False,Senior,196998.023,0.8023599440175289,1,15727619
671,1,36,2,116695.27,1,0,0,193201.86,0,True,False,Middle,155335.642,0.6098388310033774,1,15740237
696,1,42,4,0.0,1,0,0,126353.13,1,False,False,Middle,50541.25200000001,0.45028060956051114,0,15801436
577,1,43,3,0.0,2,1,1,135008.92,0,False,True,Middle,40502.67600000001,0.27605701427901896,0,15705735
587,1,36,1,0.0,2,0,1,17135.6,0,False,False,Middle,1713.56,0.18014503508037252,0,15649359
712,1,37,7,93978.96,2,1,0,60651.77,0,True,False,Middle,136435.19900000002,0.5578678820830307,1,15624892
498,1,35,2,121968.11,2,0,1,188343.05,0,True,False,Middle,159636.72,0.3777421713504046,0,15784918
660,1,37,2,97324.91,1,1,0,23291.83,0,False,False,Middle,101983.276,0.42984891076927556,0,15584785
678,1,29,6,0.0,2,1,0,64443.75,0,False,True,Young,38666.25,0.22157004553260706,0,15797197
530,1,37,8,0.0,2,1,1,287.99,0,False,False,Middle,230.39200000000002,0.15984472447095918,0,15574858
559,0,48,2,0.0,2,0,1,137961.41,0,False,False,Senior,27592.282000000003,0.47914615777901687,0,15794101
624,1,42,3,145155.37,1,1,0,72169.95,1,False,False,Middle,166806.35499999998,0.5566089821185064,1,15743245
592,1,28,5,137222.77,1,0,0,39608.58,0,False,False,Young,157027.06,0.29666918998688646,0,15791535
767,1,48,9,0.0,2,0,1,175458.21,0,False,False,Senior,157912.389,0.3131931733680307,0,15605215
653,0,38,5,114268.22,2,1,1,89524.83,0,True,False,Middle,159030.635,0.5234615322122804,1,15771749
678,1,27,2,0.0,2,1,1,13221.25,0,False,True,Young,2644.25,0.09708503196558256,0,15616833
586,0,42,2,0.0,1,1,0,102889.34,0,False,True,Middle,20577.868000000002,0.6290433897423111,1,15750728
550,0,40,8,150490.32,1,0,0,166468.21,1,False,False,Middle,283664.88800000004,0.6722121982266657,1,15769353
643,1,28,9,160858.13,2,1,0,27149.27,0,True,False,Young,185292.473,0.42353206275093014,0,15770091
612,1,39,5,170288.38,1,1,1,59601.15,0,False,True,Middle,200088.95500000002,0.31546162474007994,0,15716420
674,0,27,4,111568.01,1,0,1,22026.18,0,True,False,Young,120378.48199999999,0.3453071721817604,0,15740602
657,1,29,7,83889.03,1,1,0,153059.62,0,False,True,Young,191030.764,0.2940977720946843,0,15796071
724,0,35,0,171982.95,2,0,1,167313.07,0,True,False,Middle,171982.95,0.5078303780484161,1,15811389
500,0,34,4,0.0,2,1,0,12833.96,0,False,False,Middle,5133.584,0.43371534163721465,0,15783875
688,1,20,8,137624.4,2,1,1,197582.79,0,False,False,Young,295690.632,0.07397405254259139,0,15671800
599,1,50,3,121159.65,1,0,0,4033.39,1,False,False,Senior,122369.667,0.6981367378754272,1,15677288
631,1,29,7,0.0,2,0,1,125877.22,0,False,False,Young,88114.054,0.10063748375027518,0,15633525
634,1,52,1,0.0,2,1,1,176913.42,0,False,True,Senior,17691.342,0.4211232447847591,0,15634606
545,1,37,3,91184.01,1,1,0,105476.65,0,False,False,Middle,122827.00499999999,0.43738058841040534,0,15579207
644,1,18,8,0.0,2,1,0,59172.42,0,False,True,Young,47337.936,0.1065557332585984,0,15619892
690,0,54,1,144027.8,1,1,1,108731.02,1,True,False,Senior,154900.902,0.8219154840602322,1,15567778
711,0,34,6,0.0,2,1,1,175310.38,0,False,False,Middle,105186.228,0.2117641615539169,0,15711750
712,0,29,8,140170.61,1,1,1,38170.04,0,False,False,Young,170706.642,0.20663078032884283,0,15751084
627,1,27,1,62092.9,1,1,1,105887.04,0,False,False,Young,72681.604,0.11367506425001113,0,15768945
694,1,39,3,0.0,1,1,1,95625.03,0,False,True,Middle,28687.509,0.2208362321298495,0,15586931
534,1,35,4,0.0,2,0,0,9541.15,0,False,True,Middle,3816.46,0.3501389923869245,0,15636353
603,1,45,9,0.0,1,0,0,148516.79,0,False,False,Middle,133665.111,0.5204511811078719,1,15623858
808,0,33,2,103516.87,1,1,0,113907.8,0,False,False,Middle,126298.43,0.46104057621754035,0,15703354
723,1,30,1,0.0,3,1,0,164647.72,1,False,True,Young,16464.772,0.222725425414887,0,15663987
585,0,35,2,0.0,2,1,0,98621.04,1,False,False,Middle,19724.208,0.446864628955269,0,15780805
706,1,34,8,0.0,2,1,1,37479.97,0,False,False,Middle,29983.976000000002,0.12087566285620388,0,15768566
671,0,31,6,0.0,2,1,1,15846.42,0,False,False,Middle,9507.852,0.16816026556888988,0,15643229
597,1,43,2,85162.26,1,0,1,5104.08,1,False,True,Middle,86183.076,0.3606968262679226,0,15754940
646,0,43,8,143061.88,1,1,0,61937.6,0,False,False,Middle,192611.96000000002,0.6744004594947594,1,15676576
801,0,46,6,0.0,2,1,1,170008.74,0,False,True,Senior,102005.244,0.4142597313509227,0,15800068
731,0,33,5,137388.01,2,1,0,165000.68,0,False,True,Middle,219888.35,0.49831402138250946,0,15648030
620,0,25,1,137712.01,1,1,1,76197.05,0,True,False,Young,145331.715,0.341193400231541,0,15668594
484,1,40,7,106901.42,2,0,0,118045.98,0,True,False,Middle,189533.606,0.6773068643840938,1,15728709
647,1,47,5,105603.21,2,1,1,157360.9,0,False,True,Senior,184283.66000000003,0.39582269919801083,0,15724181
688,0,40,8,150679.71,2,0,1,196226.38,0,True,False,Middle,307660.814,0.6008710189258678,1,15647546
680,1,30,4,108300.27,2,0,1,44384.57,1,True,False,Young,126054.098,0.2567919106551706,0,15702601
689,0,46,7,52016.08,2,1,1,72993.65,0,False,False,Senior,103111.635,0.42507971800255656,0,15567725
513,1,34,7,60515.13,1,0,0,124571.09,0,True,False,Middle,147714.893,0.5568362447189508,1,15674179
553,1,35,2,158584.28,2,1,0,43640.16,0,True,False,Middle,167312.312,0.6183698138337906,1,15686957
689,1,47,2,118812.5,2,0,0,31121.42,0,True,False,Senior,125036.784,0.775602493530272,1,15607690
517,1,46,4,0.0,1,1,0,22372.78,0,False,True,Senior,8949.112,0.5745932683356931,1,15806546
731,1,37,8,0.0,2,1,1,170338.35,0,False,False,Middle,136270.68000000002,0.16114948078155125,0,15632850
687,0,47,1,91219.29,1,0,0,158845.49,1,True,False,Senior,107103.83899999999,0.8551389934446113,1,15709016
507,1,32,7,0.0,2,1,0,67926.18,0,False,True,Middle,47548.326,0.285026139688818,0,15638068
468,0,22,1,76318.64,1,1,1,194783.12,0,False,False,Young,95796.952,0.1446059849710958,0,15749345
682,0,58,4,0.0,1,1,0,176036.01,0,False,True,Senior,70414.40400000001,0.8422257669167514,1,15791321
603,0,24,3,0.0,1,1,1,198826.03,1,False,False,Young,59647.809,0.1278389661797858,0,15699095
522,1,25,1,111432.13,1,1,1,168683.57,0,True,False,Young,128300.48700000001,0.22199429190781023,0,15638329
629,1,41,10,150148.51,1,0,0,6936.27,0,False,True,Middle,157084.78,0.5218215959768052,1,15575445
729,0,32,7,38550.06,1,0,1,179230.23,0,False,False,Middle,164011.22100000002,0.22403177766448662,0,15752622
574,0,39,5,119013.86,1,1,0,103421.91,0,False,False,Middle,170724.815,0.6183407472401737,1,15774507
677,0,39,0,111213.64,2,1,1,147578.26,0,True,False,Middle,111213.64,0.545956697268198,1,15570857
627,1,28,5,71097.23,1,1,1,130504.49,0,True,False,Young,136349.475,0.22772526561957962,0,15599386
788,1,36,10,109632.85,1,1,1,16149.13,0,False,True,Middle,125781.98000000001,0.18769422939765676,0,15744913
697,1,63,7,148368.02,1,0,0,118862.08,1,False,False,Elder,231571.476,0.8576185739981047,1,15647292
578,1,45,1,148600.91,1,1,0,143397.14,1,False,False,Middle,162940.624,0.6237650708659396,1,15728838
519,1,48,10,71083.98,1,1,0,137959.0,0,False,False,Senior,209042.97999999998,0.6259729380391257,1,15584704
632,0,40,9,139625.34,1,1,0,93702.96,1,False,False,Middle,223958.00400000002,0.6251856716176711,1,15749068
679,0,39,4,0.0,1,0,0,172939.3,1,False,False,Middle,69175.72,0.5342648706573682,1,15622985
699,1,30,9,0.0,1,1,1,108162.13,0,False,False,Young,97345.91700000002,0.10509011177461659,0,15587676
615,1,64,0,81564.1,2,0,1,35896.09,0,False,False,Elder,81564.1,0.703638845352916,1,15779496
622,1,36,9,0.0,2,1,1,104852.6,0,False,True,Middle,94367.34000000001,0.16659913891754796,0,15733460
755,0,28,7,124540.28,1,0,1,188850.89,0,False,False,Young,256735.903,0.20967757162730707,0,15711457
767,0,42,2,133616.39,1,1,0,28615.8,0,False,False,Middle,139339.55000000002,0.6624356369348069,1,15795290
752,0,38,10,101648.5,2,1,0,172001.44,0,True,False,Middle,273649.94,0.7178277301834481,1,15611223
633,0,26,8,124281.84,1,1,1,60116.57,0,False,False,Young,172375.096,0.17608633292124165,0,15794159
717,0,59,4,0.0,2,1,1,170528.63,0,False,False,Senior,68211.452,0.6470111251752929,1,15780677
585,1,45,0,0.0,2,0,0,189683.7,0,False,True,Middle,0.0,0.5299199144010983,1,15690175
751,0,37,9,183613.66,2,0,0,49734.94,0,False,False,Middle,228375.106,0.5520518191677104,1,15722599
754,1,65,1,136186.44,1,1,1,121529.59,1,True,False,Elder,148339.399,0.8523586638998822,1,15569976
495,1,47,10,137682.68,1,1,0,71071.47,0,False,False,Senior,208754.15,0.6341954939135374,1,15707011
650,1,34,4,106005.54,1,0,1,142995.32,0,False,False,Middle,163203.668,0.1967092630185431,0,15702277
529,0,31,6,152310.55,1,1,0,13054.25,0,False,False,Middle,160143.09999999998,0.48252573627510675,0,15801915
585,0,43,2,0.0,2,1,0,89402.54,0,False,False,Middle,17880.507999999998,0.6001702843477629,1,15580213
668,1,32,1,134446.04,1,0,1,111241.37,0,False,True,Middle,145570.177,0.20499717501015777,0,15637947
591,0,38,2,142289.28,1,0,1,119638.85,0,False,False,Middle,166217.05,0.40392338938993166,0,15715888
731,1,19,6,0.0,2,1,1,151581.79,0,False,False,Young,90949.07400000001,0.04529636824883932,0,15732967
754,0,45,6,0.0,1,1,0,73881.68,1,False,False,Middle,44329.008,0.6130995057841445,1,15737047
650,0,46,9,149003.76,2,1,0,176902.83,0,True,False,Senior,308216.30700000003,0.8530945070640447,1,15694039
588,1,41,2,131341.46,2,0,1,7034.94,0,True,False,Middle,132748.448,0.49381469352611335,0,15649457
712,0,29,7,77919.78,1,1,0,122547.58,0,False,True,Young,163703.086,0.40057810384949033,0,15742809
691,0,34,7,0.0,2,0,1,161559.12,0,False,False,Middle,113091.38399999999,0.2188965600334517,0,15637829
771,0,41,10,108309.0,4,1,1,137510.41,1,False,False,Middle,245819.41,0.3205480078817458,0,15633194
678,0,39,6,0.0,1,0,1,185366.56,0,False,True,Middle,111219.93599999999,0.3407555529138703,0,15611635
719,0,40,9,0.0,2,1,0,182224.14,0,False,True,Middle,164001.72600000002,0.5452004827765651,1,15638774
610,1,36,7,115462.02,1,0,1,42581.04,0,True,False,Middle,145268.74800000002,0.3747440267596275,0,15722037
722,1,37,9,0.0,2,1,0,31921.95,0,False,True,Middle,28729.755,0.3165423005241797,0,15672930
758,0,23,5,122739.1,1,1,0,102460.84,1,True,False,Young,173969.52000000002,0.4745727370741295,0,15668774
709,0,32,2,0.0,2,0,0,109681.29,0,False,False,Middle,21936.258,0.377220566215081,0,15780966
634,0,53,3,113781.5,2,1,1,106345.05,1,True,False,Senior,145685.015,0.7846683681452618,1,15659694
678,0,49,1,0.0,2,1,1,102472.9,0,False,True,Senior,10247.29,0.5012260153157583,1,15624424
633,1,35,3,0.0,2,1,1,36249.76,0,False,False,Middle,10874.928,0.15138552905692348,0,15708713
710,1,43,9,128284.45,1,1,0,32996.89,1,False,False,Middle,157981.651,0.5093731502923747,1,15755405
640,1,45,8,120591.19,1,0,0,195123.94,0,True,False,Middle,276690.342,0.7694333674267485,1,15647570
656,1,63,8,0.0,2,0,1,57014.43,0,False,False,Elder,45611.544,0.5847656515582884,1,15684348
551,0,59,2,166968.28,1,1,0,159483.76,1,False,False,Senior,198865.032,0.8998913381744581,1,15702541
786,0,39,7,0.0,2,0,0,100929.59,0,False,True,Middle,70650.713,0.5071018285996443,1,15646942
561,0,49,8,0.0,2,1,1,12513.07,0,False,False,Senior,10010.456,0.4514447252240591,0,15748920
807,1,42,5,0.0,2,1,1,74900.9,0,False,True,Middle,37450.450000000004,0.2244501964181633,0,15694581
602,1,38,2,71667.97,2,0,0,137111.89,0,True,False,Middle,99090.348,0.6106245602569031,1,15643215
727,0,31,3,82729.47,2,1,0,60212.51,0,True,False,Middle,100793.223,0.5901093808399649,1,15649060
678,1,40,1,0.0,2,1,1,187343.4,0,False,False,Middle,18734.34,0.1992769342502001,0,15774258
730,1,23,8,0.0,2,1,0,183284.53,0,False,False,Young,146627.624,0.14181963035679157,0,15731553
596,0,30,1,0.0,2,1,0,8125.39,0,False,True,Young,812.5390000000001,0.39196998391645893,0,15617029
686,1,39,3,129626.19,2,1,1,103220.56,0,True,False,Middle,160592.358,0.4180245737577985,0,15780716
684,0,26,2,114035.39,1,0,0,96885.19,0,True,False,Young,133412.428,0.5588226222903794,1,15577018
797,1,32,1,151922.94,1,1,0,8877.06,0,True,False,Middle,152810.646,0.5476490883025055,1,15809515
658,0,39,4,0.0,1,1,1,147530.06,0,False,False,Middle,59012.024000000005,0.30934490829485345,0,15789924
653,0,27,6,107751.68,2,1,1,33389.42,0,False,True,Young,127785.332,0.1855537269408578,0,15725076
641,1,37,6,0.0,2,1,0,45309.24,0,False,False,Middle,27185.544,0.32451583134739886,0,15672481
656,0,41,6,101179.23,2,1,1,35230.61,0,False,True,Middle,122317.59599999999,0.3968033630130774,0,15574115
750,0,36,6,0.0,2,1,1,59816.41,0,False,True,Middle,35889.846000000005,0.24281793968968143,0,15661830
768,0,40,8,0.0,2,0,1,69080.46,0,False,False,Middle,55264.36800000001,0.2787079318013731,0,15665879
568,1,33,7,0.0,2,1,0,143450.61,0,False,False,Middle,100415.427,0.28024676173372937,0,15673820
706,1,36,9,58571.18,2,1,0,40774.01,0,True,False,Middle,95267.789,0.49940340737618544,0,15747772
430,0,38,8,153058.64,1,1,0,99377.27,0,True,False,Middle,232560.456,0.791376815328666,1,15666197
745,1,35,4,98270.34,1,1,0,133617.43,0,True,False,Middle,151717.312,0.5577863858359553,1,15773639
747,1,43,1,130788.71,1,0,1,101495.0,1,False,False,Middle,140938.21000000002,0.33625945134535384,0,15581893
657,1,40,7,99165.84,1,0,1,119333.95,1,True,False,Middle,182699.605,0.4433879263390162,0,15672447
639,0,42,4,0.0,2,0,0,167682.37,0,False,False,Middle,67072.948,0.5753682263629997,1,15777830
704,1,44,3,0.0,2,0,1,152884.85,0,False,False,Middle,45865.45500000001,0.25834124823919175,0,15713890
651,1,23,4,115636.05,2,1,0,70400.86,0,False,True,Young,143796.394,0.2074421826884181,0,15577598
706,0,44,2,185932.18,2,1,0,65413.41,0,True,False,Middle,199014.862,0.8436012902731913,1,15786042
632,1,30,2,72549.0,2,0,1,182728.8,0,True,False,Young,109094.76000000001,0.24681684649420343,0,15753462
751,1,42,4,0.0,2,1,1,81442.6,0,False,False,Middle,32577.040000000005,0.2157805157187066,0,15759690
767,0,35,2,0.0,2,0,0,144251.38,0,False,False,Middle,28850.276,0.4202523082004921,0,15801414
741,1,39,5,0.0,1,0,1,40207.06,0,False,False,Middle,20103.53,0.19536845345185813,0,15656141
651,1,29,3,121890.06,1,1,0,54530.51,1,True,False,Young,138249.213,0.47896140867667514,0,15608701
601,1,46,2,99786.07,1,1,1,32683.88,1,False,False,Senior,106322.846,0.3874242119913868,0,15582892
520,1,34,3,0.0,2,1,1,104703.96,0,False,False,Middle,31411.188000000002,0.15125471325588352,0,15632967
626,1,27,4,115084.53,2,0,1,26907.43,0,True,False,Young,125847.50200000001,0.22471493265222925,0,15587573
811,1,30,6,0.0,2,1,1,180591.32,0,False,False,Young,108354.792,0.09596519939429904,0,15654891
730,0,32,9,127661.69,1,0,0,60905.51,0,False,False,Middle,182476.649,0.44786380002936604,0,15611365
604,0,47,4,118907.6,1,0,1,47777.15,1,True,False,Senior,138018.46000000002,0.7263838751022652,1,15749103
499,0,44,6,77627.33,2,1,0,108222.68,0,True,False,Middle,142560.938,0.8142662774859726,1,15810203
754,1,40,2,160625.17,1,0,1,3554.63,0,False,True,Middle,161336.09600000002,0.32962677239654137,0,15813660
716,0,29,8,0.0,2,0,0,78616.92,0,False,True,Young,62893.536,0.3260990183908596,0,15605673
636,0,20,10,124266.86,1,0,0,100566.81,0,False,False,Young,224833.66999999998,0.26010773324162073,0,15669282
470,0,25,8,127974.06,2,1,1,183259.35,0,False,False,Young,274581.54000000004,0.1864954919627096,0,15792726
444,1,43,3,0.0,2,1,1,159131.21,0,False,False,Middle,47739.363000000005,0.27283781049264977,0,15593241
809,0,48,2,0.0,1,1,0,160976.85,1,False,True,Senior,32195.370000000003,0.6927588129537581,1,15683053
850,0,30,3,104911.35,2,1,1,42933.26,0,True,False,Young,117791.32800000001,0.341649435765624,0,15632736
637,1,27,1,0.0,2,1,0,91291.2,0,False,False,Young,9129.12,0.19766994380909156,0,15731865
512,1,43,1,0.0,2,1,1,52471.36,0,False,False,Middle,5247.136,0.2739913251470005,0,15760450
774,0,43,1,110646.54,1,0,0,108804.28,0,False,True,Middle,121526.968,0.6940384620593353,1,15787204
641,1,57,5,0.0,2,1,1,122449.18,0,False,False,Senior,61224.59,0.48538195353086677,0,15650454
586,1,42,6,126704.49,2,1,0,41682.3,0,True,False,Middle,151713.87,0.6922668649213628,1,15573730
611,1,30,9,0.0,2,1,1,148887.69,0,False,False,Young,133998.921,0.10658297009081227,0,15705050
660,1,31,1,84560.04,1,1,1,137784.25,0,False,True,Middle,98338.465,0.16624690105411258,0,15791342
532,1,43,9,0.0,2,0,0,190573.91,1,False,False,Middle,171516.519,0.4831495066509884,0,15684316
557,0,38,2,129893.56,1,0,0,102076.03,0,True,False,Middle,150308.766,0.7851118578709269,1,15700540
730,1,25,5,167385.81,1,1,1,56307.51,0,False,True,Young,195539.565,0.12469367407441827,0,15770631
535,0,27,6,0.0,2,0,1,49775.58,0,False,False,Young,29865.347999999998,0.1474008531571871,0,15790594
773,0,36,4,105858.71,1,0,1,4395.45,0,True,False,Middle,107616.89,0.4912396876195164,0,15604020
510,0,44,4,123070.89,1,1,0,28461.29,1,True,False,Middle,134455.406,0.8458668530256325,1,15637599
539,1,39,1,0.0,1,1,1,28184.7,0,False,False,Middle,2818.4700000000003,0.23189999624524357,0,15736578
690,0,48,2,0.0,2,1,1,3149.1,0,False,True,Senior,629.82,0.4835014325517612,0,15666332
821,0,40,1,0.0,2,1,0,194273.12,0,False,False,Middle,19427.312,0.4923329495736159,0,15727291
687,1,35,1,125141.24,2,1,1,148537.07,0,True,False,Middle,139994.94700000001,0.34339339827520204,0,15785920
557,0,46,4,96173.17,2,1,1,116378.31,0,False,False,Senior,142724.494,0.4941819996956236,0,15658987
532,0,37,5,0.0,2,0,1,6761.84,0,False,True,Middle,3380.92,0.2970612488790179,0,15687719
540,1,39,2,0.0,2,1,0,81995.92,0,False,True,Middle,16399.184,0.42368478204714044,0,15799641
705,0,55,8,0.0,2,1,1,14392.68,0,False,False,Senior,11514.144,0.541246893765373,1,15758702
542,0,35,9,127543.11,2,1,0,468.94,1,True,False,Middle,127965.156,0.675686585141305,1,15689526
706,1,38,1,0.0,2,1,0,122379.54,0,False,False,Middle,12237.954,0.3503408512886999,0,15586848
765,0,56,1,0.0,1,1,0,13228.93,1,False,False,Senior,1322.893,0.8059582498608918,1,15707637
529,1,67,8,103101.56,2,1,1,154002.02,1,False,False,Elder,226303.17599999998,0.7460846926518607,1,15719426
714,1,54,7,126113.28,1,1,0,112777.38,0,False,False,Senior,205057.446,0.7286417106263567,1,15639265
582,1,41,1,40488.76,1,1,0,128528.83,0,False,False,Middle,53341.643000000004,0.47622022491004296,0,15576124
609,0,40,10,137389.77,2,1,0,170122.22,0,True,False,Middle,307511.99,0.7836391546786532,1,15757829
518,0,28,9,85146.36,1,0,0,2803.89,0,False,False,Young,87669.861,0.36689978018911706,0,15633227
791,1,35,5,129828.58,1,1,1,181918.26,1,True,False,Middle,220787.71000000002,0.3491510009982749,0,15753092
747,1,42,4,80214.36,1,1,0,115241.96,1,False,False,Middle,126311.144,0.4865299536610521,0,15782939
565,0,40,2,0.0,2,1,1,129956.13,0,False,False,Middle,25991.226000000002,0.3232984127791988,0,15746338
735,1,34,1,141796.43,1,1,0,45858.49,0,False,False,Middle,146382.27899999998,0.39458791498563645,0,15590676
697,0,49,7,195238.29,4,0,1,131083.56,1,False,False,Senior,286996.782,0.5517477962937078,1,15599329
813,1,27,6,111348.15,1,1,0,46422.46,0,True,False,Young,139201.626,0.38775037585622324,0,15783097
772,1,43,6,0.0,2,1,1,57675.88,0,False,False,Middle,34605.528,0.2183400863831012,0,15597885
606,0,71,8,0.0,2,1,1,169741.96,0,False,False,Elder,135793.568,0.8337691732453736,1,15597467
667,0,42,10,64404.26,2,0,0,26022.37,0,True,False,Middle,90426.63,0.7400857301168133,1,15724764
637,1,40,9,154309.67,1,1,1,125334.16,1,True,False,Middle,267110.414,0.47233844868450753,0,15778418
542,1,67,10,129431.36,1,0,1,21343.74,0,False,False,Elder,150775.1,0.7484602083017686,1,15684769
762,0,43,5,134204.67,1,1,1,139971.01,0,False,True,Middle,204190.17500000002,0.47552029421865977,0,15756167
698,0,39,4,0.0,2,0,1,47455.82,0,False,False,Middle,18982.328,0.28889949739009685,0,15632439
850,0,32,8,0.0,2,1,1,55593.8,0,False,False,Middle,44475.04000000001,0.157674885265746,0,15755138
621,0,50,5,0.0,2,1,0,191756.54,1,False,False,Senior,95878.27000000002,0.7119733830720214,1,15659092
671,0,48,9,116711.06,2,0,0,76373.38,0,True,False,Senior,185447.102,0.8499227080297733,1,15742116
775,1,31,9,0.0,2,1,0,169278.51,0,False,False,Middle,152350.659,0.22644179719475277,0,15801994
504,1,34,0,54980.81,1,1,1,136909.88,0,False,True,Middle,54980.81,0.20707252967327613,0,15647572
751,0,37,3,99773.85,2,1,0,54865.92,0,False,True,Middle,116233.626,0.5484908916155743,1,15644551
691,1,30,7,101231.77,2,0,0,156529.44,0,True,False,Young,210802.37800000003,0.4581899549707183,0,15709135
841,1,32,2,117070.21,1,1,0,113482.2,0,True,False,Middle,139766.65000000002,0.5006188065629102,1,15684469
709,1,23,8,73314.04,2,1,0,63446.47,0,True,False,Young,124071.216,0.2848521233684695,0,15627637
673,1,37,2,0.0,1,1,1,13624.02,0,False,False,Middle,2724.804,0.18654341993803983,0,15667093
541,1,37,9,212314.03,1,0,1,148814.54,0,False,False,Middle,346247.11600000004,0.3049099089855527,0,15690589
661,0,31,3,136067.82,2,1,0,65567.91,0,False,False,Middle,155738.193,0.4465216176434308,0,15595350
784,0,42,2,109052.04,2,1,0,6409.55,0,False,True,Middle,110333.95,0.649761868577725,1,15777586
742,0,35,2,79126.17,1,1,1,126997.53,0,False,False,Middle,104525.676,0.28064253961832314,0,15804064
850,0,55,7,0.0,1,0,0,171762.87,1,False,True,Senior,120234.00899999999,0.7956997209115226,1,15717770
443,0,35,9,108308.0,1,1,0,129031.19,1,False,False,Middle,224436.071,0.5538342915834056,1,15754443
778,0,48,3,102290.56,2,1,0,182691.31,0,True,False,Senior,157097.95299999998,0.8431648198885362,1,15776939
529,1,39,6,102025.08,2,1,0,12351.01,0,False,False,Middle,109435.686,0.44154084929595533,0,15713517
678,0,37,2,113383.07,1,1,1,135123.96,0,True,False,Middle,140407.86200000002,0.5308900284850274,1,15683522
516,0,65,9,102541.1,1,1,0,181490.42,0,False,True,Elder,265882.478,0.9327489082863091,1,15673995
469,1,35,5,0.0,2,1,0,186490.37,0,False,True,Middle,93245.185,0.3581423344727379,0,15771054
786,1,40,6,0.0,2,0,0,41248.8,0,False,True,Middle,24749.280000000002,0.3864708435232004,0,15578788
703,0,41,6,109941.51,1,1,0,116267.28,0,False,False,Middle,179701.878,0.6253141944517396,1,15737408
579,1,41,0,141749.68,1,0,1,9201.53,0,True,False,Middle,141749.68,0.5414727606429052,1,15750837
565,1,38,5,0.0,2,0,1,80630.32,0,False,False,Middle,40315.16,0.19066791208973477,0,15576022
443,1,44,2,0.0,1,1,0,159165.7,0,False,False,Middle,31833.140000000003,0.5272481657885438,1,15635502
589,1,37,7,85146.48,2,1,0,86490.09,1,False,False,Middle,145689.543,0.38768625168764465,0,15627298
691,0,44,6,134066.1,2,1,1,197572.41,0,False,False,Middle,252609.546,0.46269139800252584,0,15811415
711,0,28,8,0.0,2,0,0,105159.89,0,False,False,Young,84127.91200000001,0.292023415159683,0,15645059
775,1,27,4,0.0,1,1,1,40807.26,0,False,True,Young,16322.904000000002,0.09400720793118698,0,15689671
621,1,35,7,87619.29,1,1,0,143.34,0,False,False,Middle,87719.628,0.35524262467633455,0,15718667
350,1,51,10,0.0,1,1,1,125823.79,1,False,False,Senior,125823.79,0.4356637571761739,0,15803202
668,0,30,8,0.0,2,1,0,138465.7,0,False,True,Young,110772.56000000001,0.35534787450433286,0,15593683
633,1,27,3,0.0,2,1,0,44008.91,0,False,True,Young,13202.673000000003,0.2117504434527436,0,15703394
697,1,43,8,103409.16,1,1,0,66893.28,1,True,False,Middle,156923.784,0.6919674675200811,1,15570289
734,0,30,7,123040.38,1,1,1,76503.06,0,True,False,Young,176592.522,0.37634297991386895,0,15567437
434,1,41,4,108128.52,1,0,1,56784.11,0,False,False,Middle,130842.164,0.3284821941806718,0,15711687
646,1,48,8,169023.33,2,1,1,175657.55,0,True,False,Senior,309549.37,0.6227723724062372,1,15656592
764,1,30,5,0.0,2,0,1,105155.66,0,False,False,Young,52577.83000000001,0.09985125632086675,0,15634373
727,0,41,10,0.0,2,0,1,47468.56,0,False,True,Middle,47468.56,0.30969225414314355,0,15769125
724,0,29,6,0.0,2,0,1,64729.51,0,False,False,Young,38837.706,0.15058929577681826,0,15711386
749,1,42,9,222267.63,1,0,0,101108.85,1,False,True,Middle,313265.59500000003,0.6016264845157663,1,15714241
706,0,47,10,144090.42,1,1,0,140938.95,1,True,False,Senior,285029.37,0.8617519918368561,1,15642530
728,1,30,10,114835.43,1,0,1,37662.49,0,False,False,Young,152497.91999999998,0.128296904851938,0,15713599
636,1,44,2,0.0,2,0,0,86414.41,0,False,False,Middle,17282.882,0.4832472117303582,0,15744770
634,1,34,3,145030.92,1,1,1,41820.65,0,False,False,Middle,157577.11500000002,0.2123040043497115,0,15780498
627,1,43,8,71240.3,1,0,1,127734.16,0,False,False,Middle,173427.62800000003,0.3045225380757743,0,15624397
518,1,59,5,138772.15,1,0,1,123872.0,0,False,False,Senior,200708.15,0.6671228772993782,1,15615219
687,0,29,7,93617.07,1,0,1,113050.92,0,False,True,Young,172752.714,0.22635321984198917,0,15570908
622,0,23,8,0.0,2,1,1,131389.39,0,False,True,Young,105111.51200000002,0.11659177711302622,0,15762855
693,0,45,4,0.0,2,1,1,26589.56,0,False,True,Middle,10635.824,0.4103259379428095,0,15661827
450,1,25,9,74237.2,2,0,1,195463.35,0,False,True,Young,250154.21500000003,0.1199181854942384,0,15746035
664,0,49,5,127421.78,2,1,0,108876.75,1,True,False,Senior,181860.155,0.869088387615405,1,15691906
663,0,28,8,61274.7,2,1,0,136054.45,0,False,True,Young,170118.26,0.35885172968641343,0,15793424
660,1,34,8,106486.66,2,0,1,182262.66,0,False,False,Middle,252296.788,0.18384461484672432,0,15577905
579,0,29,10,73194.52,2,1,1,129209.09,0,False,False,Young,202403.61,0.1886888855807065,0,15667216
655,0,44,6,146498.76,1,1,0,64853.51,1,True,False,Middle,185410.866,0.8354644159408553,1,15673971
683,1,47,1,0.0,2,1,0,148989.15,0,False,False,Senior,14898.915,0.5200742095669527,1,15701238
655,0,32,2,0.0,1,1,1,71047.51,0,False,False,Middle,14209.502,0.21233192793412628,0,15644849
575,0,30,8,0.0,2,1,0,185341.63,0,False,True,Young,148273.304,0.3809432158753629,0,15635531
574,1,30,5,120355.0,1,1,0,137793.35,0,False,True,Young,189251.675,0.34591440602864537,0,15632263
795,1,32,2,117265.21,1,1,1,198317.23,0,False,False,Middle,156928.65600000002,0.15750368058862618,0,15720110
776,0,43,4,0.0,2,0,1,162137.5,0,False,False,Middle,64855.0,0.3462862224155609,0,15619045
707,0,52,7,0.0,1,1,0,109688.82,1,False,True,Senior,76782.174,0.759750092470518,1,15697510
705,0,37,3,109974.22,1,1,1,36320.87,1,True,False,Middle,120870.481,0.5240790405110248,1,15784923
678,0,44,2,98009.13,2,0,1,31384.86,0,True,False,Middle,104286.102,0.6441960963373842,1,15567383
663,1,34,10,0.0,1,1,1,114083.73,0,False,False,Middle,114083.73000000001,0.14044109472956606,0,15732621
748,1,66,8,0.0,1,1,1,163331.65,0,False,False,Elder,130665.32,0.6595112487223441,1,15757981
677,0,34,10,171671.9,1,1,1,50777.77,0,False,True,Middle,222449.66999999998,0.3158367290196395,0,15727819
634,1,63,10,0.0,2,1,0,30772.86,1,False,True,Elder,30772.86,0.7807925510410998,1,15738088
350,0,60,3,0.0,1,0,0,113796.15,1,False,False,Senior,34138.844999999994,0.8806702111482461,1,15765173
727,1,61,0,128213.96,2,1,1,188729.08,1,False,False,Elder,128213.96,0.6318410527632305,1,15665159
773,1,51,8,116197.65,2,1,1,86701.4,0,True,False,Senior,185558.77,0.6022183797738764,1,15618203
675,1,39,1,0.0,2,1,0,153129.22,0,False,False,Middle,15312.922,0.36986770814864617,0,15791452
649,0,36,6,86607.39,1,0,0,19825.09,0,False,True,Middle,98502.444,0.5495045413156641,1,15638159
552,1,29,10,0.0,2,1,0,12186.83,0,False,False,Young,12186.830000000002,0.1935576524734859,0,15585466
761,1,62,5,98854.34,1,0,0,86920.97,1,True,False,Elder,142314.825,0.910426471200923,1,15677310
622,1,31,7,0.0,1,1,0,35408.77,0,False,False,Middle,24786.139,0.24592958488913103,0,15646262
615,1,59,8,0.0,2,1,1,165576.55,0,False,False,Senior,132461.24,0.531567172430202,1,15656901
681,1,31,4,97338.19,2,0,0,48226.76,0,True,False,Middle,116628.894,0.47516547683752675,0,15621093
768,1,30,6,0.0,2,1,1,199454.37,0,False,False,Young,119672.622,0.09956521488833617,0,15592123
617,1,34,9,0.0,2,1,0,118749.58,0,False,True,Middle,106874.622,0.3039473704624135,0,15589200
452,0,33,6,131698.57,2,1,0,151623.91,0,False,False,Middle,222672.91600000003,0.5153889853638488,1,15602934
807,1,37,10,130110.45,2,0,1,172097.95,0,True,False,Middle,302208.4,0.3691671651099282,0,15812720
567,1,44,9,0.0,2,1,0,87677.15,0,False,True,Middle,78909.435,0.4860616683610797,0,15695383
603,1,24,1,165149.13,2,1,0,21858.28,0,False,True,Young,167334.958,0.26681343441636296,0,15723064
617,0,37,9,101707.8,1,1,0,123866.28,0,False,True,Middle,213187.452,0.582016575651875,1,15761606
701,0,34,3,105588.66,1,0,1,74694.41,0,False,False,Middle,127996.98300000001,0.29237773589271643,0,15650322
820,1,39,9,111336.89,1,1,0,16770.31,1,True,False,Middle,126430.169,0.5884805543285799,1,15669782
438,1,60,7,78391.17,1,0,1,49424.6,0,False,False,Senior,112988.39,0.6442231011465678,1,15751628
600,0,27,6,0.0,2,1,1,172031.22,0,False,True,Young,103218.73200000002,0.15908170769946214,0,15809057
782,1,34,9,0.0,1,1,0,183021.06,1,False,False,Middle,164718.95400000003,0.29032815600087053,0,15617052
638,0,41,9,144326.09,1,1,0,73979.85,1,True,False,Middle,210907.95500000002,0.7938254938906427,1,15590810
850,1,27,1,101278.25,2,1,1,26265.18,0,True,False,Young,103904.768,0.19945166700213143,0,15801293
741,0,19,8,108711.57,2,1,0,24857.25,0,True,False,Young,128597.37000000001,0.3452909953398715,0,15770968
689,1,73,1,108555.07,1,0,1,167969.15,0,False,True,Elder,125351.98500000002,0.8446016198543944,1,15572356
743,0,35,1,146781.24,1,1,0,189307.7,0,True,False,Middle,165712.00999999998,0.713234866142335,1,15603247
493,0,36,2,0.0,2,0,1,99770.3,0,False,False,Middle,19954.06,0.2788213939018904,0,15619116
416,1,35,8,0.0,1,0,0,119712.78,0,False,True,Middle,95770.224,0.385593049719395,0,15691792
725,0,25,9,0.0,2,1,1,168607.74,0,False,False,Young,151746.966,0.11692868242792656,0,15783276
497,1,34,2,0.0,2,1,1,83087.13,0,False,False,Middle,16617.426000000003,0.1558592229307591,0,15766137
537,1,66,8,103291.25,2,1,1,130664.79,0,True,False,Elder,207823.082,0.8515662190786227,1,15574554
706,0,29,1,209490.21,1,1,1,133267.69,1,False,True,Young,222816.979,0.28808865665155375,0,15578671
651,1,38,2,0.0,3,1,0,67029.82,1,False,True,Middle,13405.964000000002,0.3649239448598687,0,15716608
720,1,33,2,0.0,2,0,1,141031.08,0,False,False,Middle,28206.216,0.12920405215295067,0,15690670
797,1,45,8,0.0,1,0,0,125110.02,0,False,False,Middle,100088.016,0.4810269072932325,0,15630466
543,1,23,5,0.0,2,1,0,117832.39,0,False,True,Young,58916.195,0.17022843165383886,0,15630349
454,1,34,4,0.0,2,1,0,198817.72,0,False,False,Middle,79527.088,0.3181534348668446,0,15803801
691,1,37,9,149405.18,1,1,1,146411.6,0,False,False,Middle,281175.62,0.24158921684481244,0,15647890
510,0,52,6,191665.21,1,1,1,131312.56,1,False,False,Senior,270452.746,0.6932765908580864,1,15606115
792,0,40,7,0.0,1,1,0,141652.2,0,False,True,Middle,99156.54000000002,0.5466671459653673,1,15714642
721,1,41,6,135071.12,1,1,1,64477.25,0,False,False,Middle,173757.47,0.28383282978504365,0,15741181
765,1,41,2,0.0,2,0,1,191215.61,0,False,False,Middle,38243.121999999996,0.20787055619845385,0,15773973
850,1,39,8,0.0,2,1,1,37090.44,0,False,True,Middle,29672.352000000003,0.16899914422014986,0,15758546
681,1,38,6,181804.34,2,1,1,57517.71,0,True,False,Middle,216314.96600000001,0.4197713396664241,0,15598940
586,0,60,3,47020.65,2,0,1,63241.21,1,False,False,Senior,65993.013,0.7214139437750031,1,15669783
753,0,36,7,128518.98,1,1,1,44567.83,1,False,False,Middle,159716.461,0.3022336626346325,0,15624993
593,0,38,5,142658.04,2,0,1,135337.11,0,True,False,Middle,210326.595,0.5660688324908075,1,15760568
674,0,21,9,120150.39,2,1,1,33964.03,0,False,False,Young,150718.017,0.10779472991910481,0,15699047
610,0,35,7,81905.95,1,1,1,61623.19,0,False,False,Middle,125042.183,0.28373539819271626,0,15616168
652,1,26,3,137998.2,2,0,1,168989.77,0,False,False,Young,188695.131,0.11630828209637156,0,15773146
850,0,26,8,123126.29,1,1,0,74425.41,0,True,False,Young,182666.61800000002,0.49976348860664005,0,15770375
740,0,51,4,0.0,2,1,1,178929.84,0,False,False,Senior,71571.936,0.4933343751153309,0,15589725
637,1,43,1,135645.29,2,0,1,101382.86,1,True,False,Middle,145783.576,0.5231276911789865,1,15710034
685,1,31,7,122449.31,2,1,1,180769.55,0,False,True,Middle,248987.995,0.16441307504667016,0,15800806
558,1,40,4,161766.87,1,0,0,92378.54,0,False,True,Middle,198718.286,0.5735347741722857,1,15570485
677,0,37,3,0.0,2,1,1,38252.25,0,False,False,Middle,11475.675000000001,0.25901274323562823,0,15575391
592,1,36,10,123187.51,1,0,1,146111.35,0,True,False,Middle,269298.86,0.39718878754883025,0,15790750
652,1,36,9,150956.71,1,0,0,72350.17,0,True,False,Middle,216071.863,0.6117199097651688,1,15714832
662,0,42,6,105021.28,1,1,0,48242.38,0,False,True,Middle,133966.70799999998,0.6639373458550769,1,15619953
543,1,64,4,0.0,2,1,1,148305.82,0,False,False,Elder,59322.32800000001,0.6374688502665593,1,15673929
675,0,50,1,133204.91,1,0,1,8270.06,0,False,True,Senior,134031.916,0.6511811870535408,1,15578835
643,0,35,6,0.0,2,1,1,41549.64,0,False,True,Middle,24929.784,0.24115313948708275,0,15752388
611,0,49,9,115488.52,2,1,1,138656.81,1,True,False,Senior,240279.64900000003,0.7246592319302644,1,15797081
412,1,29,5,0.0,2,0,0,12510.53,0,False,False,Young,6255.265,0.24343462060599952,0,15570194
638,1,41,7,0.0,2,1,0,43889.41,0,False,True,Middle,30722.587,0.41639923462323275,0,15580149
824,0,38,3,0.0,2,1,0,192800.25,0,False,True,Middle,57840.075000000004,0.4834426575456552,0,15777708
683,0,40,1,0.0,2,0,0,75762.0,0,False,False,Middle,7576.200000000001,0.5405082202341789,1,15769955
562,0,39,6,130565.02,1,1,0,9854.72,1,True,False,Middle,136477.852,0.7746224173148634,1,15810444
599,0,41,2,91328.71,1,1,0,115724.78,0,False,False,Middle,114473.66600000001,0.6406232356098721,1,15645593
753,1,35,4,0.0,2,1,1,106303.4,0,False,False,Middle,42521.36,0.13838191060203617,0,15765345
594,1,50,7,81310.34,1,1,1,183868.01,0,False,False,Senior,210017.94700000001,0.44458211721796653,0,15760873
657,1,34,3,107136.6,1,1,0,153895.46,0,False,False,Middle,153305.238,0.37181117080120735,0,15794178
716,1,34,9,0.0,1,1,1,66695.71,0,False,True,Middle,60026.139,0.14412824002524918,0,15589361
850,1,43,7,0.0,2,1,1,173851.11,0,False,False,Middle,121695.777,0.21908674465558944,0,15662483
664,1,46,2,0.0,1,1,1,177423.02,1,False,False,Senior,35484.604,0.30613135971837974,0,15809736
558,1,33,0,108477.49,1,1,1,109096.71,1,False,False,Middle,108477.49,0.19724316822548993,0,15731148
606,1,40,1,144757.97,2,1,1,166656.18,0,True,False,Middle,161423.588,0.4603526174030198,0,15774328
776,1,33,2,0.0,2,1,1,176921.0,0,False,True,Middle,35384.200000000004,0.13188073056557448,0,15646969
557,1,36,1,113110.26,1,1,0,98413.1,0,False,True,Middle,122951.56999999999,0.4654111337252323,0,15718769
614,0,27,9,106414.57,2,0,0,77500.81,0,False,False,Young,176165.299,0.34435599385663324,0,15610226
620,1,42,4,106920.91,1,0,1,119747.08,0,False,True,Middle,154819.742,0.3411592267312682,0,15616270
695,1,35,7,0.0,2,1,0,160387.98,0,False,True,Middle,112271.58600000001,0.3189897477595535,0,15790717
729,0,39,1,131513.26,1,1,1,193715.0,0,True,False,Middle,150884.76,0.5669011866302742,1,15635703
571,0,53,2,0.0,2,1,0,28045.77,0,False,False,Senior,5609.154,0.7693706478722027,1,15616365
457,1,40,10,134320.23,2,1,0,150757.35,0,False,False,Middle,285077.58,0.5099939698670406,1,15630244
559,0,29,3,79715.36,1,1,0,82252.28,0,False,False,Young,104391.044,0.4114585512890567,0,15734714
664,0,38,4,74306.19,2,1,0,154395.56,0,False,False,Middle,136064.414,0.5357706210660843,1,15721433
500,0,50,5,0.0,4,1,1,83866.35,1,False,True,Senior,41933.175,0.49152660233888607,0,15590201
782,1,42,7,126428.38,1,1,0,39830.1,0,True,False,Middle,154309.45,0.6758485326395718,1,15590828
708,1,38,8,99640.89,1,1,0,12429.22,0,False,True,Middle,109584.266,0.4239473587163984,0,15752097
681,1,43,3,66338.68,1,1,1,18772.5,1,False,False,Middle,71970.43,0.2962944952648441,0,15800031
674,0,39,6,0.0,2,1,1,9574.83,0,False,True,Middle,5744.898,0.29384499276164694,0,15630857
697,1,43,10,128226.37,1,0,0,188486.94,0,False,True,Middle,316713.31,0.5914929057169858,1,15689953
774,0,26,5,0.0,2,1,1,64716.08,0,False,False,Young,32358.040000000005,0.11783857388680677,0,15759733
624,1,36,6,0.0,2,0,0,84749.96,0,False,False,Middle,50849.976,0.32268864138481335,0,15810826
747,1,37,1,0.0,2,0,1,180551.76,0,False,True,Middle,18055.176000000003,0.17913285008056218,0,15668009
715,0,32,10,0.0,2,1,0,60907.49,0,False,False,Middle,60907.490000000005,0.3319501473209683,0,15743456
808,1,24,4,122168.65,1,1,0,174107.04,0,False,False,Young,191811.46600000001,0.20355889210110953,0,15725762
678,0,43,7,178074.33,1,0,0,110405.9,0,False,False,Middle,255358.45999999996,0.709507188738901,1,15761713
813,1,59,2,135078.41,1,1,0,187636.06,1,True,False,Senior,172605.622,0.8941012073176678,1,15769246
687,1,38,8,69434.4,2,1,1,66580.13,1,False,True,Middle,122698.504,0.20841024774133618,0,15781129
832,0,29,5,0.0,2,1,0,178779.52,0,False,False,Young,89389.76000000001,0.29500121837883053,0,15599124
668,1,72,2,0.0,2,1,1,70783.61,0,False,False,Elder,14156.722000000002,0.7541253607377207,1,15639004
526,1,34,3,122726.56,1,1,1,46772.36,0,True,False,Middle,136758.268,0.37244255428706924,0,15810995
457,0,38,7,164496.99,1,1,1,163327.27,0,False,False,Middle,278826.07899999997,0.42926409337072474,0,15653773
649,0,38,8,0.0,1,1,0,103760.53,0,False,True,Middle,83008.424,0.5241224682286733,1,15708357
669,0,41,0,150219.41,2,0,0,107839.03,0,False,False,Middle,150219.41,0.6588816918365558,1,15733597
668,1,42,8,187534.79,1,1,1,32900.41,1,False,False,Middle,213855.11800000002,0.32380266260337726,0,15789560
466,0,30,3,0.0,1,1,0,193984.6,0,False,False,Young,58195.380000000005,0.39139640960982364,0,15699524
685,1,30,2,0.0,2,1,1,140889.32,0,False,False,Young,28177.864,0.10431474712455298,0,15626475
610,1,34,0,103108.17,1,0,0,125646.82,0,False,False,Middle,103108.17,0.39235866276572223,0,15810839
582,0,50,6,96486.57,2,1,1,20344.02,0,True,False,Senior,108692.982,0.7252433141772597,1,15684318
702,1,36,9,90560.48,2,1,0,174268.87,0,True,False,Middle,247402.463,0.5588796766026259,1,15768120
556,1,46,3,131764.96,1,1,1,108500.66,1,False,True,Senior,164315.158,0.435174782980754,0,15712807
812,0,24,1,92476.88,1,0,0,83247.14,0,False,True,Young,100801.59400000001,0.32934123921601677,0,15696371
645,1,47,9,152076.93,1,1,0,121840.2,1,True,False,Senior,261733.11,0.7908028854212115,1,15675794
809,1,43,2,0.0,2,1,1,132908.07,0,False,False,Middle,26581.614,0.22527927368791315,0,15774277
560,1,49,4,0.0,1,1,1,100075.1,1,False,False,Senior,40030.04000000001,0.37353816861008504,0,15603764
744,1,29,1,43504.42,1,1,1,119327.75,0,False,False,Young,55437.195,0.11490074781333445,0,15618647
731,0,39,2,0.0,2,1,0,136737.13,0,False,True,Middle,27347.426000000003,0.5222662487424524,1,15614643
471,0,28,5,0.0,2,1,1,22356.97,0,False,True,Young,11178.485,0.1761729719005915,0,15707696
686,0,38,2,93569.86,3,0,0,10137.34,1,True,False,Middle,95597.328,0.719565918639995,1,15749583
668,1,45,4,102486.21,2,1,1,158379.25,0,False,True,Middle,165837.91,0.35467451757120344,0,15815125
575,1,36,1,0.0,1,0,1,94570.56,0,False,False,Middle,9457.056,0.1898843050165852,0,15779620
435,1,37,8,114346.3,1,0,1,980.93,1,True,False,Middle,115131.04400000001,0.4075199141604152,0,15768233
743,1,23,3,110203.77,1,1,0,95583.45,0,False,False,Young,138878.805,0.1943939011424234,0,15637788
580,0,39,9,128362.59,1,1,0,86044.98,0,False,False,Middle,205803.072,0.6065251636481473,1,15777046
599,0,49,10,143888.22,2,1,1,166236.38,1,True,False,Senior,310124.6,0.7473421901763565,1,15788723
534,1,34,5,170600.78,1,0,1,5240.53,0,False,True,Middle,173221.045,0.2527631028992286,0,15790489
680,0,32,5,0.0,1,1,1,150684.23,0,False,False,Middle,75342.115,0.2039024290672606,0,15739476
631,0,46,10,0.0,2,1,1,129508.96,0,False,True,Senior,129508.96000000002,0.43163433144162283,0,15612670
485,0,39,2,75339.64,1,1,1,70665.16,0,False,False,Middle,89472.672,0.3914230988953779,0,15631222
699,0,40,8,122038.34,1,1,0,102085.35,0,False,False,Middle,203706.62,0.6076432914226525,1,15658972
712,1,34,1,0.0,2,1,1,195052.12,0,False,False,Middle,19505.212,0.13217948174046715,0,15724691
603,1,51,8,186825.57,1,1,0,93739.71,1,False,False,Senior,261817.33800000002,0.7260763351287215,1,15740442
850,1,40,6,124788.18,1,1,0,65612.12,0,False,False,Middle,164155.452,0.4484098511839642,0,15760427
584,0,41,3,0.0,2,1,1,160095.48,0,False,False,Middle,48028.64400000001,0.33504602475704054,0,15677939
604,0,71,2,0.0,2,1,1,49506.82,0,False,False,Elder,9901.364000000001,0.8384014726756596,1,15611599
586,1,51,2,138553.57,1,1,1,92406.22,0,False,False,Senior,157034.814,0.5069434035054398,1,15633474
467,1,39,5,0.0,2,1,1,7415.96,0,False,True,Middle,3707.9800000000005,0.22330894817834712,0,15671973
520,1,35,9,105387.89,1,1,1,25059.06,0,False,False,Middle,127941.044,0.1930868724082261,0,15790019
683,1,40,4,95053.1,1,1,1,116816.54,1,False,True,Middle,141779.71600000001,0.283527362770805,0,15737735
557,1,36,3,0.0,1,0,1,144078.02,0,False,False,Middle,43223.405999999995,0.18675243008865397,0,15661745
613,0,32,0,0.0,2,0,1,126675.62,0,False,True,Middle,0.0,0.22685393042203042,0,15797065
786,1,34,3,137361.96,1,0,0,183682.09,0,False,False,Middle,192466.587,0.3772617420094484,0,15710671
593,1,32,10,158537.42,1,1,0,166850.57,0,False,True,Middle,325387.99000000005,0.405099563753628,0,15656522
670,0,29,9,0.0,2,1,0,27359.19,0,False,True,Young,24623.271,0.30925075666846424,0,15705085
657,0,48,5,143595.87,1,0,0,101314.65,1,True,False,Senior,194253.195,0.8799764773281287,1,15744873
718,1,32,9,169947.41,2,1,1,27979.16,0,True,False,Middle,195128.654,0.279937537158518,0,15781914
623,0,24,7,148167.83,2,1,1,109470.34,0,False,False,Young,224797.06799999997,0.15963178322757932,0,15637354
496,1,31,5,0.0,2,1,0,93713.13,0,False,False,Middle,46856.565,0.259015859688658,0,15717307
429,0,39,6,48023.83,1,1,0,74870.99,0,False,False,Middle,92946.42400000001,0.5902734549905859,1,15746695
606,1,36,1,155655.46,1,1,1,192387.51,1,False,False,Middle,174894.21099999998,0.24425758034692183,0,15804962
499,0,46,6,0.0,2,1,0,73457.55,0,False,False,Senior,44074.530000000006,0.6521771532042036,1,15665378
642,1,62,7,0.0,2,1,1,61120.75,0,False,False,Elder,42784.525,0.565695329835641,1,15757865
641,0,52,4,0.0,1,1,0,90964.54,1,False,False,Senior,36385.816,0.7542798584759616,1,15578787
673,1,32,8,121240.76,1,1,0,116969.73,0,False,False,Middle,214816.544,0.33186886758264167,0,15794323
570,0,36,3,0.0,2,1,0,92118.75,0,False,False,Middle,27635.625,0.4653715406482392,0,15697546
472,0,37,1,0.0,2,1,1,48357.9,0,False,False,Middle,4835.79,0.2982205645141785,0,15629519
550,1,35,9,129847.75,2,1,0,197325.4,0,True,False,Middle,307440.61,0.5993809715552701,1,15624703
625,0,55,8,118772.71,4,0,0,135853.62,1,True,False,Senior,227455.60600000003,0.9001596597201612,1,15570002
516,1,46,2,0.0,2,1,1,169122.54,0,False,False,Senior,33824.508,0.3095991573352143,0,15808566
682,1,32,2,105163.88,2,1,1,164170.46,0,True,False,Middle,137997.972,0.28108136132484013,0,15805463
620,1,28,8,0.0,2,1,1,199909.32,0,False,False,Young,159927.456,0.0965262230444342,0,15709136
626,0,39,0,0.0,2,1,1,83295.09,0,False,False,Middle,0.0,0.30728198535088586,0,15801605
623,0,29,1,0.0,2,0,0,39382.06,0,False,False,Young,3938.206,0.3486544967314765,0,15567855
569,0,35,4,93934.63,1,1,0,184748.23,0,False,False,Middle,167833.92200000002,0.5327687330933676,1,15675141
724,0,69,5,117866.92,1,1,1,62280.91,0,False,False,Elder,149007.375,0.852555510137658,1,15665759
678,0,55,5,0.0,1,0,1,196794.11,1,False,False,Senior,98397.055,0.6138997747448972,1,15761487
713,0,26,4,122857.46,2,1,0,144682.17,1,False,True,Young,180730.328,0.36007113806532287,0,15700394
631,1,32,10,0.0,2,0,1,196342.66,0,False,False,Middle,196342.66000000003,0.13102856635586427,0,15631162
846,0,37,6,127103.97,1,1,1,41516.44,0,False,False,Middle,152013.834,0.3083889193680567,0,15630641
660,0,43,1,0.0,1,0,1,112026.1,1,False,False,Middle,11202.61,0.39402656000710373,0,15585066
567,1,54,9,96402.96,1,0,0,52035.29,1,False,False,Senior,143234.72100000002,0.7229500746200873,1,15722991
731,1,31,1,132512.26,1,1,1,185466.85,0,False,False,Middle,151058.945,0.15900317578113166,0,15737404
693,1,47,8,107604.66,1,1,1,80149.27,0,False,True,Senior,171724.076,0.39303047136350766,0,15722409
772,1,34,9,0.0,2,1,0,170980.86,0,False,False,Middle,153882.77399999998,0.27029937560012796,0,15806420
657,1,38,7,0.0,2,1,0,185827.74,0,False,False,Middle,130079.418,0.35621242498331823,0,15658148
774,1,34,4,120875.23,2,0,1,113407.26,0,True,False,Middle,166238.134,0.3143701936341263,0,15810660
667,0,37,9,71786.9,2,1,1,67734.79,0,False,False,Middle,132748.211,0.27494335057154395,0,15709780
516,0,37,8,113143.12,1,0,0,3363.36,0,False,False,Middle,115833.80799999999,0.5646904610292389,1,15727350
551,1,49,1,150777.72,2,1,1,135757.27,0,False,True,Senior,164353.447,0.48598618548855577,0,15752312
542,1,35,2,174894.53,1,1,1,22314.55,0,False,True,Middle,179357.44,0.280019149150982,0,15616745
623,1,28,7,0.0,1,0,0,129526.57,0,False,False,Young,90668.599,0.22283959620019642,0,15572294
701,0,43,2,160416.56,1,0,1,37266.43,0,False,False,Middle,167869.846,0.4974450321591201,0,15674110
583,1,48,3,91246.53,1,1,0,60017.46,1,False,False,Senior,109251.768,0.6394345846102614,1,15662501
731,1,46,10,0.0,2,1,0,153015.42,0,False,True,Senior,153015.42,0.5123289135603705,1,15649239
461,0,35,5,0.0,1,1,1,54209.02,0,False,False,Middle,27104.51,0.26841935966908936,0,15700424
702,0,23,7,98775.23,1,1,0,114603.96,0,True,False,Young,178998.002,0.4639102485312933,0,15636388
565,0,47,10,139756.12,1,1,0,165849.49,1,True,False,Senior,305605.61,0.8757418254696562,1,15713975
711,1,42,3,177626.77,3,0,1,16392.72,1,False,True,Middle,182544.58599999998,0.33223031556814575,0,15592925
664,1,54,8,0.0,1,1,1,162719.69,1,False,False,Senior,130175.75200000001,0.44916706667433703,0,15581626
518,1,50,4,0.0,1,0,0,107112.25,1,False,True,Senior,42844.9,0.6579962294112958,1,15641319
728,1,42,8,0.0,2,0,1,41823.22,0,False,True,Middle,33458.576,0.2257263138452929,0,15723481
585,1,37,6,152496.82,1,1,1,99907.29,0,True,False,Middle,212441.19400000002,0.4263451828596717,0,15787825
573,1,52,8,0.0,2,0,1,178229.04,0,False,False,Senior,142583.23200000002,0.4169640541987567,0,15710726
568,1,26,1,112930.28,2,1,0,22095.73,0,True,False,Young,115139.853,0.4225586574016595,0,15627195
602,0,26,8,113674.2,1,1,0,197861.16,1,True,False,Young,271963.128,0.5659165015800028,1,15657957
603,1,44,9,0.0,1,1,0,138328.24,0,False,False,Middle,124495.416,0.4893085634114703,0,15676117
687,1,38,0,144450.58,1,0,1,137276.83,0,False,False,Middle,144450.58,0.2697877952728867,0,15607874
741,1,52,1,171236.3,2,0,0,21834.4,1,False,False,Senior,173419.74,0.7292833967360496,1,15796993
469,1,37,9,96776.49,1,1,1,119890.86,0,False,True,Middle,204678.26400000002,0.2598493568360586,0,15649858
477,0,58,8,145984.92,1,1,1,24564.7,0,True,False,Senior,165636.68000000002,0.8626362557048702,1,15811032
737,1,43,8,96353.8,1,0,0,10209.8,0,True,False,Middle,104521.64,0.6781984310871552,1,15679963
835,1,25,7,0.0,2,1,1,83449.65,0,False,False,Young,58414.755,0.06222829023821779,0,15579131
717,0,33,0,115777.23,1,1,1,81508.1,0,True,False,Middle,115777.23,0.46091234078708154,0,15572428
562,0,51,7,122822.0,2,0,0,32626.21,0,False,False,Senior,145660.347,0.784765611638788,1,15622461
758,1,61,2,0.0,2,1,1,43982.41,0,False,True,Elder,8796.482000000002,0.5806178686208441,1,15636105
408,1,40,3,0.0,2,0,0,124874.23,0,False,False,Middle,37462.269,0.44274733204487327,0,15583849
650,0,32,4,79450.09,1,1,1,118324.75,0,False,True,Middle,126779.98999999999,0.26653974841989475,0,15718780
582,1,33,2,122394.0,1,1,1,22113.93,0,True,False,Middle,126816.786,0.35225708827048874,0,15739271
706,0,43,1,0.0,2,1,0,31962.77,0,False,True,Middle,3196.277,0.6159491304493081,1,15697129
567,1,41,0,134378.89,1,1,1,105746.94,0,True,False,Middle,134378.89,0.5132206015425321,1,15763415
720,1,29,2,0.0,2,1,0,39925.52,0,False,False,Young,7985.103999999999,0.21288406641539293,0,15796617
631,0,31,2,88161.85,2,1,0,127630.88,0,False,True,Middle,113688.02600000001,0.4474351837855763,0,15626628
623,1,41,2,142412.13,1,1,0,28778.98,0,False,True,Middle,148167.926,0.5708470778711331,1,15765857
514,1,35,3,121030.9,1,1,0,10008.68,0,False,False,Middle,124033.504,0.4270715105065658,0,15742511
650,0,35,3,165982.43,2,1,1,24482.16,0,True,False,Middle,173327.07799999998,0.5108491168857587,1,15786433
673,0,35,6,0.0,2,1,0,98618.79,0,False,True,Middle,59171.274000000005,0.44467472366940247,0,15685805
504,0,32,8,206663.75,1,0,0,16281.94,0,False,False,Middle,219689.302,0.5378368932093482,1,15627971
723,1,37,3,94661.53,2,1,0,121239.65,0,True,False,Middle,131033.42499999999,0.5762078849932606,1,15783025
645,1,25,0,174400.36,1,1,0,42669.37,0,False,False,Young,174400.36,0.28070371850766734,0,15726289
664,1,41,7,123428.69,1,1,1,164924.11,0,False,True,Middle,238875.567,0.319765552161373,0,15802118
760,1,43,6,175735.5,1,1,1,157337.29,0,False,True,Middle,270137.874,0.3705598336784576,0,15607990
766,1,36,5,78381.13,1,0,1,153831.6,0,False,True,Middle,155296.93,0.2135406045955225,0,15695932
634,1,37,5,115345.86,2,0,0,168781.8,0,False,False,Middle,199736.76,0.42261885907600266,0,15812279
640,0,31,10,118613.34,1,1,0,168469.65,0,True,False,Middle,287082.99,0.6479476950439738,1,15687558
784,1,28,2,109960.06,2,1,1,170829.87,0,True,False,Young,144126.03399999999,0.21246990065997437,0,15729065
547,0,42,1,142703.4,1,1,0,86207.49,1,True,False,Middle,151324.149,0.8363344235254891,1,15698902
608,0,40,8,121729.42,1,0,0,61164.45,0,True,False,Middle,170660.97999999998,0.7814351334242718,1,15570192
547,0,35,4,0.0,1,1,1,133287.73,0,False,False,Middle,53315.092000000004,0.2625084212511103,0,15809265
612,0,43,4,139496.35,2,1,1,77128.23,0,False,False,Middle,170347.642,0.45508538454971853,0,15745201
573,1,28,8,0.0,2,0,0,77660.03,0,False,True,Young,62128.024000000005,0.22255614659432904,0,15580623
615,1,32,5,138521.83,1,1,1,56897.1,0,False,True,Middle,166970.38,0.1970757443279735,0,15578156
710,0,33,2,0.0,2,1,0,72945.32,0,False,False,Middle,14589.064000000002,0.38917164217677225,0,15631063
674,0,38,10,83727.68,1,1,0,45418.12,0,True,False,Middle,129145.79999999999,0.7043902479073967,1,15692577
702,0,38,9,0.0,2,1,1,158527.45,0,False,True,Middle,142674.70500000002,0.28833420523042896,0,15810910
616,1,37,9,0.0,1,1,0,111312.96,0,False,False,Middle,100181.664,0.34932423555395486,0,15723217
688,1,32,6,124179.3,1,1,1,138759.15,0,False,True,Middle,207434.78999999998,0.18588857771641382,0,15733111
605,1,36,7,128829.25,1,1,0,190588.59,0,False,False,Middle,262241.26300000004,0.4357317324696471,0,15610727
676,1,33,6,171490.78,1,0,0,79099.64,0,False,False,Middle,218950.564,0.38941699641484306,0,15792720
708,1,33,3,0.0,2,1,0,138613.21,0,False,True,Middle,41583.963,0.28621546450261415,0,15723153
745,0,38,7,0.0,2,1,1,194230.82,0,False,True,Middle,135961.574,0.28798473924245166,0,15802823
661,1,20,8,0.0,1,1,0,110252.53,0,False,True,Young,88202.024,0.13649435302146692,0,15756118
726,1,31,9,0.0,2,1,1,106117.3,0,False,False,Middle,95505.57,0.10158191525326433,0,15684934
475,1,40,7,160818.08,1,0,1,169642.13,1,False,False,Middle,279567.571,0.3399541673705719,0,15776936
751,1,54,9,156367.6,2,0,1,116179.92,0,True,False,Senior,260929.52800000002,0.6952633614480284,1,15729087
645,0,59,8,121669.93,2,0,0,91.75,1,True,False,Senior,121743.32999999999,0.9284695129817998,1,15786463
775,1,42,6,133970.22,2,0,1,187839.9,0,False,False,Middle,246674.16,0.2923370959466487,0,15717498
540,1,41,3,0.0,2,1,0,121098.65,0,False,False,Middle,36329.594999999994,0.429400100671237,0,15718406
591,0,34,3,96127.27,1,0,0,30972.06,0,False,False,Middle,105418.888,0.5224684954467709,1,15799468
596,1,60,7,121907.97,1,0,1,30314.04,0,False,True,Senior,143127.798,0.6672003313495769,1,15626383
573,1,41,5,0.0,2,0,1,14479.29,0,False,True,Middle,7239.645000000001,0.24405881710450658,0,15597385
577,1,31,6,0.0,1,1,1,196395.25,0,False,True,Middle,117837.15000000001,0.14372131363833518,0,15570271
830,0,40,8,77701.64,1,0,1,19512.38,0,True,False,Middle,93311.544,0.5095257913894946,1,15690330
663,1,67,9,0.0,3,1,1,72318.77,0,False,False,Elder,65086.89300000001,0.625096895167266,1,15680611
421,1,34,2,0.0,2,1,1,96615.23,0,False,False,Middle,19323.046,0.16271255078534785,0,15810227
718,1,34,5,113922.44,2,1,0,30772.22,0,False,True,Middle,129308.55,0.3595457877955568,0,15807194
655,0,61,2,183997.7,2,1,1,161217.18,0,True,False,Elder,216241.136,0.8893673191335825,1,15712199
712,1,23,2,0.0,2,0,1,66795.78,0,False,False,Young,13359.156,0.06583852099957117,0,15694995
663,1,28,4,0.0,2,1,1,123969.64,0,False,False,Young,49587.856,0.09100538704993616,0,15723400
640,0,47,6,89799.46,2,0,1,13783.77,1,False,False,Senior,98069.72200000001,0.4847536484496044,0,15654772
577,1,29,2,0.0,1,1,1,168924.41,0,False,True,Young,33784.882000000005,0.12417670536944325,0,15574743
546,0,36,7,85660.96,1,0,0,134778.01,0,False,True,Middle,180005.56700000004,0.5800600855999899,1,15807593
802,1,37,9,115569.21,1,0,1,119782.89,0,True,False,Middle,223373.81100000002,0.3687090161619632,0,15686718
590,0,45,2,81828.22,1,1,0,52167.97,0,False,False,Middle,92261.814,0.7078381241215339,1,15695299
594,1,18,1,132694.73,1,1,0,167689.56,0,True,False,Young,149463.68600000002,0.29511460426401415,0,15722701
577,1,51,2,108867.0,1,0,0,140800.66,1,False,True,Senior,137027.132,0.7315166468683703,1,15799635
541,1,39,7,0.0,2,1,0,19823.02,0,False,False,Middle,13876.114000000001,0.36605303843028786,0,15742323
781,0,27,5,0.0,2,0,0,72969.9,0,False,False,Young,36484.950000000004,0.271761562428801,0,15658435
806,1,34,2,96152.68,2,1,0,143711.02,0,True,False,Middle,124894.88399999999,0.5057409678333251,1,15586029
723,0,49,0,153855.52,1,1,1,180862.26,1,True,False,Senior,153855.52,0.7520747987640871,1,15772337
535,1,45,2,0.0,2,1,0,125658.28,0,False,False,Middle,25131.656000000003,0.5089787142500856,1,15807555
768,0,36,3,141334.95,1,0,1,125870.5,0,False,False,Middle,179096.1,0.3352994052562682,0,15603378
653,1,41,1,104584.11,1,1,0,15126.32,1,True,False,Middle,106096.742,0.7019429249287266,1,15792862
803,0,50,8,98173.02,1,0,0,22457.25,1,True,False,Senior,116138.82,0.8586544934748197,1,15657349
545,0,44,1,0.0,2,1,1,82614.89,0,False,True,Middle,8261.489,0.4317114113308537,0,15777614
581,0,38,3,135157.05,1,1,1,32919.42,0,True,False,Middle,145032.876,0.5823914503214036,1,15653952
513,0,49,5,171601.27,1,1,0,126223.84,0,True,False,Senior,234713.19,0.9022091027405336,1,15724336
731,1,29,5,179539.2,1,0,0,112010.02,0,False,False,Young,235544.21000000002,0.3213023143436846,0,15689594
727,1,39,5,80615.46,2,0,0,180962.32,0,True,False,Middle,171096.62000000002,0.6121236524611293,1,15801920
560,1,47,1,0.0,1,0,0,128882.66,1,False,True,Senior,12888.266000000001,0.6031936295559717,1,15653347
766,1,27,5,126285.73,1,1,0,177614.17,1,True,False,Young,215092.815,0.4216125667608098,0,15749951
630,0,23,4,137964.51,1,0,1,174570.55,0,True,False,Young,207792.73,0.3044417904661446,0,15648178
652,1,41,9,159434.03,1,1,0,178373.93,0,True,False,Middle,319970.56700000004,0.7201135447366879,1,15738662
729,1,40,5,113574.61,2,1,0,103396.08,0,True,False,Middle,165272.65000000002,0.6368437557482882,1,15640855
629,0,33,6,0.0,2,1,1,59129.72,0,False,False,Middle,35477.832,0.19911404929279597,0,15584288
667,1,33,9,124573.33,2,0,0,683.37,0,True,False,Middle,125188.363,0.49179088481318184,0,15760988
671,0,31,6,105864.6,2,1,0,145567.34,0,True,False,Middle,193205.00400000002,0.6100830289276251,1,15569624
768,0,47,5,104552.61,1,1,0,48137.08,1,True,False,Senior,128621.15000000001,0.842205068590447,1,15597949
732,0,35,3,0.0,2,1,0,90876.95,0,False,False,Middle,27263.085,0.41751519174393625,0,15604551
546,0,30,5,0.0,2,0,1,198543.09,0,False,False,Young,99271.545,0.18827762039144336,0,15617476
630,1,55,2,0.0,1,1,1,106202.07,1,False,False,Senior,21240.414000000004,0.48012487751810057,0,15645323
765,0,46,8,119492.88,2,0,1,166896.01,1,True,False,Senior,253009.68800000002,0.6690213177472466,1,15793311
704,0,33,0,130499.09,2,1,1,74804.36,0,False,False,Middle,130499.09,0.27522622940919006,0,15764153
470,0,48,6,140576.11,1,1,1,116971.05,0,False,True,Senior,210758.74,0.6221941641635848,1,15802560
688,0,34,9,91025.58,2,0,1,163783.0,0,True,False,Middle,238430.28000000003,0.4383769862688511,0,15728608
685,0,33,1,0.0,3,0,1,70221.13,1,False,False,Middle,7022.113000000001,0.2000647293436248,0,15770474
567,0,38,1,125877.65,2,1,1,107841.77,0,False,False,Middle,136661.827,0.370340654409652,0,15724444
720,1,64,3,45752.78,2,1,0,79623.28,1,False,True,Elder,69639.764,0.8318008058064853,1,15753110
609,1,39,3,121778.71,1,1,1,138399.67,0,False,False,Middle,163298.611,0.2730475163505048,0,15711521
521,0,49,2,127948.57,1,1,1,182765.14,0,True,False,Senior,164501.598,0.7666041578188905,1,15632816
556,0,30,7,0.0,2,1,1,186648.19,0,False,False,Young,130653.73300000001,0.18225209389837219,0,15693637
662,1,30,5,115286.68,2,1,1,149587.92,0,True,False,Young,190080.64,0.25764542302907506,0,15725509
704,1,41,9,62078.21,2,1,0,129050.67,0,True,False,Middle,178223.813,0.620663502042825,1,15684645
750,0,38,1,0.0,2,1,0,47764.99,0,False,False,Middle,4776.499,0.4842443105362302,0,15692235
619,0,32,4,175406.13,2,1,1,172792.43,1,False,True,Middle,244523.102,0.30715429413127404,0,15777459
468,1,26,1,131643.25,1,1,0,64436.16,0,False,True,Young,138086.866,0.3147201557623474,0,15656937
435,1,44,3,151739.65,1,1,0,167461.5,0,True,False,Middle,201978.1,0.786061529766028,1,15610643
529,1,43,6,93616.35,2,0,0,98348.66,0,False,False,Middle,152625.546,0.5326760712917336,1,15777315
702,0,60,5,138597.54,2,1,1,41536.59,1,True,False,Senior,159365.83500000002,0.8589506534380046,1,15611058
608,0,41,5,0.0,2,1,1,72462.25,0,False,False,Middle,36231.125,0.3243700831465083,0,15630413
576,1,40,9,0.0,2,1,0,112465.19,1,False,False,Middle,101218.671,0.38850356578385414,0,15635942
666,0,27,1,85225.21,1,0,1,64511.44,0,False,False,Young,91676.354,0.19592227773004967,0,15648858
730,0,36,8,148749.29,2,1,0,91830.75,0,False,False,Middle,222213.89,0.519306553041,1,15810732
647,1,52,7,130013.12,1,1,1,190806.36,1,True,False,Senior,263577.57200000004,0.6909585377749781,1,15705448
516,0,27,1,0.0,1,0,1,112311.15,0,False,True,Young,11231.115,0.1900357894863824,0,15730488
711,0,81,6,0.0,2,1,1,72276.24,0,False,False,Elder,43365.744000000006,0.9052622212007138,1,15620443
736,1,54,7,111729.47,2,0,1,84920.49,0,False,False,Senior,171173.81300000002,0.48475272249871937,0,15741078
768,0,36,5,180169.44,2,1,0,17348.56,0,False,False,Middle,188843.72,0.5394741099636979,1,15753161
427,1,40,8,0.0,2,1,1,82870.75,0,False,True,Middle,66296.6,0.23726289524435606,0,15711396
686,0,47,6,0.0,1,1,0,32080.69,1,False,True,Senior,19248.414,0.6797707609628013,1,15593499
690,0,42,5,0.0,2,0,1,120512.08,0,False,False,Middle,60256.04000000001,0.33969401717532927,0,15579189
647,0,29,2,0.0,2,1,0,179032.68,0,False,True,Young,35806.536,0.346792577461967,0,15743545
714,1,35,3,0.0,2,1,1,95623.28,0,False,False,Middle,28686.983999999997,0.14340201688398224,0,15791316
736,0,36,8,103914.17,1,1,1,110035.88,1,True,False,Middle,191942.874,0.47900579952165434,0,15608246
608,0,34,4,88772.87,1,1,1,168822.01,0,False,False,Middle,156301.674,0.28769529604275923,0,15676526
809,0,39,5,0.0,1,1,0,77705.75,0,False,False,Middle,38852.875,0.4944738553525639,0,15813911
745,0,40,6,131184.67,1,1,1,49815.62,0,False,False,Middle,161074.04200000002,0.38042018091127655,0,15630195
781,1,38,2,117810.79,1,0,1,65632.33,1,False,False,Middle,130937.256,0.24434558473552248,0,15736250
527,1,31,4,0.0,1,1,0,169361.89,0,False,False,Middle,67744.75600000001,0.2775402717854397,0,15671334
595,0,32,0,92466.21,1,1,0,4721.3,0,True,False,Middle,92466.21,0.6812026124595278,1,15574169
850,0,38,2,102741.15,2,0,1,23974.85,0,True,False,Middle,107536.12,0.50538241783779,1,15718839
569,1,37,9,178755.84,1,1,0,199929.17,0,False,False,Middle,358692.093,0.500201931582974,1,15762331
728,1,43,7,0.0,2,1,0,40023.7,0,False,False,Middle,28016.589999999997,0.4105618846852249,0,15606901
473,0,32,5,146602.25,2,1,1,72946.95,0,True,False,Middle,183075.725,0.4613148931843051,0,15713559
738,1,29,2,0.0,2,1,1,170421.13,0,False,False,Young,34084.226,0.09330150755841068,0,15768881
659,1,35,6,0.0,2,1,1,58879.11,0,False,False,Middle,35327.46600000001,0.14065081306343014,0,15743075
597,1,38,6,115702.67,2,1,1,25059.05,0,False,True,Middle,130738.1,0.2454013553061865,0,15660980
445,0,61,2,137655.31,1,0,1,29909.84,0,True,False,Elder,143637.278,0.906830077534078,1,15810942
671,0,29,3,0.0,2,1,0,158043.11,0,False,False,Young,47412.933,0.3192760023737042,0,15728362
656,0,34,6,59877.33,1,1,0,14032.62,1,False,True,Middle,68296.902,0.4817307893434604,0,15683339
658,1,31,5,100082.14,1,0,1,49809.88,0,False,False,Middle,124987.08,0.15514471233541827,0,15685476
698,1,52,10,107304.39,3,1,0,28806.32,1,True,False,Senior,136110.71,0.7749813980148366,1,15663650
655,1,38,9,0.0,1,0,1,90490.33,0,False,True,Middle,81441.297,0.20323715451428623,0,15617434
772,1,41,10,96032.22,1,1,1,75825.57,0,False,True,Middle,171857.79,0.2636637997384451,0,15622470
681,1,33,10,0.0,1,0,0,158336.36,0,False,True,Middle,158336.36,0.31417681996489466,0,15703682
688,1,29,9,144553.5,2,1,0,143454.95,0,True,False,Young,273662.955,0.4553185020611412,0,15727391
633,1,40,5,86172.81,2,1,1,117279.49,0,True,False,Middle,144812.555,0.4118932312877982,0,15711062
735,1,73,9,0.0,1,1,1,114283.33,0,False,False,Elder,102854.997,0.7603870774841639,1,15567339
521,0,29,2,87212.8,1,1,1,994.86,0,True,False,Young,87411.772,0.39806135498052286,0,15760662
541,1,36,5,0.0,2,1,0,124795.84,0,False,False,Middle,62397.92,0.33441527019966377,0,15605737
612,0,36,2,130700.92,2,0,0,77592.8,0,True,False,Middle,146219.48,0.7345099496742419,1,15692977
562,1,62,3,0.0,2,1,0,105986.01,0,False,False,Elder,31795.803,0.7892572922012794,1,15672082
703,0,32,6,0.0,2,0,0,33606.52,0,False,False,Middle,20163.912,0.35825941755104723,0,15600280
710,1,23,6,0.0,2,1,1,134188.11,0,False,True,Young,80512.866,0.06766983916632223,0,15804052
731,0,40,5,171325.98,1,1,1,159718.27,1,False,True,Middle,251185.11500000002,0.4504473584574242,0,15576065
703,1,58,4,92930.92,1,0,1,85148.78,0,False,True,Senior,126990.432,0.6161541627069365,1,15796838
618,0,40,0,0.0,1,1,0,119059.13,0,False,False,Middle,0.0,0.5635086616734748,1,15693526
689,0,29,1,77556.79,2,1,1,122998.26,0,False,False,Young,89856.616,0.18955354847913625,0,15748595
718,1,33,7,102874.28,1,0,0,117841.06,0,False,False,Middle,185363.022,0.3410718941617083,0,15679029
608,1,37,5,146093.39,2,0,0,160593.41,0,False,False,Middle,226390.09500000003,0.4473316278148797,0,15753639
749,1,34,2,0.0,1,0,0,174189.04,1,False,True,Middle,34837.808000000005,0.32275652903831886,0,15604138
753,1,51,4,79811.72,2,0,1,68260.27,1,False,True,Senior,107115.82800000001,0.4418026369652105,0,15666095
630,1,39,10,105473.74,1,0,0,58854.88,1,False,True,Middle,164328.62,0.46950838298978015,0,15643487
693,0,43,1,121927.92,1,1,0,87994.95,1,True,False,Middle,130727.415,0.8241639060009688,1,15764033
838,0,40,6,61671.19,1,0,1,150659.35,1,False,True,Middle,152066.80000000002,0.3664943845478542,0,15747288
756,0,39,5,149363.12,2,1,1,109098.39,0,True,False,Middle,203912.315,0.5495680510087775,1,15790599
775,0,27,4,152309.37,1,1,0,104112.0,0,False,False,Young,193954.16999999998,0.3813133478823074,0,15737705
635,0,33,5,0.0,2,1,0,122949.71,0,False,False,Middle,61474.85500000001,0.39226798820680936,0,15737194
705,1,36,1,111629.29,1,1,1,21807.16,0,False,True,Middle,113810.006,0.24426970229958342,0,15726776
481,1,40,3,0.0,1,1,1,32319.93,0,False,False,Middle,9695.979000000001,0.243293533392298,0,15804357
727,0,49,7,96296.78,1,1,0,190457.87,1,False,True,Senior,229617.289,0.7733350164784345,1,15664432
595,1,20,4,95830.43,1,1,0,177738.98,0,False,False,Young,166926.022,0.16933592511992557,0,15688984
535,0,38,0,135919.33,1,1,0,80425.65,0,False,False,Middle,135919.33,0.6365321626889545,1,15583026
578,1,59,10,185966.64,1,0,0,9445.42,1,False,False,Senior,195412.06000000003,0.8180878550915658,1,15771668
597,0,29,5,0.0,2,1,1,174825.57,0,False,False,Young,87412.78500000002,0.1653535841676673,0,15779904
449,0,21,7,0.0,2,0,0,175743.92,0,False,False,Young,123020.74400000002,0.2363418373182887,0,15784323
850,0,43,8,92244.83,2,1,0,54949.73,0,True,False,Middle,136204.614,0.7529429035808162,1,15756277
494,0,35,9,112727.06,2,1,0,183752.91,0,False,False,Middle,278104.679,0.5396756284579551,1,15663312
676,0,34,8,100359.54,1,0,0,46038.28,0,False,False,Middle,137190.164,0.47925099894721496,0,15793197
818,1,43,10,105301.5,1,1,1,78941.59,0,True,False,Middle,184243.09,0.44665384029080385,0,15731463
712,1,45,6,112994.65,1,0,0,198398.68,0,False,True,Middle,232033.858,0.6132215765862025,1,15621768
672,1,40,4,89025.88,2,1,0,188892.19,0,True,False,Middle,164582.756,0.6361005300507705,1,15691323
636,1,35,9,95478.17,1,0,0,169286.74,0,False,False,Middle,247836.23599999998,0.3945545392324493,0,15781326
698,1,37,8,0.0,2,0,0,145004.39,0,False,False,Middle,116003.51200000002,0.33264931586244684,0,15595640
597,0,43,7,119127.46,2,1,0,55809.92,0,True,False,Middle,158194.404,0.801293823111036,1,15814331
717,1,28,4,128206.79,1,1,1,54272.12,0,False,False,Young,149915.638,0.12968397596325246,0,15602030
614,1,49,1,0.0,2,1,0,192440.54,0,False,False,Senior,19244.054,0.5655213928802136,1,15747974
708,0,23,4,71433.08,1,1,0,103697.57,0,True,False,Young,112912.10800000001,0.45188279547770754,0,15611315
507,1,36,9,118214.32,3,1,0,119110.03,1,True,False,Middle,225413.347,0.5742258896620319,1,15636977
581,0,27,5,102258.11,2,1,0,194681.6,0,False,False,Young,199598.91,0.363939751465656,0,15690337
579,0,39,2,151963.26,2,1,0,158948.63,0,False,True,Middle,183752.986,0.6478694519844627,1,15680666
504,0,46,2,163764.84,1,1,1,165122.55,1,False,True,Senior,196789.35,0.6013389842147726,1,15679551
737,0,32,7,128551.36,2,0,1,189402.71,0,False,False,Middle,261133.25699999998,0.2521542040972133,0,15778915
540,0,31,10,118158.74,1,1,1,158027.57,0,False,True,Middle,276186.31000000006,0.2867101172466855,0,15568849
609,1,32,7,118520.41,1,0,0,3815.48,0,False,False,Middle,121191.246,0.33288375302514717,0,15747762
778,1,24,4,0.0,2,1,1,162809.2,0,False,False,Young,65123.68000000001,0.06364979376980893,0,15753679
621,1,40,10,163823.37,1,0,0,89519.47,0,False,False,Middle,253342.84,0.5128299594241256,1,15750049
665,1,63,7,104469.58,1,1,1,25165.36,1,True,False,Elder,122085.33200000001,0.8102498979986612,1,15606097
608,0,47,6,0.0,1,1,1,126012.57,0,False,False,Senior,75607.542,0.45773390260883684,0,15802368
680,1,36,7,0.0,2,1,0,20109.21,0,False,True,Middle,14076.447,0.3163699470003755,0,15767488
663,0,46,2,141726.88,1,1,1,58257.23,0,True,False,Senior,153378.326,0.716675863218645,1,15669946
627,0,35,2,137852.96,1,1,1,172269.21,1,True,False,Middle,172306.802,0.5157546270125145,1,15612103
607,1,26,1,0.0,1,1,0,29818.2,0,False,False,Young,2981.82,0.2085667495365415,0,15645353
681,0,43,8,154100.3,1,0,0,114659.81,0,False,False,Middle,245828.148,0.6936818644755512,1,15650018
766,0,45,6,0.0,2,0,0,147184.74,0,False,False,Middle,88310.844,0.6064429394770341,1,15659002
694,1,30,2,0.0,3,0,1,15039.41,0,False,False,Young,3007.882,0.10172663906148312,0,15616028
411,0,54,9,0.0,1,0,1,76621.49,0,False,False,Senior,68959.341,0.6151125197080509,1,15660475
742,1,39,8,140004.96,1,1,1,92985.78,0,False,False,Middle,214393.58399999997,0.25033936591467476,0,15652615
673,1,43,8,127132.96,1,0,1,6009.27,1,False,True,Middle,131940.37600000002,0.330379471293501,0,15653572
529,1,61,1,0.0,2,1,1,191370.97,0,False,False,Elder,19137.097,0.5828514356531631,1,15628059
519,0,38,7,125328.56,1,1,0,188225.67,0,False,False,Middle,257086.529,0.6217825407668147,1,15703413
573,1,35,9,0.0,2,1,0,11743.89,0,False,False,Middle,10569.501,0.27909578871356816,0,15610433
453,0,28,3,139986.65,1,1,0,136846.75,0,True,False,Young,181040.675,0.6399675687988827,1,15770548
798,0,39,6,119787.76,1,1,1,164248.33,0,True,False,Middle,218336.758,0.5491216665336353,1,15645637
693,0,34,10,107556.06,2,0,0,154631.35,0,False,True,Middle,262187.41000000003,0.5088019683762451,1,15590888
637,0,44,2,0.0,2,1,0,149665.65,0,False,False,Middle,29933.13,0.6055549509415573,1,15568326
672,1,47,1,0.0,1,0,0,91574.92,0,False,False,Senior,9157.492,0.5610124956966093,1,15655368
597,0,28,0,142705.95,1,1,0,127233.39,0,False,False,Young,142705.95,0.43317854866018585,0,15665579
543,1,42,7,0.0,1,1,1,56650.47,0,False,False,Middle,39655.329000000005,0.24668472136079855,0,15676091
695,0,56,4,0.0,2,1,0,84644.76,0,False,True,Senior,33857.904,0.8033656961320359,1,15716984
584,1,35,6,161613.94,2,1,1,148238.16,0,False,False,Middle,250556.836,0.21987942168005023,0,15715078
652,0,58,3,116353.2,2,0,1,193502.9,0,True,False,Senior,174404.07,0.8457489912310823,1,15569452
601,1,38,4,60013.81,1,1,1,38020.05,0,False,False,Middle,75221.83,0.2248547738262275,0,15628863
628,1,28,4,0.0,2,1,1,176750.81,0,False,True,Young,70700.32400000001,0.10344218414358539,0,15778192
607,1,32,9,144272.07,2,1,0,176580.63,0,True,False,Middle,303194.637,0.5366346920650923,1,15793723
646,0,46,8,0.0,2,1,0,133059.15,0,False,False,Senior,106447.32,0.6315344329126612,1,15798943
572,1,30,6,117696.67,1,1,0,100843.82,0,False,False,Young,178202.962,0.31466350940372173,0,15764708
801,1,58,1,79954.61,2,1,1,30484.19,0,False,True,Senior,83003.029,0.5777215347436666,1,15791040
597,0,26,8,149989.39,1,1,0,42330.58,0,False,False,Young,183853.85400000002,0.366739491019175,0,15631512
613,1,40,7,124339.9,1,0,0,193309.58,0,False,False,Middle,259656.60599999997,0.5174877386203084,1,15640106
529,1,29,4,135759.4,1,0,0,112813.79,1,True,False,Young,180884.916,0.5155956778365665,1,15710315
794,0,37,9,0.0,2,1,0,68008.85,0,False,True,Middle,61207.965000000004,0.4424413285546561,0,15771535
557,1,34,3,83074.0,1,1,0,132673.22,0,False,False,Middle,122875.96600000001,0.37371064962692924,0,15611947
499,0,28,4,141792.61,1,1,1,22001.91,0,False,False,Young,150593.37399999998,0.23829822113470434,0,15670266
544,0,26,6,0.0,1,1,0,100200.4,1,False,False,Young,60120.23999999999,0.30167654672159583,0,15609083
739,0,30,6,0.0,1,0,0,122604.44,0,False,False,Young,73562.664,0.3488095150768055,0,15567923
458,0,43,1,106870.12,2,1,0,100564.37,0,True,False,Middle,116926.557,0.828404332975528,1,15788183
528,1,31,9,120962.59,1,1,0,5419.31,0,False,False,Middle,125839.969,0.3085490074470137,0,15735782
773,1,51,4,0.0,2,0,0,123587.83,1,False,True,Senior,49435.132000000005,0.6119940529400278,1,15774401
646,0,30,5,0.0,2,1,0,13935.32,0,False,False,Young,6967.660000000001,0.3292780077562479,0,15737971
564,1,31,0,110527.17,1,1,1,87060.77,0,False,False,Middle,110527.17,0.17630596124738,0,15758750
624,0,52,0,133723.43,1,0,0,4859.59,1,True,False,Senior,133723.43,0.9190776223435262,1,15611767
682,0,52,5,112670.48,1,1,0,21085.17,1,False,False,Senior,123213.065,0.7963287300360892,1,15643770
726,0,44,2,0.0,2,1,1,26733.86,0,False,False,Middle,5346.772000000001,0.3734145920068821,0,15744717
560,1,24,1,116084.32,1,1,0,89734.7,0,False,False,Young,125057.79000000001,0.2379027254294166,0,15570681
382,1,36,0,0.0,1,1,1,179540.73,1,False,True,Middle,0.0,0.21755902761905344,0,15792650
457,0,38,6,0.0,2,1,0,173219.09,0,False,True,Middle,103931.45400000001,0.5507762396496054,1,15605531
673,0,37,10,0.0,2,1,1,37411.35,0,False,False,Middle,37411.35,0.22605568350448887,0,15605339
584,0,40,4,82441.75,1,0,0,80852.11,0,False,False,Middle,114782.594,0.6221256778458351,1,15672216
629,0,39,10,0.0,2,1,1,43174.49,1,False,False,Middle,43174.49,0.2617109950753621,0,15812893
584,0,37,10,134171.8,4,1,1,70927.11,1,True,False,Middle,205098.90999999997,0.4581167441121901,0,15624180
724,1,30,10,0.0,2,1,1,54265.55,0,False,False,Young,54265.55,0.08820172982439105,0,15701364
644,1,31,5,0.0,2,1,1,41872.17,0,False,False,Middle,20936.085,0.10996957533014905,0,15762588
676,0,48,2,124442.38,1,1,0,15068.53,1,True,False,Senior,127456.08600000001,0.8758978108713739,1,15806318
499,1,31,4,0.0,1,1,0,25950.49,0,False,False,Middle,10380.196000000002,0.27826489139584476,0,15712596
598,1,60,4,0.0,1,1,0,197727.14,1,False,False,Senior,79090.85600000001,0.7740915771791119,1,15600399
655,0,37,4,108862.76,1,1,0,79555.08,1,True,False,Middle,140684.792,0.7359000769608601,1,15576216
559,1,28,3,141099.43,1,1,1,15607.27,0,False,False,Young,145781.611,0.1508282864852682,0,15620750
543,0,67,0,128843.67,1,1,1,134612.48,0,False,False,Elder,128843.67,0.8603399176443783,1,15623489
679,1,39,0,86843.61,1,0,1,159830.58,0,False,False,Middle,86843.61,0.25234444117509514,0,15667944
594,0,32,4,120074.97,2,1,1,162961.79,0,True,False,Middle,185259.68600000002,0.429003850617309,0,15584928
586,1,27,5,130231.8,2,1,1,192427.16,0,False,False,Young,226445.38,0.12424076193941465,0,15779913
776,0,31,5,0.0,2,1,0,92647.94,0,False,False,Middle,46323.97,0.331013149531191,0,15644977
699,1,39,2,109724.38,1,1,1,180022.39,0,False,False,Middle,145728.858,0.2529072032451204,0,15749679
847,0,35,5,111743.43,1,1,1,183584.14,0,True,False,Middle,203535.5,0.45960463088577125,0,15629010
582,1,35,8,121309.17,2,1,1,28750.67,0,True,False,Middle,144309.706,0.3274466921373204,0,15768465
648,1,38,10,82697.28,1,1,0,74846.67,0,False,False,Middle,157543.95,0.40122201345998754,0,15767781
618,0,49,9,44301.43,3,1,1,89729.3,1,False,False,Senior,125057.80000000002,0.4618348455122385,0,15635364
543,0,31,4,138317.94,1,0,0,61843.73,0,False,False,Middle,163055.432,0.496318200345043,0,15722004
642,1,49,4,120688.61,1,1,0,24770.22,1,True,False,Senior,130596.698,0.807708461207189,1,15766044
462,1,27,4,176913.52,1,1,0,80587.27,0,False,False,Young,209148.42799999999,0.3223137370372039,0,15586680
640,1,47,6,89047.14,1,1,0,116286.25,0,False,True,Senior,158818.89,0.6278756563917524,1,15635388
740,1,40,4,114318.78,2,1,0,129333.69,1,True,False,Middle,166052.256,0.6391626599499116,1,15655175
773,0,50,4,0.0,2,1,0,129372.94,0,False,False,Senior,51749.17600000001,0.6863492440569413,1,15639133
583,0,32,7,94753.55,2,1,1,18149.03,0,True,False,Middle,107457.871,0.3884158022849467,0,15799653
589,0,46,10,0.0,2,0,1,168369.37,0,False,True,Senior,168369.37,0.46066037765948087,0,15723872
509,1,35,8,0.0,2,0,1,67431.28,0,False,False,Middle,53945.024000000005,0.15433770350694437,0,15775627
612,1,32,9,106520.73,2,1,0,177092.16,0,True,False,Middle,265903.674,0.5100490236340126,1,15630704
505,1,37,0,134006.39,1,1,1,93736.69,0,False,True,Middle,134006.39,0.2961051709417587,0,15815534
546,0,25,3,132837.7,1,1,0,131647.31,0,True,False,Young,172331.893,0.5639966883559743,1,15697249
681,0,41,0,120549.29,2,1,0,175722.31,0,False,False,Middle,120549.29,0.6191389641697511,1,15681316
762,1,20,1,139432.55,1,1,1,85606.83,0,False,False,Young,147993.23299999998,0.07803527713337846,0,15682523
786,1,29,7,80895.44,2,1,0,64945.57,0,False,True,Young,126357.339,0.24358086209398813,0,15650244
629,1,34,6,0.0,2,1,0,190347.72,0,False,True,Middle,114208.63200000001,0.31631422756587396,0,15648638
787,0,39,7,171646.76,1,0,1,100791.36,0,False,True,Middle,242200.712,0.41947121001043564,0,15795747
713,1,42,0,109121.71,1,0,1,167873.49,0,False,True,Middle,109121.71,0.32885803746739367,0,15607330
541,0,39,6,109844.81,1,1,0,25289.23,0,False,False,Middle,125018.348,0.6054251667186872,1,15624013
451,0,31,7,140931.82,1,0,1,20388.77,0,False,False,Middle,155203.959,0.2787386212892939,0,15800805
644,1,49,10,0.0,2,1,1,145089.64,0,False,True,Senior,145089.64,0.35817898510470014,0,15667321
686,1,32,6,0.0,2,1,1,179093.26,0,False,False,Middle,107455.956,0.11931176798520272,0,15601116
847,0,41,3,101543.51,4,1,0,16025.17,1,True,False,Middle,106351.061,0.7145658320299498,1,15622033
765,1,37,7,102708.77,1,1,0,9087.81,0,True,False,Middle,109070.23700000001,0.5681959707189084,1,15758451
678,0,37,8,149000.91,2,1,1,21472.42,0,True,False,Middle,166178.846,0.4961914950622638,0,15688689
539,1,20,0,83459.86,1,1,1,146752.67,0,False,False,Young,83459.86,0.07680323765544611,0,15652674
800,0,40,3,75893.11,2,1,0,132562.23,0,False,False,Middle,115661.77900000001,0.5518379102574644,1,15806327
799,0,39,7,167395.6,2,0,1,139537.43,0,True,False,Middle,265071.801,0.5625554759444735,1,15649618
629,0,61,6,0.0,2,1,1,133672.61,0,False,False,Elder,80203.56599999999,0.69119629406859,1,15677117
734,0,52,6,71283.09,2,0,1,38984.37,0,True,False,Senior,94673.712,0.7293824401428838,1,15751445
542,0,31,3,0.0,2,1,1,115217.59,0,False,False,Middle,34565.277,0.19427208626179207,0,15749669
414,1,60,3,0.0,2,1,1,93844.82,0,False,True,Senior,28153.446000000004,0.614963842601135,1,15656351
675,0,38,1,104016.88,1,0,0,22068.83,1,False,False,Middle,106223.763,0.6030667483227,1,15667438
683,0,38,5,127616.56,1,1,0,123846.07,0,False,False,Middle,189539.595,0.5882051289217807,1,15682273
748,1,32,5,154737.88,2,1,1,172638.13,0,False,False,Middle,241056.945,0.1647165467036414,0,15580912
596,1,29,2,0.0,2,1,1,1591.19,0,False,True,Young,318.23800000000006,0.11782495851739587,0,15785183
642,1,35,4,125476.31,1,1,1,91775.51,0,False,False,Middle,162186.514,0.21201717653947816,0,15705383
499,0,21,3,176511.08,1,1,1,153920.22,0,False,False,Young,222687.146,0.1696092081611537,0,15712903
649,0,47,8,110783.28,1,1,1,71420.16,0,False,True,Senior,167919.408,0.5370447144999521,1,15774285
739,1,42,2,141642.92,2,1,0,172149.76,0,False,False,Middle,176072.87200000003,0.5080882544561346,1,15583138
616,1,31,1,0.0,2,1,1,54706.75,0,False,False,Middle,5470.675,0.12172606235006699,0,15740160
560,0,33,9,0.0,1,0,1,183358.21,0,False,True,Middle,165022.389,0.2632092366166236,0,15793425
427,1,42,1,75681.52,1,1,1,57098.0,0,True,False,Middle,81391.32,0.5202990869690409,1,15749265
435,1,54,3,0.0,1,1,0,156910.46,1,False,False,Senior,47073.138000000006,0.7077296575289477,1,15623989
633,1,29,7,0.0,1,1,1,130224.73,0,False,False,Young,91157.311,0.10607049450145643,0,15604832
443,1,35,6,161111.45,1,0,0,13946.66,0,False,False,Middle,169479.446,0.4529170240295426,0,15584580
727,1,62,5,0.0,2,0,1,38652.96,0,False,False,Elder,19326.48,0.5682284052254263,1,15573854
674,0,45,6,72494.69,1,0,1,140041.78,0,False,False,Middle,156519.758,0.4677416198262857,0,15614847
661,0,31,3,133964.3,1,1,1,166187.1,0,False,False,Middle,183820.43,0.2588024249058584,0,15679966
619,1,34,1,0.0,1,1,0,139919.38,0,False,True,Middle,13991.938000000002,0.3389676074323053,0,15799435
562,0,27,3,0.0,2,1,0,28137.03,0,False,False,Young,8441.109,0.3054077234495602,0,15752186
633,1,61,3,157201.48,1,0,1,50368.63,0,False,False,Elder,172312.06900000002,0.6985918879173331,1,15705544
551,0,48,5,95679.29,1,0,0,94978.1,0,False,True,Senior,143168.34,0.7812770592540527,1,15713632
720,0,29,7,106230.92,1,1,1,69903.93,1,True,False,Young,155163.671,0.3491225710132822,0,15586523
688,0,32,5,0.0,2,0,1,177607.77,0,False,False,Middle,88803.88500000001,0.19523144819468513,0,15609176
635,0,36,9,81231.85,2,1,0,196731.08,0,True,False,Middle,258289.82200000001,0.6973950653041008,1,15769308
561,0,31,1,81480.27,2,1,1,65234.6,0,False,False,Middle,88003.73000000001,0.2373062803916744,0,15676810
850,1,33,8,73059.38,1,1,1,186281.0,0,False,False,Middle,222084.18000000002,0.14980074508224028,0,15634591
636,1,36,5,117559.05,2,1,1,111573.3,0,False,False,Middle,173345.7,0.20501193949604987,0,15679804
461,0,74,1,186445.31,2,1,1,196767.83,0,True,False,Elder,206122.093,0.9615147680785606,1,15677764
771,0,38,5,137657.71,2,1,0,72985.61,0,True,False,Middle,174150.51499999998,0.7278986716625093,1,15571917
713,1,36,8,133889.35,1,1,1,143265.65,0,False,False,Middle,248501.87,0.2178795946524265,0,15574608
658,0,45,9,134562.8,1,1,1,159268.67,0,True,False,Middle,277904.603,0.6886070199413435,1,15740868
586,0,56,9,100781.75,2,1,1,54448.41,0,True,False,Senior,149785.31900000002,0.8008576648625961,1,15702442
737,1,30,8,174356.13,1,0,0,31928.5,0,False,False,Young,199898.93,0.3108824138708609,0,15699797
742,1,27,5,190125.43,2,0,0,21793.59,0,True,False,Young,201022.225,0.4428081297796148,0,15648047
824,1,26,7,146266.0,1,1,0,21903.62,1,False,False,Young,161598.53399999999,0.22086577795637594,0,15766826
701,1,41,9,164046.1,1,1,0,49405.93,0,True,False,Middle,208511.437,0.6854395902358933,1,15591628
623,0,43,4,123536.52,2,0,0,154908.52,0,False,True,Middle,185499.928,0.6985217257243455,1,15583857
744,1,36,10,0.0,2,1,1,182867.84,0,False,False,Middle,182867.84,0.1519935747676369,0,15752534
698,0,38,1,171848.38,1,0,0,16957.45,0,False,True,Middle,173544.125,0.6683090805274085,1,15741403
616,1,40,9,0.0,2,0,0,93717.55,0,False,False,Middle,84345.79500000001,0.3852779974851191,0,15783589
662,0,39,5,139562.05,2,1,0,61636.22,0,False,False,Middle,170380.15999999997,0.5911819177370099,1,15598046
594,1,37,2,0.0,2,0,1,95864.5,0,False,False,Middle,19172.9,0.18307745513284565,0,15643330
685,1,40,2,168001.34,2,1,1,167400.29,0,False,False,Middle,201481.398,0.2838023389171744,0,15680405
742,1,27,0,0.0,2,0,1,131534.96,0,False,False,Young,0.0,0.08554736574836064,0,15728683
678,1,83,6,123356.63,1,0,1,92934.41,0,True,False,Elder,179117.276,0.9583491771546336,1,15621644
651,1,47,2,0.0,2,1,1,119808.64,0,False,True,Senior,23961.728000000003,0.33219951583107643,0,15733032
585,1,50,2,125845.66,1,1,0,9439.31,1,True,False,Senior,127733.522,0.8360626083823678,1,15608381
579,1,40,10,45408.85,2,1,0,18732.91,0,True,False,Middle,64141.759999999995,0.5762945217416098,1,15658946
722,0,37,0,125977.81,1,0,0,160162.42,0,True,False,Middle,125977.81,0.7456157667850287,1,15757912
613,0,51,7,147262.11,1,1,1,53630.9,1,True,False,Senior,184803.74,0.7776476034109487,1,15645371
694,1,42,8,133767.19,1,1,0,36405.21,0,False,False,Middle,162891.358,0.5042673791536296,1,15653110
550,1,49,0,108806.96,3,1,0,61446.92,1,True,False,Senior,108806.96,0.7977495598843805,1,15766355
741,1,42,6,106036.52,1,1,0,194686.78,1,False,False,Middle,222848.588,0.5102360203301853,1,15585249
668,0,69,9,0.0,1,0,1,134483.07,0,False,True,Elder,121034.76300000002,0.8340103789609185,1,15611786
529,0,27,1,0.0,2,1,1,37769.98,0,False,False,Young,3776.9980000000005,0.1593470712053116,0,15575486
636,1,31,6,0.0,2,1,1,2382.61,0,False,False,Middle,1429.566,0.10614255736501496,0,15780215
563,1,61,1,82182.1,1,1,0,106826.92,1,False,True,Elder,92864.792,0.8450221696151327,1,15686099
767,0,35,9,0.0,2,1,0,39511.61,0,False,False,Middle,35560.449,0.37565398953785345,0,15739042
644,1,50,9,76817.0,4,1,0,196371.13,1,False,False,Senior,253551.017,0.5953087936347642,1,15815316
780,1,71,9,142550.25,2,1,1,122506.78,0,True,False,Elder,252806.352,0.8857213910662346,1,15778489
635,0,41,10,0.0,2,1,1,61994.2,0,False,True,Middle,61994.200000000004,0.3203572708315813,0,15786389
641,1,35,2,103711.56,1,0,1,192464.21,1,True,False,Middle,142204.402,0.36338614863150404,0,15601787
593,0,40,2,0.0,1,1,1,5194.95,0,False,True,Middle,1038.99,0.3728165025517443,0,15624715
540,0,35,7,128369.75,2,1,0,198256.15,0,True,False,Middle,267149.05500000005,0.7202457726139856,1,15763093
663,1,35,5,0.0,2,1,1,62634.94,0,False,True,Middle,31317.47,0.1571771749003871,0,15572073
630,1,34,9,0.0,2,1,1,114006.35,0,False,False,Middle,102605.71500000001,0.1335203721041611,0,15780256
605,1,19,8,166133.28,1,1,1,107994.99,0,True,False,Young,252529.272,0.15685346596089997,0,15659305
710,0,62,9,148214.36,1,1,0,48571.14,1,True,False,Elder,191928.386,0.9477417486062284,1,15638882
755,0,78,5,121206.96,1,1,1,76016.49,0,False,False,Elder,159215.20500000002,0.9198183052361757,1,15714680
641,1,25,10,0.0,2,1,1,180808.39,0,False,True,Young,180808.39,0.08431864939500913,0,15777217
737,1,50,4,127552.85,2,1,0,4225.11,0,True,False,Senior,129242.894,0.7968674185841806,1,15739123
695,1,49,9,159458.53,1,1,0,135841.35,0,False,False,Senior,281715.745,0.6705893183554074,1,15594450
466,0,47,5,102085.72,1,1,1,183536.24,1,True,False,Senior,193853.84,0.733540378053776,1,15797751
558,1,58,2,142537.18,1,1,1,88791.83,0,True,False,Senior,160295.546,0.7977944820663175,1,15691543
665,1,29,1,182781.74,2,1,1,63732.9,0,False,True,Young,189155.03,0.17387054268490088,0,15722845
737,1,45,10,0.0,2,1,0,1364.54,0,False,False,Middle,1364.54,0.4155003437668406,0,15605804
654,1,29,7,0.0,2,1,1,149184.15,0,False,False,Young,104428.905,0.09740769883754247,0,15702061
619,0,28,3,0.0,2,1,0,53394.12,0,False,False,Young,16018.236000000003,0.31261848905413825,0,15694321
845,0,43,3,152063.59,2,1,0,97910.06,0,True,False,Middle,181436.608,0.8008256043268231,1,15798749
727,0,28,2,110997.76,1,1,0,101433.76,0,False,False,Young,131284.512,0.38720499523979657,0,15720050
582,1,50,2,148942.0,1,1,1,116944.3,0,False,False,Senior,172330.86,0.4937828903803489,0,15758048
716,1,41,9,0.0,1,1,1,113267.48,0,False,False,Middle,101940.732,0.21412038431260103,0,15805681
660,0,36,0,84438.57,1,1,1,181449.51,0,False,True,Middle,84438.57,0.33173065259231016,0,15802809
664,0,34,7,93920.47,1,0,0,179913.98,0,False,False,Middle,219860.25600000002,0.5069577480094907,1,15807239
801,1,43,4,158713.08,2,0,0,98586.14,0,False,False,Middle,198147.536,0.5350783704094519,1,15749093
615,1,42,4,0.0,3,0,1,120321.09,0,False,True,Middle,48128.436,0.2434116288379758,0,15689344
718,1,63,7,123204.88,1,1,1,100538.8,0,True,False,Elder,193582.04,0.8203075015443524,1,15606076
667,1,40,8,72945.29,2,1,0,98931.5,0,False,False,Middle,152090.49,0.42053475037389754,0,15610090
670,1,37,0,178742.71,1,1,1,194493.57,0,False,True,Middle,178742.71,0.28269474257662014,0,15693926
590,1,43,8,0.0,2,1,1,143628.31,0,False,False,Middle,114902.648,0.24799401027402657,0,15791501
739,0,40,8,0.0,1,1,0,167030.51,0,False,True,Middle,133624.40800000002,0.5605483975792886,1,15621870
373,1,42,7,0.0,1,1,0,77786.37,1,False,False,Middle,54450.459,0.4845666727077946,0,15734711
418,0,46,9,0.0,1,1,1,81014.5,1,False,False,Senior,72913.05,0.4540213931447592,0,15814405
837,0,29,9,0.0,2,1,1,41866.26,0,False,False,Young,37679.634000000005,0.12616637042150772,0,15729359
645,1,43,9,140121.17,1,1,0,11302.7,1,True,False,Middle,150293.6,0.7038434905332609,1,15606944
552,1,39,2,132906.88,1,0,1,149384.43,0,True,False,Middle,162783.766,0.47611820052730763,0,15671934
580,1,45,2,179334.83,2,1,1,169303.65,0,True,False,Middle,213195.56,0.5839983873834106,1,15641773
684,1,35,3,137179.39,1,1,1,37264.11,0,False,False,Middle,148358.62300000002,0.21562954401381412,0,15701972
634,1,35,3,0.0,2,1,1,19515.48,0,False,True,Middle,5854.644,0.1662144758692375,0,15749114
607,0,49,9,119960.29,2,1,0,103068.22,0,False,False,Senior,212721.688,0.7478250467820192,1,15780362
802,1,29,9,127414.55,1,1,1,134459.12,0,False,False,Young,248427.75800000003,0.12843823163447618,0,15753229
736,0,36,6,0.0,1,1,0,70496.66,0,False,False,Middle,42297.99600000001,0.4446299270368734,0,15656009
629,0,40,9,137409.19,1,1,0,175877.7,1,False,False,Middle,295699.12,0.6454359549067523,1,15785024
737,1,28,8,0.0,2,1,0,106390.01,0,False,False,Young,85112.008,0.18393672012555687,0,15670492
718,0,39,2,0.0,1,1,1,52138.49,0,False,True,Middle,10427.698,0.33159849390270063,0,15795458
561,1,43,4,0.0,4,0,0,18522.91,1,False,False,Middle,7409.164000000001,0.4214670968539378,0,15732438
641,1,31,9,112494.99,1,1,1,32231.6,0,False,False,Middle,141503.43,0.1420173493917323,0,15781987
677,1,30,1,78133.15,1,0,1,174225.88,0,False,False,Young,95555.738,0.14048478599938952,0,15775826
641,0,36,1,0.0,2,1,0,102021.39,0,False,True,Middle,10202.139000000001,0.4864831267696907,0,15807457
658,0,32,5,145553.07,1,1,1,31484.76,0,False,True,Middle,161295.45,0.2944088335517478,0,15632538
659,1,48,4,123593.22,2,1,0,82469.06,1,True,False,Senior,156580.844,0.7802748491092749,1,15641389
567,0,47,2,0.0,1,0,0,110900.43,1,False,False,Senior,22180.086,0.7007669043969573,1,15657306
584,0,26,0,146286.22,1,1,0,105105.35,0,False,False,Young,146286.22,0.40399478787271953,0,15709447
709,0,35,1,111827.27,2,1,0,12674.68,0,False,True,Middle,113094.738,0.54222733193968,1,15762682
690,0,26,2,0.0,2,1,1,93255.85,0,False,True,Young,18651.170000000002,0.14332255314649434,0,15626042
627,1,70,1,94416.78,1,0,1,145299.5,0,False,False,Elder,108946.73,0.7970738466606463,1,15597109
765,1,45,2,91549.78,1,1,1,47139.44,0,False,True,Middle,100977.668,0.36118987221881854,0,15756148
645,0,38,7,59568.57,1,1,1,167723.25,0,False,False,Middle,176974.845,0.3305756282094692,0,15665634
716,0,23,2,94464.81,2,0,1,185900.88,0,False,False,Young,131644.986,0.1324616631441007,0,15739997
771,0,57,4,0.0,1,0,0,85876.67,1,False,False,Senior,34350.668,0.8097926243812998,1,15686242
687,1,44,8,95368.14,2,1,1,1787.85,0,True,False,Middle,96798.42,0.4507953508390572,0,15759244
717,0,33,10,102185.42,2,1,0,23231.93,0,True,False,Middle,125417.35,0.5938694746459032,1,15672027
524,1,32,1,144875.71,1,0,0,187740.04,0,False,False,Middle,163649.71399999998,0.38859415160122457,0,15594576
679,1,39,5,0.0,2,1,1,100060.54,0,False,True,Middle,50030.27,0.20250589229947874,0,15707138
538,0,32,2,0.0,1,1,1,80130.54,0,False,False,Middle,16026.108,0.22638829821404455,0,15756954
752,0,37,5,113291.05,2,1,1,132467.54,0,True,False,Middle,179524.82,0.4890043997937041,0,15619130
846,1,61,0,0.0,2,1,1,96202.44,0,False,True,Elder,0.0,0.5684823157143974,1,15639665
532,0,39,0,0.0,2,1,0,94977.3,0,False,True,Middle,0.0,0.5681131735375513,1,15571065
670,1,43,9,111677.88,1,1,0,178827.3,1,True,False,Middle,272622.45,0.7222680696476133,1,15686060
597,0,35,8,131101.04,1,1,1,192852.67,0,True,False,Middle,285383.17600000004,0.5223791093071506,1,15615753
627,1,52,1,76101.81,2,0,1,177238.35,0,True,False,Senior,93825.645,0.6442905193566477,1,15800961
700,0,40,2,0.0,2,1,0,199753.97,0,False,True,Middle,39950.794,0.542621938980581,1,15763065
766,0,52,7,92510.9,2,0,1,66193.61,0,False,False,Senior,138846.427,0.5615424190174835,1,15672467
488,0,34,2,0.0,2,1,1,181270.84,0,False,False,Middle,36254.168,0.23865013977109722,0,15752915
694,1,39,5,77652.4,1,1,1,25407.59,0,False,False,Middle,90356.19499999999,0.2298186289071862,0,15744695
639,0,31,3,98360.03,1,0,0,20973.8,0,False,False,Middle,104652.17,0.4578022139204246,0,15584897
705,0,46,4,115518.07,1,0,0,76544.9,1,True,False,Senior,146136.03,0.8502687916889032,1,15601857
810,1,69,3,27288.43,1,1,1,110509.9,0,True,False,Elder,60441.399999999994,0.8461464396061827,1,15674156
638,0,36,6,0.0,1,1,0,164247.51,0,False,False,Middle,98548.50600000001,0.4742067119297166,0,15695465
595,0,43,5,0.0,2,0,0,105149.8,0,False,True,Middle,52574.9,0.623234181975955,1,15792232
575,1,36,7,0.0,1,1,1,55868.97,1,False,False,Middle,39108.279,0.16759355205269452,0,15807900
850,1,31,6,131996.66,2,1,1,178747.43,0,False,False,Middle,239245.11800000002,0.13789598678018253,0,15743760
419,0,27,2,121580.42,1,0,1,134720.51,0,False,True,Young,148524.522,0.2566251076936688,0,15652835
640,1,55,10,132436.34,1,1,0,978.66,0,False,False,Senior,133415.0,0.7223215716785947,1,15767818
570,1,34,10,0.0,2,0,1,183387.12,0,False,True,Middle,183387.12,0.16796983668380788,0,15591150
640,0,46,5,107978.4,2,1,0,155876.06,0,True,False,Senior,185916.43,0.8375927131034954,1,15734659
689,0,40,4,78119.59,4,1,0,119259.34,1,True,False,Middle,125823.326,0.7052207485621185,1,15796115
725,1,26,6,98684.15,1,0,0,133720.57,0,False,False,Young,178916.492,0.2320718921645031,0,15724648
751,0,44,10,0.0,2,1,0,170634.49,0,False,False,Middle,170634.49,0.5850993355683982,1,15737732
544,0,53,9,0.0,1,1,0,125692.07,1,False,True,Senior,113122.86300000001,0.7926177925709176,1,15632280
768,0,43,2,129264.05,2,0,0,19150.14,0,True,False,Middle,133094.078,0.8110857090363471,1,15750407
648,1,37,6,131753.41,1,1,0,86894.67,0,True,False,Middle,183890.212,0.6249381442659904,1,15795370
577,0,33,6,0.0,2,1,0,57975.8,0,False,True,Middle,34785.48,0.41875925737634334,0,15656829
639,0,27,2,0.0,1,1,1,82938.99,0,False,True,Young,16587.798000000003,0.1710982985408803,0,15643794
686,1,26,1,57422.62,1,1,1,79189.4,0,True,False,Young,65341.560000000005,0.19769816875525414,0,15798605
657,0,28,7,0.0,2,0,1,5177.62,0,False,False,Young,3624.334,0.13922553031019255,0,15637324
613,1,34,5,144094.2,1,1,0,44510.26,0,False,False,Middle,166349.33000000002,0.39376671885004305,0,15589589
701,1,33,9,147510.34,1,1,0,190611.92,0,False,False,Middle,319061.06799999997,0.3777198727788422,0,15778936
578,0,28,8,161592.76,1,1,0,177834.79,0,False,True,Young,303860.59200000006,0.47193324940220044,0,15757385
689,0,40,1,0.0,2,1,1,119446.64,0,False,False,Middle,11944.664,0.30668302354804855,0,15666200
687,0,72,4,0.0,2,1,1,50267.69,0,False,True,Elder,20107.076,0.8489751491284185,1,15683977
499,0,53,1,75225.53,2,0,0,144849.1,1,False,True,Senior,89710.44,0.8294256722613003,1,15675518
693,0,39,0,0.0,2,0,0,81901.6,0,False,True,Middle,0.0,0.5505080505583212,1,15584812
737,0,70,9,87542.89,2,1,1,42576.86,0,False,False,Elder,125862.064,0.8234241380643861,1,15752984
651,0,32,8,144581.96,1,1,1,87609.5,0,False,False,Middle,214669.56,0.2664594421266965,0,15577913
753,1,33,5,122568.05,2,1,1,82820.85,0,False,False,Middle,163978.475,0.15887856093177746,0,15591980
523,0,24,5,172231.93,1,0,1,155144.12,0,False,True,Young,249803.99,0.223574219104168,0,15598948
458,0,28,2,171932.26,2,1,1,9578.24,0,True,False,Young,173847.908,0.42353445354902564,0,15574142
643,1,39,7,0.0,2,1,1,170392.59,0,False,False,Middle,119274.813,0.1927677498514932,0,15582903
638,0,34,7,0.0,2,0,0,3946.29,0,False,True,Middle,2762.4030000000002,0.4208610463696893,0,15733229
685,1,38,4,111798.06,2,1,1,102184.66,0,True,False,Middle,152671.924,0.3847855626758335,0,15635752
684,1,38,4,0.0,3,1,0,75609.84,0,False,False,Middle,30243.936,0.32569354350145735,0,15771000
670,0,27,5,79336.61,1,1,1,26170.08,0,False,False,Young,92421.65,0.1733534111019367,0,15804864
701,1,63,3,120916.52,3,0,0,144727.45,1,True,False,Elder,164334.755,0.9122343525061728,1,15641175
705,0,31,3,142905.51,1,1,1,58134.97,0,False,False,Middle,160346.00100000002,0.2591183013832014,0,15692226
593,1,27,10,0.0,3,0,0,94620.0,1,False,True,Young,94620.0,0.19007756086347183,0,15584156
651,0,33,1,96834.78,1,1,0,108764.69,0,False,False,Middle,107711.249,0.4881178212231631,0,15702656
741,1,37,9,105261.76,2,1,1,149503.54,0,False,False,Middle,239814.946,0.19925039858568727,0,15606552
596,1,54,1,123544.0,1,1,1,120314.75,1,True,False,Senior,135575.475,0.7281386787741294,1,15687001
581,1,41,2,127913.71,2,1,1,44205.95,0,True,False,Middle,136754.9,0.4810727747597052,0,15781903
689,0,28,5,95328.6,1,1,0,6129.61,1,False,True,Young,98393.405,0.39312498830581094,0,15731951
544,1,30,4,73218.89,1,0,1,126796.69,0,False,False,Young,123937.566,0.15051650874353933,0,15580953
718,0,41,1,0.0,2,0,1,27509.52,1,False,False,Middle,2750.952,0.3364547191545127,0,15810390
583,1,35,8,149995.72,2,1,0,42143.55,0,True,False,Middle,183710.56,0.5712482780250958,1,15628274
663,1,28,8,123674.28,2,1,1,87985.2,0,True,False,Young,194062.44,0.22137841663655797,0,15615444
666,1,33,2,124125.26,1,1,0,81884.8,0,True,False,Middle,140502.22,0.5583563710517183,1,15784010
524,1,29,3,159035.45,1,1,0,2705.31,1,False,True,Young,159847.043,0.36621870469406465,0,15571586
599,1,27,5,0.0,2,1,0,30546.4,0,False,False,Young,15273.2,0.18938725642371682,0,15748616
667,1,27,7,156811.74,1,1,1,149402.59,0,False,False,Young,261393.553,0.13394135964250195,0,15769402
727,1,52,4,0.0,2,1,1,118429.02,0,False,False,Senior,47371.60800000001,0.378102042061628,0,15739248
689,0,55,4,0.0,2,1,1,58442.25,0,False,True,Senior,23376.9,0.6023167694813648,1,15603481
639,1,39,6,150555.83,1,1,0,30414.17,0,False,False,Middle,168804.332,0.48027550065397734,0,15723604
678,1,28,2,109137.12,1,1,1,58814.41,0,False,False,Young,120900.002,0.13196804664208958,0,15797822
523,1,36,8,158351.02,2,1,0,155304.53,0,False,False,Middle,282594.644,0.4404991200148501,0,15665064
650,0,47,9,0.0,1,1,0,187943.6,0,False,False,Senior,169149.24000000002,0.681385953387551,1,15640580
744,1,35,7,0.0,2,1,1,43036.6,0,False,True,Middle,30125.620000000003,0.1425705265783535,0,15581089
697,1,40,4,0.0,2,0,1,26543.28,0,False,False,Middle,10617.312,0.20168920207095645,0,15728605
800,0,46,6,0.0,2,1,0,171928.04,0,False,True,Senior,103156.82400000001,0.6391895348063471,1,15737385
664,1,24,7,0.0,1,0,1,35611.35,0,False,False,Young,24927.945,0.07103926290795977,0,15714789
740,1,39,9,0.0,2,1,0,19047.23,0,False,False,Middle,17142.507,0.32011884821355263,0,15786035
835,0,56,2,0.0,2,1,1,39820.13,0,False,False,Senior,7964.026,0.580595291942635,1,15815259
559,1,52,2,0.0,1,1,0,129013.59,1,False,False,Senior,25802.718,0.6571412274878514,1,15592716
676,1,36,1,82729.49,1,1,0,113810.12,0,False,True,Middle,94110.50200000001,0.4217891388003526,0,15734850
613,0,45,9,142765.24,2,1,0,34749.65,0,True,False,Middle,174039.925,0.8225388204266821,1,15638047
713,0,25,4,121172.97,1,1,1,56268.98,0,False,False,Young,143680.562,0.16786665982987542,0,15674573
751,0,28,10,132932.14,2,1,1,46630.47,0,True,False,Young,179562.61000000002,0.3032819668661508,0,15694859
523,1,22,8,123374.46,1,1,1,124906.59,0,False,False,Young,223299.73200000002,0.09399743705879324,0,15776404
775,0,74,0,161371.5,1,1,1,134869.93,0,True,False,Elder,161371.5,0.9548625545463163,1,15579345
608,1,45,4,0.0,2,0,0,36697.48,1,False,True,Middle,14678.992000000002,0.5255592667599404,1,15690733
673,1,51,8,79563.36,2,1,1,172200.91,0,False,False,Senior,217324.088,0.4235602332388112,0,15631481
616,1,46,2,0.0,2,1,0,137136.46,0,False,False,Senior,27427.292,0.5127922666303094,1,15620988
650,0,48,7,138232.24,1,1,0,57594.78,0,True,False,Senior,178548.58599999998,0.8685807728455307,1,15571529
655,0,41,5,0.0,1,0,0,36548.0,1,False,False,Middle,18274.0,0.5663028041175039,1,15592104
782,0,53,1,81571.05,1,1,0,182960.46,1,True,False,Senior,99867.096,0.8904341456880979,1,15651900
781,1,35,1,0.0,2,0,0,42117.9,0,False,True,Middle,4211.79,0.32784352520035553,0,15596212
593,0,33,0,95927.04,1,1,0,199478.05,0,False,False,Middle,95927.04,0.4855366262922646,0,15710687
505,1,35,8,116932.59,1,1,0,91092.84,0,False,True,Middle,189806.862,0.43245684148627134,0,15613787
707,1,40,1,0.0,2,1,0,14090.4,1,False,False,Middle,1409.04,0.3984464804604411,0,15599211
692,0,36,3,79551.12,1,0,1,178267.07,0,False,False,Middle,133031.24099999998,0.309356224148396,0,15675983
813,1,30,1,116416.94,1,0,1,85808.22,0,True,False,Young,124997.762,0.27103680186237955,0,15622370
850,1,37,4,88141.1,1,1,0,109659.12,0,False,True,Middle,132004.74800000002,0.405524310180214,0,15656319
753,1,32,6,177729.13,1,1,1,161642.08,0,False,False,Middle,274714.378,0.18607023554874863,0,15605130
850,0,32,5,0.0,1,1,1,3830.59,0,False,True,Middle,1915.295,0.19450913464030012,0,15672574
671,1,32,6,123912.78,2,1,1,146636.44,0,False,True,Middle,211894.644,0.17443774480811072,0,15659355
791,0,33,3,0.0,1,1,1,144413.92,1,False,False,Middle,43324.17600000001,0.20461411992887296,0,15777907
624,1,80,3,0.0,1,1,1,65801.44,0,False,False,Elder,19740.432,0.863378970949005,1,15655171
649,0,35,4,108306.44,1,1,1,192486.24,0,False,False,Middle,185300.936,0.30942018725459086,0,15619674
732,0,48,4,102962.62,1,1,0,120852.85,1,True,False,Senior,151303.76,0.8588685040318553,1,15775192
664,0,36,0,103502.22,1,1,1,146191.82,0,False,False,Middle,103502.22,0.32357147911299217,0,15617657
789,1,43,8,119654.44,2,0,1,148412.24,1,True,False,Middle,238384.23200000002,0.4720746450928073,0,15688951
680,1,33,10,183768.47,1,1,0,164119.35,0,False,False,Middle,347887.82,0.3977402097785539,0,15763460
701,1,37,1,0.0,2,1,0,163457.55,0,False,False,Middle,16345.755,0.32942238842408555,0,15756992
684,0,25,1,0.0,2,0,1,144978.47,0,False,False,Young,14497.847000000002,0.12511258147975637,0,15617454
586,0,52,6,140900.97,1,1,1,67288.89,0,False,False,Senior,181274.304,0.6429790232334279,1,15701932
522,0,25,5,94049.92,2,1,0,103269.0,0,True,False,Young,145684.41999999998,0.5128999950726923,1,15700813
739,0,27,8,98926.4,1,1,1,106969.98,0,False,True,Young,184502.384,0.18860889851454982,0,15645600
835,1,18,2,142872.36,1,1,1,117632.63,0,True,False,Young,166398.886,0.12789350743545935,0,15634146
790,1,29,3,46057.96,2,1,1,189777.66,0,False,True,Young,102991.258,0.11144480587755486,0,15686743
671,0,48,6,119769.77,1,0,1,66032.65,0,False,False,Senior,159389.36,0.5488241366671675,1,15698792
560,0,44,5,143244.97,1,1,0,98661.27,0,False,False,Middle,192575.605,0.7197423222570618,1,15591724
651,1,28,10,79562.98,1,1,1,74687.37,0,False,False,Young,154250.34999999998,0.10919146196477726,0,15571281
682,1,69,6,0.0,2,0,1,149604.18,0,False,False,Elder,89762.508,0.7064524648013811,1,15661380
808,1,41,0,0.0,1,1,1,79888.78,0,False,False,Middle,0.0,0.22351577521101212,0,15728885
644,1,26,8,96659.64,2,1,1,138775.69,0,False,True,Young,207680.192,0.11024342894905297,0,15618950
688,1,29,1,0.0,2,1,0,154695.57,0,False,False,Young,15469.557,0.21180186494521064,0,15609804
617,0,26,2,165947.99,2,0,1,168834.38,0,False,False,Young,199714.86599999998,0.20173441093524805,0,15735849
738,1,33,4,92676.3,1,1,0,105817.63,0,False,False,Middle,135003.352,0.3299681048304452,0,15652948
663,1,45,5,83195.12,1,1,1,48682.1,0,False,False,Middle,107536.17,0.3314417272929282,0,15618155
515,1,48,5,129387.94,1,0,1,147955.91,1,False,False,Senior,203365.89500000002,0.45783877582729826,0,15566378
845,0,28,9,0.0,2,1,1,56185.98,0,False,False,Young,50567.382000000005,0.11896389134462076,0,15565879
639,1,38,9,130233.14,1,1,1,81861.1,0,False,True,Middle,203908.13,0.26054175814128017,0,15792922
557,0,32,3,123502.53,1,1,1,69826.8,0,False,False,Middle,144450.57,0.28484997301169107,0,15770567
543,1,37,8,140894.06,2,1,1,118059.19,0,True,False,Middle,235341.412,0.40080697508278046,0,15738042
585,1,44,7,163867.86,1,1,1,112333.22,0,True,False,Middle,242501.114,0.5669552502672005,1,15714920
610,0,27,2,0.0,2,1,0,14546.76,0,False,False,Young,2909.3520000000003,0.3047769619350935,0,15782121
727,0,18,2,93816.7,2,1,0,126172.11,0,True,False,Young,119051.122,0.35326331076312795,0,15673180
540,0,40,8,0.0,2,1,0,3560.0,0,False,True,Middle,2848.0,0.5362092527235589,1,15660636
418,1,35,7,0.0,2,1,1,88878.15,0,False,False,Middle,62214.704999999994,0.16302328372369593,0,15664504
660,0,32,0,114668.89,1,1,0,84605.0,0,False,False,Middle,114668.89,0.48651893599182866,0,15790322
850,1,38,5,146756.68,1,1,0,78268.61,0,True,False,Middle,185890.985,0.6215573802217106,1,15739847
618,0,46,6,150213.71,1,1,0,120668.46,1,False,False,Senior,222614.786,0.7449737887737029,1,15699415
642,1,18,5,111183.53,2,0,1,10063.75,0,True,False,Young,116215.405,0.12044781340910828,0,15665521
850,0,40,9,99816.46,1,1,1,163989.66,1,False,False,Middle,247407.15399999998,0.35577678833061477,0,15682868
739,1,34,9,0.0,1,1,0,60584.33,0,False,False,Middle,54525.897,0.26918800102935064,0,15584462
508,0,41,5,0.0,2,1,1,94170.84,0,False,False,Middle,47085.42,0.3419644977156499,0,15661708
667,1,41,6,0.0,2,0,0,167181.77,0,False,False,Middle,100309.06199999999,0.4146933270800305,0,15584452
741,0,60,5,0.0,1,1,1,38914.51,0,False,False,Senior,19457.255,0.6721175312913752,1,15717010
592,1,29,7,0.0,2,1,1,91196.67,0,False,False,Young,63837.668999999994,0.09771643529890084,0,15643828
651,0,45,6,86714.06,1,1,0,85869.89,1,True,False,Middle,138235.994,0.8251577763519796,1,15733361
773,1,52,2,0.0,2,1,0,57337.79,0,False,True,Senior,11467.558,0.6302227841902766,1,15795488
850,1,41,8,132838.07,1,1,1,175347.28,0,False,True,Middle,273115.894,0.2984199705881798,0,15581551
550,0,42,10,128707.31,1,1,0,63092.65,1,True,False,Middle,191799.96,0.8042428934220904,1,15632051
783,1,40,6,0.0,2,1,0,109742.55,0,False,False,Middle,65845.53000000001,0.3609190274891421,0,15780409
777,1,29,2,0.0,2,1,0,124489.88,0,False,False,Young,24897.976000000002,0.20218019203995896,0,15572767
659,1,29,6,123192.12,1,1,1,56971.41,1,False,False,Young,157374.96600000001,0.13675737693457066,0,15590337
727,1,46,3,115248.11,4,1,0,130752.01,1,True,False,Senior,154473.713,0.7042689187122252,1,15634551
603,1,38,8,59360.77,1,1,1,191457.06,0,False,False,Middle,212526.418,0.23064100784425373,0,15669290
644,1,37,9,0.0,2,1,1,96442.86,0,False,True,Middle,86798.57400000001,0.1739229089643438,0,15621140
647,0,35,6,112668.7,1,0,1,122584.29,0,False,False,Middle,186219.274,0.3144044065430784,0,15613518
648,0,37,7,138503.51,2,1,0,57215.85,0,True,False,Middle,178554.605,0.7209044537201998,1,15728043
721,1,57,1,0.0,1,1,1,195940.96,0,False,True,Senior,19594.096,0.5221028533451749,1,15570073
524,1,29,7,0.0,2,1,1,105448.74,0,False,False,Young,73814.118,0.10307788181460034,0,15777033
626,0,34,3,0.0,2,1,1,37870.29,0,False,False,Middle,11361.087,0.22347777172666125,0,15682454
569,1,43,7,0.0,2,1,0,52534.81,0,False,False,Middle,36774.367,0.4408639959869613,0,15758513
578,1,36,1,157267.95,2,1,0,141533.19,0,False,True,Middle,171421.269,0.46342480772683153,0,15772604
769,0,40,9,133871.05,1,1,1,50568.02,0,False,False,Middle,179382.26799999998,0.3617519572834366,0,15721715
694,1,31,4,141989.27,2,1,0,26116.82,0,True,False,Middle,152435.998,0.4937246688892589,0,15688563
664,0,41,5,0.0,1,1,1,152054.33,0,False,False,Middle,76027.165,0.3416314748781256,0,15772009
646,1,38,7,0.0,2,1,0,1528.4,0,False,False,Middle,1069.88,0.3284207883365497,0,15809585
779,0,29,3,46388.16,3,1,0,127939.26,1,False,False,Young,84769.938,0.31030623328049517,0,15593778
782,0,72,5,148666.99,1,1,0,2605.65,1,True,False,Elder,149969.815,0.9758525315853656,1,15655360
769,1,34,7,115101.5,1,0,0,57841.89,1,True,False,Middle,155590.823,0.5362377792386747,1,15780909
655,1,67,6,148363.38,1,1,1,186995.17,0,True,False,Elder,260560.48200000002,0.8807411197802155,1,15757310
623,1,46,4,0.0,1,1,0,5549.11,1,False,True,Senior,2219.644,0.5552619786303848,1,15801411
705,0,39,8,144102.32,1,1,1,11682.36,0,False,True,Middle,153448.208,0.3841184132476614,0,15761706
686,1,41,5,128876.71,3,1,1,106939.34,1,False,False,Middle,182346.38,0.2555074533301349,0,15658409
678,1,36,6,118448.15,2,1,0,53172.02,0,True,False,Middle,150351.362,0.5657989172082382,1,15810010
738,1,39,5,0.0,2,1,1,114388.98,0,False,False,Middle,57194.490000000005,0.17956466809879837,0,15627027
703,1,28,9,0.0,2,0,1,2151.17,0,False,False,Young,1936.0529999999999,0.07771308479773184,0,15624374
554,1,42,1,0.0,2,0,1,183492.9,0,False,True,Middle,18349.29,0.26925524764971487,0,15720083
582,0,38,9,135979.01,4,1,1,76582.95,1,False,False,Middle,204903.665,0.3033310831317792,0,15752294
644,1,37,6,117271.8,2,1,0,104217.96,1,False,False,Middle,179802.576,0.40533064074355785,0,15743193
724,1,29,4,0.0,1,1,0,8982.75,0,False,False,Young,3593.1000000000004,0.2188962147706331,0,15696733
593,1,33,1,0.0,2,0,0,9984.4,0,False,False,Middle,998.44,0.3034142242792669,0,15677522
710,0,30,10,0.0,2,1,0,19500.1,0,False,True,Young,19500.100000000002,0.31134519881271205,0,15643523
631,1,35,8,129205.49,1,1,1,79146.36,0,False,False,Middle,192522.578,0.20307490057280633,0,15624936
739,0,41,8,0.0,1,1,0,191694.77,1,False,True,Middle,153355.816,0.5849202908421888,1,15716085
644,1,18,7,0.0,1,0,1,59645.24,1,False,True,Young,41751.668000000005,0.05257556512384141,0,15641688
652,1,35,7,104015.54,2,1,1,55207.88,0,True,False,Middle,142661.05599999998,0.3162258319166564,0,15796834
554,1,37,3,0.0,2,1,0,166177.3,0,False,True,Middle,49853.19,0.37843016308098515,0,15720123
483,0,30,9,0.0,2,0,0,136356.97,0,False,False,Young,122721.273,0.3671934873968175,0,15604732
669,0,42,1,103873.39,1,1,0,148611.52,0,True,False,Middle,118734.542,0.8031955469434199,1,15723484
841,0,52,3,112383.03,1,1,0,85516.37,1,True,False,Senior,138037.941,0.8883254226768816,1,15807120
662,1,34,2,117731.79,2,0,1,55120.79,0,False,False,Middle,128755.94799999999,0.1912719039051981,0,15810891
821,1,45,0,135827.33,2,1,1,131778.58,0,True,False,Middle,135827.33,0.517653808232381,1,15640407
783,1,38,9,114135.17,1,1,0,153269.98,0,False,False,Middle,252078.152,0.4240792997629972,0,15778838
850,0,28,9,0.0,2,1,1,164864.67,0,False,False,Young,148378.203,0.13180254892308302,0,15709256
559,1,62,6,118756.62,1,1,1,20367.68,0,False,False,Elder,130977.228,0.6778032257847852,1,15742285
602,1,34,8,98382.72,1,1,0,39542.0,0,False,True,Middle,130016.32,0.373540491133217,0,15729019
563,1,41,2,100520.92,1,1,1,19412.8,1,True,False,Middle,104403.48,0.4905770916404553,0,15608588
695,0,35,7,79858.13,2,1,1,127977.66,0,False,True,Middle,169442.49200000003,0.2832163717752407,0,15610557
546,0,20,6,0.0,1,0,1,20508.85,0,False,False,Young,12305.31,0.09754706744951858,0,15786418
719,0,76,10,95052.29,1,1,0,176244.87,0,True,False,Elder,271297.16,0.981450879749021,1,15653050
539,1,42,1,177728.55,1,1,0,105013.63,0,True,False,Middle,188229.913,0.7637902134393818,1,15744914
632,1,71,3,83116.68,1,1,1,27597.76,0,False,False,Elder,91396.00799999999,0.7981820490000529,1,15669611
772,1,34,7,111565.91,1,1,1,121073.23,0,True,False,Middle,196317.171,0.3155567200077954,0,15594786
708,1,40,8,83015.71,1,1,0,101089.76,0,False,True,Middle,163887.518,0.4707647596856933,0,15649211
668,0,28,1,124511.01,1,0,0,114258.18,0,True,False,Young,135936.82799999998,0.6074999200054954,1,15766066
738,0,67,1,130652.52,1,0,1,22762.23,0,False,False,Elder,132928.74300000002,0.8538619386182978,1,15772216
785,1,55,5,0.0,2,1,1,7008.65,0,False,False,Senior,3504.3250000000003,0.41257996880762565,0,15619898
597,1,61,5,0.0,2,1,1,81299.17,0,False,False,Elder,40649.585,0.5668092223486436,1,15724543
531,1,37,7,121854.45,1,1,0,147521.35,0,False,False,Middle,225119.39500000002,0.455694858841182,0,15755084
509,1,26,10,0.0,2,1,1,6177.83,0,False,False,Young,6177.830000000001,0.07231367191401426,0,15730441
508,1,35,1,86893.28,1,0,0,59374.82,0,False,False,Middle,92830.762,0.4237018785819907,0,15666767
749,0,32,7,79523.13,1,0,1,157648.12,0,True,False,Middle,189876.814,0.4044329718597407,0,15690456
621,0,55,7,131033.76,1,0,1,75685.59,1,True,False,Senior,184013.673,0.8266520469028583,1,15570533
659,0,33,7,89939.62,1,1,0,136540.09,0,False,False,Middle,185517.68300000002,0.469113171662721,0,15797692
634,0,59,3,95727.05,1,0,0,97939.4,1,True,False,Senior,125108.87,0.9400725222718573,1,15603135
675,1,39,7,0.0,2,0,1,36267.21,0,False,False,Middle,25387.047000000002,0.18023353491535557,0,15698927
770,1,31,3,155047.56,2,1,1,186064.34,0,False,False,Middle,210866.862,0.15206256647997202,0,15687363
736,0,29,9,0.0,2,0,0,176152.7,0,False,False,Young,158537.43000000002,0.3185918386531527,0,15733444
524,1,44,10,118569.03,2,0,0,82117.2,0,False,False,Middle,200686.23,0.5505734342774752,1,15678057
674,1,28,5,0.0,1,1,1,151925.25,0,False,False,Young,75962.625,0.09830033529332875,0,15806918
700,1,44,9,0.0,2,1,0,142287.65,0,False,True,Middle,128058.885,0.4771851808039541,0,15638247
741,0,35,1,0.0,2,1,0,36557.55,0,False,False,Middle,3655.7550000000006,0.42984461389489115,0,15674833
455,1,40,1,0.0,3,0,1,129975.34,0,False,False,Middle,12997.534,0.22117534151738932,0,15812534
608,1,37,2,130461.02,1,1,0,21967.15,0,False,True,Middle,134854.45,0.48921202409988185,0,15586522
776,1,36,1,0.0,2,1,0,53477.76,0,False,False,Middle,5347.776000000001,0.3123225280623806,0,15794297
635,1,33,1,0.0,3,0,0,178067.33,1,False,False,Middle,17806.733,0.2620171661446008,0,15737025
746,0,37,4,0.0,2,0,1,171039.56,0,False,False,Middle,68415.82400000001,0.2543866242049409,0,15615931
692,0,47,3,0.0,2,1,0,150802.41,1,False,True,Senior,45240.723,0.6741007226559215,1,15664860
683,1,35,9,61172.04,1,0,0,82951.12,0,False,True,Middle,135828.048,0.36775562187243155,0,15664539
591,0,35,2,90194.34,2,1,0,57064.57,0,True,False,Middle,101607.254,0.6930047587976218,1,15583692
581,0,24,3,95508.2,1,1,1,45755.0,0,False,False,Young,109234.7,0.16388369308472578,0,15693131
684,1,35,3,99967.76,1,1,1,176882.08,0,True,False,Middle,153032.384,0.34701312912689414,0,15779973
561,1,37,4,101470.29,1,0,1,88838.14,0,False,True,Middle,137005.546,0.2651146070198826,0,15620557
718,0,33,4,70541.06,1,0,0,88592.8,0,True,False,Middle,105978.18,0.646304238158771,1,15639549
590,1,31,8,112211.61,1,1,0,26261.42,0,False,False,Middle,133220.74599999998,0.30484798596961055,0,15618750
573,0,47,8,154543.98,1,1,0,29586.73,0,False,False,Senior,178213.364,0.7486499941365096,1,15796790
350,0,40,0,111098.85,1,1,1,172321.21,1,False,False,Middle,111098.85,0.45050074315786165,0,15668309
504,0,44,0,131873.07,2,1,1,158036.72,1,True,False,Middle,131873.07,0.6780168643727206,1,15732437
813,1,27,1,137275.36,1,0,1,115733.16,0,False,True,Young,148848.67599999998,0.13702084113234853,0,15665158
641,1,31,3,153316.14,1,1,0,59927.99,0,False,True,Middle,171294.537,0.37769446293816655,0,15689322
662,0,22,9,0.0,2,1,1,44377.65,0,False,False,Young,39939.88500000001,0.08741113787871185,0,15596624
497,1,44,2,121250.04,1,0,1,79691.4,0,False,True,Middle,137188.32,0.41461853014898686,0,15601977
716,1,31,8,109578.04,2,1,1,51503.51,0,False,False,Middle,150780.848,0.12905007635329377,0,15801462
526,0,37,5,53573.18,1,1,0,62830.97,0,False,False,Middle,84988.66500000001,0.5425773339643208,1,15566139
760,0,34,6,58003.41,1,1,0,90346.1,0,True,False,Middle,112211.07,0.6336929235076519,1,15791006
669,0,31,6,113000.66,1,1,0,40467.82,0,False,False,Middle,137281.352,0.43414289155698144,0,15668057
655,1,27,10,0.0,2,1,0,51620.94,0,False,False,Young,51620.94,0.16740244211416175,0,15580805
547,0,49,2,0.0,1,0,0,65466.93,1,False,False,Senior,13093.386,0.7373941465316933,1,15658768
648,0,40,5,139973.65,1,1,1,667.66,1,True,False,Middle,140307.47999999998,0.5956656276605167,1,15613048
790,0,31,2,151290.16,1,1,1,172437.12,0,False,False,Middle,185777.584,0.24986277489970649,0,15803654
744,0,50,1,121498.11,2,0,1,106061.47,1,True,False,Senior,132104.257,0.7435193458655817,1,15662337
761,0,32,4,103515.39,2,1,1,177622.38,0,False,True,Middle,174564.342,0.24733984356259742,0,15650924
750,0,35,3,0.0,1,1,0,191520.5,0,False,False,Middle,57456.15,0.4350719934561339,0,15647203
680,1,34,9,0.0,2,1,1,95686.6,0,False,False,Middle,86117.94,0.1271131884555071,0,15682778
704,1,38,6,106687.76,1,1,0,173776.5,0,False,True,Middle,210953.66,0.46523418817020484,0,15579820
521,0,41,2,0.0,2,1,1,113089.43,0,False,False,Middle,22617.886,0.34865837154316576,0,15709354
452,0,35,8,0.0,2,1,1,149614.81,0,False,False,Middle,119691.848,0.25531022249369867,0,15728480
695,0,31,5,106089.2,1,0,0,99537.68,0,False,False,Middle,155858.03999999998,0.4446116793690876,0,15641091
850,1,71,10,69608.14,1,1,0,97893.4,1,False,True,Elder,167501.54,0.8911904600712954,1,15603111
625,1,31,5,0.0,2,0,1,90.07,0,False,False,Middle,45.035,0.11361998316250255,0,15679693
608,0,40,7,96202.32,1,0,0,161154.85,0,True,False,Middle,209010.71500000003,0.7852797142736958,1,15797190
715,0,38,0,0.0,2,1,1,332.81,0,False,False,Middle,0.0,0.2894706825303252,0,15788025
834,1,33,5,0.0,2,1,0,66285.18,0,False,True,Middle,33142.59,0.26120996220831055,0,15646168
469,1,33,1,127818.52,1,1,0,163477.22,0,False,False,Middle,144166.242,0.39948573461849957,0,15580493
480,0,40,7,0.0,1,1,0,170332.67,1,False,False,Middle,119232.86900000002,0.5800650872261209,1,15726720
527,1,58,3,137318.42,1,1,1,126144.96,0,True,False,Senior,175161.90800000002,0.7960410697529758,1,15735799
834,1,34,5,0.0,2,0,0,53437.1,0,False,True,Middle,26718.550000000003,0.28283563534684447,0,15773098
583,0,40,4,55776.39,2,1,0,26920.43,0,False,False,Middle,66544.562,0.572130042400596,1,15668971
696,1,32,4,84421.62,1,0,1,52314.71,0,True,False,Middle,105347.504,0.2908072454455057,0,15603221
606,1,32,5,83161.65,1,1,1,116885.59,0,False,False,Middle,141604.445,0.16225866510068399,0,15740043
713,0,39,10,0.0,2,1,1,126263.97,0,False,False,Middle,126263.97,0.27110968052760764,0,15712264
821,1,42,3,87807.29,2,1,1,64613.81,0,True,False,Middle,107191.43299999999,0.42342165304437623,0,15751926
550,0,30,4,0.0,2,1,0,89216.29,0,False,False,Young,35686.515999999996,0.35377559868447855,0,15589401
675,0,39,6,0.0,2,0,0,83419.15,0,False,False,Middle,50051.49,0.5006893142599027,1,15742019
748,1,39,3,0.0,2,1,1,123998.52,0,False,True,Middle,37199.556000000004,0.19854706830969043,0,15660611
606,1,40,9,95293.86,2,0,1,96985.58,0,True,False,Middle,182580.88199999998,0.41612664294870283,0,15607634
726,1,30,7,92847.59,1,1,0,146154.06,0,True,False,Young,195155.432,0.458502405453581,0,15595036
547,1,30,6,0.0,2,1,1,18471.86,0,False,False,Young,11083.116000000002,0.10572245853460573,0,15745794
758,1,35,5,0.0,2,1,0,95009.6,0,False,True,Middle,47504.8,0.30546504687533305,0,15781689
596,1,37,2,0.0,1,0,1,121175.86,0,False,False,Middle,24235.172000000002,0.19606832812558705,0,15696054
720,1,34,3,0.0,2,1,1,77047.78,0,False,True,Middle,23114.334000000003,0.14718910934583312,0,15752467
674,1,37,3,0.0,1,1,0,158049.9,0,False,False,Middle,47414.97,0.3544289365090565,0,15597739
756,0,32,4,0.0,2,1,0,147040.25,0,False,False,Middle,58816.100000000006,0.3564938220520749,0,15651336
649,1,78,4,68345.86,2,1,1,142566.75,0,True,False,Elder,125372.56,0.926004805088242,1,15636061
613,1,28,7,76656.4,2,1,1,185483.24,0,True,False,Young,206494.668,0.22013519857895492,0,15723013
643,1,62,9,0.0,2,0,0,155870.82,0,False,False,Elder,140283.738,0.7822569486854952,1,15784148
600,1,31,8,0.0,2,1,1,121555.51,0,False,False,Middle,97244.408,0.11283572942419404,0,15578098
735,1,39,1,60374.98,1,1,0,40223.74,0,False,True,Middle,64397.35400000001,0.4618983305570275,0,15638621
585,0,34,1,0.0,1,1,1,75503.6,0,False,False,Middle,7550.360000000001,0.2518451840556142,0,15720924
724,1,33,4,88046.88,1,0,1,186942.49,1,True,False,Middle,162823.876,0.30809546482750105,0,15566531
635,1,29,2,0.0,2,0,0,117173.8,0,False,True,Young,23434.760000000002,0.24576987268125283,0,15718064
472,1,19,9,0.0,2,1,0,3453.4,0,False,False,Young,3108.0600000000004,0.10727153755470352,0,15605067
590,1,36,1,0.0,2,1,0,48876.84,0,False,False,Middle,4887.684,0.34243352053188925,0,15655335
651,0,63,8,129968.67,1,1,1,11830.53,0,False,True,Elder,139433.094,0.7988476683446362,1,15607301
686,0,39,4,157731.6,2,1,0,162820.6,0,True,False,Middle,222859.84000000003,0.7697868944140015,1,15694628
606,1,32,6,0.0,2,0,1,36540.63,0,False,False,Middle,21924.377999999997,0.12151199690224003,0,15607112
781,1,33,3,89276.48,1,1,0,6959.0,0,False,False,Middle,91364.18,0.3256102378135605,0,15635775
593,1,45,4,138825.19,1,0,0,10828.78,0,False,False,Middle,143156.702,0.6162650439149915,1,15644280
793,1,63,4,103729.79,2,1,1,80272.06,0,False,False,Elder,135838.614,0.6417552399568417,1,15708362
791,0,31,10,75499.24,1,1,0,22184.14,0,False,False,Middle,97683.38,0.35847813567330944,0,15771997
850,1,68,5,169445.4,1,1,1,186335.07,0,False,False,Elder,262612.935,0.7714679430497788,1,15730579
698,0,57,9,111359.55,2,1,0,105715.01,0,False,False,Senior,206503.059,0.8344451637896181,1,15728005
846,0,34,10,142388.61,2,0,1,68393.64,1,False,False,Middle,210782.25,0.24602835597681533,0,15791674
765,1,42,4,123311.39,2,1,1,82868.34,0,False,False,Middle,156458.726,0.2764470431281984,0,15754599
574,1,52,7,115532.52,1,1,0,196257.67,0,False,True,Senior,252912.88900000002,0.7456907351260702,1,15693690
617,0,51,10,167273.71,1,0,0,93439.75,1,True,False,Senior,260713.46,0.9038119705210707,1,15728963
581,1,25,5,77886.53,2,1,0,150319.49,0,False,False,Young,153046.275,0.2068836954147718,0,15659710
710,1,37,6,135795.63,1,0,1,46523.6,0,True,False,Middle,163709.79,0.39548484402013806,0,15658675
550,1,32,8,97514.07,1,1,1,199138.84,0,False,False,Middle,256825.14200000002,0.17984894106783722,0,15638788
533,1,51,6,127545.56,2,0,0,79559.02,1,True,False,Senior,175280.972,0.8321718295792424,1,15609735
779,1,49,9,106160.37,1,0,0,116893.87,0,False,False,Senior,211364.853,0.6269127756376816,1,15771477
763,0,23,2,0.0,2,1,0,153983.99,0,False,False,Young,30796.798,0.21701365901009878,0,15570145
563,0,36,4,143680.47,2,1,1,63531.19,0,False,True,Middle,169092.946,0.36258096045889815,0,15797149
678,1,38,3,124483.53,1,1,0,126253.31,0,False,True,Middle,162359.523,0.4822818635331233,0,15636912
644,0,31,5,86006.3,1,1,1,73922.95,0,False,True,Middle,122967.775,0.25142811936459153,0,15687828
682,0,43,7,111094.05,2,1,1,64679.3,0,True,False,Middle,156369.56,0.5988459316513183,1,15667424
625,1,22,9,0.0,2,1,0,157072.91,0,False,False,Young,141365.619,0.13852855323337007,0,15759872
733,1,36,1,0.0,2,0,1,108377.82,0,False,True,Middle,10837.782000000001,0.17443749408291317,0,15572374
512,0,30,6,0.0,2,1,0,88827.31,0,False,False,Young,53296.386,0.352806474040421,0,15754926
642,0,41,7,115171.71,1,1,1,37674.47,0,False,False,Middle,141543.839,0.3983587398266431,0,15687431
737,0,22,10,111543.26,2,0,0,106327.85,0,True,False,Young,217871.11,0.4226234822651123,0,15604515
575,0,57,8,137936.94,1,1,1,84475.13,0,False,False,Senior,205517.044,0.720940786538832,1,15682839
543,0,37,3,122304.65,2,0,0,33998.7,0,True,False,Middle,132504.26,0.7516021333724059,1,15624677
521,1,41,8,120586.54,1,0,1,20491.15,0,True,False,Middle,136979.46,0.4767454539190856,0,15646366
637,1,32,3,0.0,2,1,1,197827.06,0,False,False,Middle,59348.117999999995,0.12223675563781387,0,15701768
714,1,40,9,46520.69,1,1,1,96687.25,0,False,False,Middle,133539.21500000003,0.21981316232444945,0,15623566
726,0,56,2,105473.74,1,1,1,46044.7,0,False,True,Senior,114682.68000000001,0.709969317274479,1,15681274
680,0,34,7,0.0,2,1,0,98949.85,0,False,True,Middle,69264.895,0.4211499120195835,0,15762573
812,1,39,5,115730.71,3,1,1,185599.34,1,True,False,Middle,208530.38,0.36508599975459155,0,15706458
757,1,30,3,145396.49,1,0,1,198341.15,0,False,True,Young,204898.835,0.17165451478449917,0,15654222
710,1,62,3,131078.42,2,1,0,119348.76,1,False,True,Elder,166883.048,0.8431956671835065,1,15704053
516,0,47,9,128298.74,1,0,0,149614.17,1,True,False,Senior,262951.493,0.878189879503388,1,15724321
803,0,40,6,165526.71,1,1,0,12328.08,0,False,False,Middle,172923.558,0.6134186517894064,1,15621815
560,0,38,5,83714.41,1,1,1,33245.97,0,False,False,Middle,100337.395,0.3497961423214417,0,15724876
679,0,36,3,0.0,2,1,1,2243.41,0,False,False,Middle,673.023,0.2447739169048197,0,15696588
526,1,32,7,125540.05,1,0,0,86786.41,0,False,False,Middle,186290.537,0.36431797379673175,0,15612832
485,1,41,2,100254.76,2,1,1,12706.67,0,False,False,Middle,102796.094,0.3002656223885119,0,15804295
625,0,36,3,0.0,2,1,0,41295.1,1,False,False,Middle,12388.529999999999,0.45652947221956397,0,15712536
773,1,43,7,138150.57,1,1,1,177357.16,0,False,True,Middle,262300.58200000005,0.3474541123120469,0,15662494
530,0,45,1,0.0,1,0,1,190663.89,1,False,False,Middle,19066.389000000003,0.44523581126083717,0,15807728
616,0,43,7,95984.21,1,0,1,115262.54,1,True,False,Middle,176667.988,0.6393185060503578,1,15764916
651,1,23,10,0.0,2,1,1,170099.23,0,False,False,Young,170099.23,0.06470764174587501,0,15615330
586,1,38,2,136858.42,1,0,1,189143.94,0,True,False,Middle,174687.208,0.45073711845781556,0,15638487
607,1,29,7,102609.0,1,1,0,163257.44,0,True,False,Young,216889.208,0.47043513876785176,0,15627859
724,1,39,3,0.0,2,0,1,95562.81,0,False,True,Middle,28668.843,0.20759402607371255,0,15622192
733,1,64,3,0.0,2,1,1,75272.63,0,False,False,Elder,22581.789000000004,0.6075354754561733,1,15789413
667,1,70,3,77356.92,2,1,1,20881.96,0,True,False,Elder,83621.508,0.8740102682348754,1,15583221
700,0,32,8,110923.15,2,1,1,161845.81,1,False,False,Middle,240399.798,0.2375992659575387,0,15768495
659,1,78,2,151675.65,1,0,1,49978.67,0,False,True,Elder,161671.384,0.9047898001356415,1,15644103
710,1,22,8,0.0,3,1,0,107292.91,0,False,True,Young,85834.32800000001,0.12842193909757849,0,15741197
760,1,37,7,0.0,1,0,0,32863.24,1,False,False,Middle,23004.268,0.3266785068790338,0,15664547
677,0,25,3,0.0,2,1,0,179608.96,0,False,False,Young,53882.688,0.2550812979289109,0,15797293
798,0,29,8,80204.11,2,1,0,70223.22,0,True,False,Young,136382.686,0.513320315220689,1,15572021
758,1,35,7,0.0,2,1,0,77951.84,0,False,False,Middle,54566.288,0.27423870414740464,0,15637461
715,1,45,4,0.0,2,1,1,55043.93,0,False,False,Middle,22017.572,0.26190425461387956,0,15620577
752,1,32,9,115587.49,2,0,1,101677.46,0,True,False,Middle,207097.20400000003,0.2688641920405195,0,15609643
586,1,46,8,106968.96,1,1,1,79366.98,1,True,False,Senior,170462.544,0.5561693622577613,1,15785358
818,1,36,4,0.0,2,1,1,8037.03,0,False,False,Middle,3214.812,0.14062269445129644,0,15603883
490,0,41,0,139659.04,1,1,1,176254.12,0,True,False,Middle,139659.04,0.651489829428235,1,15782550
610,0,69,5,86038.21,3,0,0,192743.06,1,True,False,Elder,182409.74000000002,0.9654517478116783,1,15775761
627,1,24,5,102773.2,2,1,0,56793.02,1,True,False,Young,131169.71,0.3446466936656701,0,15680201
533,0,35,8,0.0,2,1,1,187900.12,0,False,False,Middle,150320.096,0.250832573249481,0,15767594
708,0,51,8,70754.18,1,1,1,92920.04,1,False,False,Senior,145090.212,0.5532024494198057,1,15591985
681,1,59,4,122781.51,1,0,1,140166.95,0,False,False,Senior,178848.29,0.632776284547089,1,15789339
690,1,21,8,0.0,2,1,1,155782.89,0,False,False,Young,124626.31200000002,0.053801377561828595,0,15781530
656,1,68,7,153545.11,1,1,1,186574.68,0,True,False,Elder,284147.386,0.8902663635882325,1,15705174
673,1,40,1,121629.22,1,1,1,3258.6,0,False,True,Middle,121955.08,0.3183334807970804,0,15572114
806,1,36,8,167983.17,2,1,1,106714.28,0,True,False,Middle,253354.594,0.35306602096161965,0,15804009
648,0,43,7,81153.82,1,1,1,144532.85,1,False,True,Middle,182326.815,0.4578261611123593,0,15662698
501,1,35,6,99760.84,1,1,1,13591.52,0,False,False,Middle,107915.752,0.20553799409229012,0,15696047
556,0,43,4,125890.72,1,1,1,74854.97,0,True,False,Middle,155832.708,0.6656869752080201,1,15701160
627,0,27,2,0.0,2,1,0,125451.01,0,False,False,Young,25090.202,0.29562292066065443,0,15790093
652,1,31,2,119148.55,1,0,0,149740.22,0,False,False,Middle,149096.594,0.33648853300754167,0,15632143
807,0,60,1,72948.58,2,1,1,17355.36,0,True,False,Senior,74684.11600000001,0.8406699657786721,1,15736778
708,1,21,8,133974.36,2,1,0,50294.09,0,True,False,Young,174209.63199999998,0.28503201250216015,0,15734917
619,1,27,1,154483.98,1,1,0,156394.74,0,False,False,Young,170123.454,0.2885779565383405,0,15643903
601,1,40,10,98627.13,2,0,0,77977.69,0,False,False,Middle,176604.82,0.4448947647312439,0,15569526
445,1,64,2,136770.67,1,0,1,43678.06,0,False,False,Elder,145506.282,0.7644702002485108,1,15777067
800,1,39,4,95252.72,1,1,0,13906.34,0,True,False,Middle,100815.256,0.6174326793394649,1,15795511
554,1,33,3,117413.95,1,1,1,12766.74,0,False,False,Middle,121243.972,0.19723636356364008,0,15610419
714,1,54,4,137986.58,2,0,1,51308.54,1,True,False,Senior,158509.99599999998,0.6996610335938583,1,15644994
656,1,44,10,143571.52,1,0,0,127444.14,0,False,False,Middle,271015.66,0.5814214521354283,1,15703707
520,1,49,5,121197.64,1,1,0,72577.33,1,False,False,Senior,157486.305,0.6766820198155236,1,15659327
480,1,39,5,121626.9,1,1,1,82438.13,0,False,True,Middle,162845.965,0.30885816396482946,0,15771323
660,1,30,1,84440.1,2,1,1,60485.98,0,True,False,Young,90488.698,0.25283843857063376,0,15750549
532,1,36,4,0.0,2,1,1,132798.78,0,False,False,Middle,53119.512,0.16957070345322034,0,15698462
679,1,42,1,0.0,2,0,0,71823.15,0,False,False,Middle,7182.315,0.4429897134242981,0,15739692
780,0,26,3,140356.7,1,1,0,117144.15,0,False,False,Young,175499.945,0.35760548998495884,0,15744041
747,1,29,7,0.0,2,1,1,141706.43,0,False,False,Young,99194.501,0.0912057886387143,0,15700714
705,0,39,3,92224.56,1,1,1,54517.25,0,False,False,Middle,108579.735,0.36069476455830835,0,15777743
732,0,43,9,0.0,2,1,0,183147.17,0,False,False,Middle,164832.453,0.5729377195840826,1,15623143
515,1,40,10,121355.99,1,1,0,138360.29,0,False,True,Middle,259716.28000000003,0.5373764648311823,1,15712568
816,0,40,9,109003.26,1,1,1,79580.56,0,True,False,Middle,180625.764,0.533705601040159,1,15617432
641,0,48,3,147341.43,1,1,1,157458.61,1,False,False,Senior,194579.01299999998,0.5770433200891558,1,15650424
509,1,18,7,102983.91,1,1,0,171770.58,0,False,False,Young,223223.316,0.15957132953683886,0,15728829
601,0,49,4,96252.98,2,1,0,104263.82,0,True,False,Senior,137958.508,0.8658020094519332,1,15680430
527,1,39,4,0.0,2,1,0,167183.07,1,False,False,Middle,66873.228,0.3933635769833226,0,15687626
455,0,27,5,155879.09,2,0,0,70774.97,0,False,False,Young,191266.575,0.41996684851647653,0,15609187
803,1,34,4,142929.16,2,1,1,114869.56,0,True,False,Middle,188876.984,0.31512345449861195,0,15609521
553,1,32,7,64082.09,1,0,1,109159.58,0,False,False,Middle,140493.796,0.16173838089157885,0,15752626
724,0,28,5,0.0,1,1,0,59351.68,0,False,False,Young,29675.840000000004,0.3069012671108556,0,15571756
610,0,45,1,0.0,2,1,1,199657.46,0,False,False,Middle,19965.746,0.3985497015425944,0,15814040
559,0,39,2,0.0,2,1,1,121151.1,0,False,True,Middle,24230.22,0.3321379569655296,0,15658211
825,0,35,6,118336.95,1,1,0,26342.33,1,True,False,Middle,134142.348,0.6705669226995923,1,15742091
819,0,28,8,168253.21,1,1,1,102799.14,0,False,True,Young,250492.522,0.2220953795251162,0,15787168
772,0,42,0,101979.16,1,1,0,90928.48,0,True,False,Middle,101979.16,0.7973530167034165,1,15772363
685,1,23,5,164902.43,1,0,0,141152.28,0,False,True,Young,235478.57,0.25016244389345893,0,15659364
506,1,43,2,0.0,2,1,0,105568.6,0,False,False,Middle,21113.72,0.47710094628982647,0,15738980
642,1,22,10,111812.52,2,1,1,183045.46,0,True,False,Young,294857.98,0.1617663086211261,0,15794236
627,1,40,10,0.0,2,1,1,194792.42,0,False,True,Middle,194792.42000000004,0.2314965819077273,0,15721383
600,1,30,2,119755.0,1,1,1,21852.91,0,True,False,Young,124125.582,0.2971994896857963,0,15652981
653,1,46,0,119556.1,1,1,0,78250.13,1,False,False,Senior,119556.1,0.6219947550513116,1,15722731
762,0,35,3,119349.69,3,1,1,47114.18,1,False,True,Middle,133483.94400000002,0.28435376605236284,0,15640507
569,0,30,3,139528.23,1,1,1,33230.37,0,False,True,Young,149497.34100000001,0.28372934997057353,0,15578878
756,1,40,1,94773.11,1,1,0,114279.63,0,False,False,Middle,106201.073,0.4644427011971362,0,15744295
673,1,31,1,108345.22,1,0,1,38802.03,0,False,False,Middle,112225.423,0.1703365899921312,0,15776558
637,0,36,9,166939.88,1,1,1,72504.76,0,False,False,Middle,232194.164,0.33947854743847117,0,15596136
644,1,33,7,174571.36,1,0,1,43943.09,0,False,False,Middle,205331.523,0.2014047738399807,0,15704597
658,1,35,9,71829.34,1,1,1,68141.92,0,False,True,Middle,133157.068,0.1879025736123596,0,15648272
649,0,36,8,0.0,2,0,1,109179.89,0,False,False,Middle,87343.91200000001,0.24293762100980335,0,15594915
603,0,39,9,76769.68,1,0,0,48224.72,0,False,False,Middle,120171.92799999999,0.5667783894954155,1,15581115
820,0,39,1,104614.29,1,1,0,61538.43,1,False,False,Middle,110768.133,0.5834400382472347,1,15763907
712,1,27,10,0.0,1,1,0,94544.88,0,False,True,Young,94544.88,0.20011634604484485,0,15705994
645,0,31,1,128927.93,1,1,1,2850.01,0,True,False,Middle,129212.931,0.4496235939203355,0,15772421
705,0,31,9,110941.93,2,1,0,163484.8,0,True,False,Middle,258078.25,0.6090297155501394,1,15711572
590,0,29,10,99250.08,1,1,1,129629.41,0,False,True,Young,228879.49000000002,0.23309629926243047,0,15691170
631,1,36,1,0.0,2,0,0,133141.34,0,False,False,Middle,13314.134,0.3348144122782249,0,15600106
604,1,34,7,0.0,2,1,1,188078.55,0,False,False,Middle,131654.985,0.14469081792447572,0,15745431
643,1,48,8,0.0,2,1,0,174729.3,0,False,True,Senior,139783.44,0.5727771897122415,1,15649508
690,0,30,5,0.0,2,0,1,78700.03,0,False,True,Young,39350.01500000001,0.18350104247399512,0,15812611
558,1,31,7,0.0,1,1,0,198269.08,0,False,False,Middle,138788.356,0.2772863034697649,0,15619699
637,1,51,1,104682.83,1,1,0,55266.96,1,True,False,Senior,110209.526,0.8348309510905233,1,15813946
648,0,45,5,118886.55,1,0,0,51636.7,0,True,False,Middle,144704.9,0.8434257024394682,1,15762762
652,1,28,8,156823.7,2,1,0,198251.52,0,False,True,Young,315424.916,0.3091692513939436,0,15629793
808,1,39,3,124216.93,1,0,1,171442.36,0,True,False,Middle,175649.63799999998,0.42303708912986077,0,15781298
551,0,26,2,144258.52,1,1,0,49778.79,0,False,False,Young,154214.278,0.4060926309480886,0,15622658
711,1,26,9,128793.63,1,1,0,19262.05,0,True,False,Young,146129.475,0.37395685672281453,0,15658980
467,1,28,10,126315.26,1,1,0,32349.29,1,True,False,Young,158664.55,0.4492214194771164,0,15701936
789,0,40,4,0.0,2,1,0,137402.27,0,False,True,Middle,54960.907999999996,0.5279012594668553,1,15686917
602,1,33,5,0.0,2,0,1,64038.34,0,False,True,Middle,32019.17,0.14768889646888742,0,15807312
576,1,39,1,0.0,2,1,1,68814.23,0,False,False,Middle,6881.423,0.207986883480905,0,15574523
584,1,38,1,115341.55,1,0,1,173632.92,0,False,False,Middle,132704.842,0.2641129689497093,0,15724200
593,1,32,6,99162.29,1,1,0,128384.11,0,False,False,Middle,176192.756,0.33714347521054555,0,15738224
705,0,48,1,156848.13,2,1,1,99475.95,1,True,False,Senior,166795.725,0.7315069351636133,1,15593283
595,0,64,2,105736.32,1,1,1,89935.73,1,True,False,Elder,123723.46600000001,0.9053094307703348,1,15814690
699,0,41,1,200117.76,2,1,0,94142.35,0,True,False,Middle,209531.995,0.81825810940113,1,15807245
516,0,46,6,62212.29,1,0,1,171681.86,1,False,False,Senior,165221.406,0.512574145036032,1,15799358
838,1,31,2,0.0,2,1,0,8222.96,0,False,False,Middle,1644.5919999999999,0.2262076823126726,0,15616172
587,1,39,10,0.0,2,1,1,170409.45,0,False,False,Middle,170409.45,0.1993416193433015,0,15777958
750,1,38,5,151532.4,1,1,1,46555.15,0,False,False,Middle,174809.975,0.24644536660698818,0,15809124
581,1,39,1,121523.51,1,0,0,161655.55,1,True,False,Middle,137689.065,0.6827852525173207,1,15616367
484,1,41,5,0.0,1,1,1,74267.35,0,False,False,Middle,37133.675,0.24960241219329904,0,15687385
576,1,26,8,0.0,2,0,1,34101.06,0,False,True,Young,27280.847999999998,0.08599913333525418,0,15607877
567,0,46,1,68238.51,2,1,1,109572.58,0,True,False,Senior,79195.768,0.6681893774411749,1,15736327
638,1,30,9,136808.53,2,1,1,106642.97,0,False,True,Young,232787.203,0.15356050418922695,0,15746704
646,1,24,0,92398.08,1,1,1,18897.29,0,True,False,Young,92398.08,0.20240667062021497,0,15778304
658,0,40,5,143566.12,1,1,1,189607.71,0,False,False,Middle,238369.97499999998,0.4199025165233249,0,15588456
590,0,38,9,0.0,2,1,1,148750.16,0,False,True,Middle,133875.144,0.3029469606356975,0,15664035
546,1,25,7,127728.24,2,1,1,105279.74,0,False,True,Young,201424.05800000002,0.11637458876738954,0,15596405
603,0,34,9,0.0,2,1,0,167916.35,0,False,False,Middle,151124.71500000003,0.4197585935881982,0,15815097
619,0,38,10,119658.49,1,1,1,8646.58,0,False,True,Middle,128305.07,0.34968636097190786,0,15762708
678,0,34,6,0.0,2,1,1,124592.84,0,False,False,Middle,74755.70400000001,0.2113973681070512,0,15776211
459,1,26,4,149879.66,1,0,0,50016.17,0,False,False,Young,169886.128,0.2974183830968195,0,15626012
671,1,28,8,119859.52,2,1,0,125422.66,0,True,False,Young,220197.64800000002,0.41988908047424045,0,15792077
501,1,43,6,104533.24,1,0,0,81123.59,1,False,True,Middle,153207.394,0.5928653370742856,1,15718765
719,1,37,10,145382.61,1,1,0,80408.59,0,False,True,Middle,225791.19999999998,0.4404771356849727,0,15576615
681,0,37,6,121231.39,1,1,1,146366.08,0,False,True,Middle,209051.038,0.3681791546299191,0,15752650
706,1,24,2,141078.57,1,1,1,24402.87,0,False,True,Young,145959.144,0.11871444528970591,0,15797502
763,0,32,1,108465.65,2,1,0,60552.44,1,True,False,Middle,114520.894,0.6292494382796977,1,15687329
716,1,39,1,70657.61,2,1,1,76476.05,0,False,False,Middle,78305.215,0.22299615644958992,0,15779423
507,1,40,3,120105.43,1,1,0,92075.01,1,True,False,Middle,147727.933,0.7027155407188195,1,15619514
678,1,55,4,129646.91,1,1,1,184125.1,1,True,False,Senior,203296.95,0.7307404266848331,1,15615430
775,0,30,10,191091.74,2,1,1,96170.38,0,False,False,Young,287262.12,0.22388249740287877,0,15716431
544,1,38,8,0.0,1,1,1,98208.62,0,False,False,Middle,78566.896,0.19625047649436142,0,15798341
756,1,27,8,0.0,2,1,1,157932.75,0,False,False,Young,126346.20000000001,0.07941936093250919,0,15651958
757,0,43,5,131433.33,2,1,1,3497.43,1,True,False,Middle,133182.04499999998,0.604487991441066,1,15726179
742,1,33,1,137937.95,1,1,1,51387.1,0,True,False,Middle,143076.66,0.3391157719338648,0,15652999
591,1,49,3,0.0,2,1,0,50123.44,0,False,False,Senior,15037.032000000001,0.5748342910639926,1,15691950
667,1,24,4,0.0,2,0,0,180329.83,0,False,False,Young,72131.932,0.16063281836650334,0,15632446
787,1,32,4,0.0,2,1,1,13238.93,0,False,False,Middle,5295.572,0.10952998180509842,0,15620936
718,0,43,0,93143.39,1,1,0,167554.86,0,False,False,Middle,93143.39,0.6540524248876979,1,15587640
521,1,38,6,0.0,2,1,0,51454.06,0,False,False,Middle,30872.436,0.36216484578433106,0,15782231
607,1,40,1,112544.45,1,1,1,19842.22,0,False,True,Middle,114528.67199999999,0.3215678879076366,0,15580462
633,0,34,3,123034.43,2,1,1,38315.04,0,False,False,Middle,134528.94199999998,0.2863583269433424,0,15736371
588,1,37,2,0.0,2,0,1,187816.59,0,False,True,Middle,37563.318,0.19673782051481908,0,15648032
724,0,33,9,119278.44,1,1,1,197148.24,0,True,False,Middle,296711.856,0.45528075167318965,0,15610454
720,1,44,4,0.0,2,1,0,163471.01,0,False,False,Middle,65388.40400000001,0.4532079259312035,0,15671358
521,1,39,7,0.0,2,0,1,653.58,0,False,False,Middle,457.5060000000001,0.19329764708389172,0,15747130
620,1,36,7,169312.72,1,1,0,45414.09,0,False,True,Middle,201102.583,0.46221015491725653,0,15578374
505,0,33,3,106506.77,3,1,0,45445.78,1,True,False,Middle,120140.504,0.6575912156154965,1,15572182
728,0,43,8,128412.61,1,0,1,139024.31,0,False,True,Middle,239632.05800000002,0.4822668339552648,0,15770041
486,1,62,9,118356.89,2,1,0,168034.83,1,True,False,Elder,269588.237,0.9218131951319061,1,15669414
584,1,42,3,137479.13,1,1,0,25669.1,0,True,False,Middle,145179.86000000002,0.7333984920864106,1,15777054
687,0,40,1,0.0,2,1,0,8207.36,0,False,True,Middle,820.7360000000001,0.5661648488476414,1,15621021
771,1,50,3,105229.72,1,1,1,16281.68,1,False,False,Senior,110114.224,0.429609171456509,0,15785490
678,1,41,2,148088.11,1,1,0,14083.12,0,False,False,Middle,150904.734,0.5386243502111802,1,15577695
751,0,48,4,0.0,1,0,1,30165.06,1,False,False,Senior,12066.024000000001,0.46160310942442345,0,15686974
670,1,33,8,126679.69,1,1,1,39451.09,0,False,False,Middle,158240.562,0.16899279426469144,0,15574584
675,1,31,2,90826.27,2,1,0,60270.87,0,False,True,Middle,102880.444,0.31712348572627214,0,15719541
684,1,24,8,143582.89,1,1,1,22527.27,0,False,True,Young,161604.706,0.10380791133079995,0,15646310
637,0,21,10,125712.2,1,0,0,175072.47,0,False,False,Young,300784.67,0.29579177741692314,0,15697606
760,0,32,2,0.0,1,1,1,114565.35,0,False,True,Middle,22913.070000000003,0.21606123500509353,0,15711489
662,1,37,4,155187.3,1,1,0,48930.8,0,False,True,Middle,174759.62,0.48260807778638304,0,15670427
680,1,49,10,0.0,2,1,0,187008.45,0,False,False,Senior,187008.45,0.5625973785145935,1,15731755
604,1,40,5,155455.43,1,0,1,113581.85,0,False,True,Middle,212246.35499999998,0.3364192457341204,0,15796370
764,0,40,9,100480.53,1,1,0,124095.69,0,False,False,Middle,212166.651,0.5847974075273223,1,15598331
521,0,77,6,0.0,2,1,1,49054.1,0,False,False,Elder,29432.46,0.8883707560671164,1,15704795
684,0,56,3,127585.98,3,1,1,80593.49,1,True,False,Senior,151764.027,0.807691061534358,1,15796764
795,0,40,2,101891.1,1,1,1,183044.86,0,False,False,Middle,138500.07200000001,0.36646406621778677,0,15589420
678,0,61,8,0.0,2,1,1,159938.82,0,False,True,Elder,127951.05600000001,0.7090537174807805,1,15810563
589,1,38,4,0.0,1,1,0,95483.48,1,False,False,Middle,38193.392,0.38453715192014964,0,15746569
660,0,28,3,128929.88,1,1,1,198069.71,0,False,True,Young,188350.793,0.23346210989733845,0,15811594
646,1,39,6,121681.91,2,0,1,61793.47,0,True,False,Middle,158757.992,0.413916176414918,0,15645896
706,0,56,3,139603.22,1,1,1,86383.61,0,True,False,Senior,165518.303,0.8372593703473022,1,15802909
730,0,27,7,0.0,2,1,0,144099.48,0,False,False,Young,100869.63600000001,0.27443130807947486,0,15797665
606,0,36,10,0.0,2,0,1,155641.46,0,False,False,Middle,155641.46,0.25573942295911034,0,15778959
690,0,36,10,91760.11,1,1,1,135784.94,0,False,True,Middle,227545.05,0.3238909182824196,0,15722532
645,1,41,2,93925.3,1,1,0,123982.14,1,True,False,Middle,118721.728,0.6839327876145926,1,15784124
579,0,38,4,175739.36,1,1,1,193130.55,0,False,False,Middle,252991.58,0.41683295127076797,0,15776518
481,0,28,10,0.0,2,1,0,145215.96,0,False,False,Young,145215.96,0.3256291457422395,0,15611247
492,1,45,9,170295.04,2,0,0,164741.81,0,True,False,Middle,318562.669,0.7903321638845145,1,15721469
739,1,58,2,101579.28,1,1,1,72168.53,0,False,False,Senior,116012.986,0.5893185848860952,1,15773338
624,1,55,7,118793.6,1,1,1,95022.02,1,False,False,Senior,185309.01400000002,0.5450585348674962,1,15784042
682,1,44,3,115282.3,1,0,0,23766.4,0,False,False,Middle,122412.22,0.5739356446041302,1,15776229
701,0,34,6,107980.37,1,1,1,119374.74,0,False,True,Middle,179605.214,0.3023606393181412,0,15655903
718,0,44,1,133866.22,1,0,1,139049.24,0,False,False,Middle,147771.144,0.4897302939780887,0,15590177
496,0,34,1,102723.35,2,1,0,180844.81,0,False,False,Middle,120807.831,0.5075132511354338,1,15568876
543,1,41,5,0.0,2,0,1,143980.29,0,False,True,Middle,71990.145,0.25577785297364186,0,15813140
616,0,44,7,193213.02,2,1,1,137392.77,0,False,True,Middle,289387.959,0.5350145798635835,1,15770516
635,1,53,8,117005.55,1,0,1,123646.57,1,True,False,Senior,215922.806,0.697218701819616,1,15755731
652,1,31,1,132862.59,1,0,0,158054.49,0,False,True,Middle,148668.039,0.3702305776435941,0,15574480
688,1,26,0,0.0,2,1,0,105784.85,0,False,False,Young,0.0,0.1810213146533043,0,15798084
678,0,49,3,204510.94,1,0,1,738.88,1,False,False,Senior,204732.604,0.6380668684139447,1,15673020
757,1,36,1,65349.71,1,0,0,64539.64,0,True,False,Middle,71803.674,0.5745708385392574,1,15643575
667,1,36,8,139753.35,1,1,0,79871.16,0,False,False,Middle,203650.27800000002,0.40853909823451073,0,15596811
725,0,29,6,0.0,2,1,1,190776.83,0,False,False,Young,114466.098,0.15419396899630702,0,15786789
632,0,50,5,107959.39,1,1,1,6985.34,1,True,False,Senior,111452.06,0.7473155180804779,1,15578865
694,0,38,5,195926.39,1,1,1,85522.84,0,False,False,Middle,238687.81,0.4030824943483646,0,15605672
803,1,36,1,0.0,2,1,1,149370.93,0,False,False,Middle,14937.093,0.14535930018076185,0,15603674
814,0,31,6,87772.52,1,1,0,188516.45,0,False,False,Middle,200882.39,0.4102407405677367,0,15759915
611,1,38,4,71018.6,2,1,0,2444.29,0,False,False,Middle,71996.316,0.40241195840480354,0,15686219
755,1,38,4,111096.91,1,1,1,19762.88,0,True,False,Middle,119002.062,0.3921542727698077,0,15696388
425,1,40,9,166776.6,2,0,1,172646.88,0,True,False,Middle,322158.792,0.5181049967590344,1,15713604
850,0,34,6,101266.51,1,1,0,33501.98,0,False,False,Middle,121367.698,0.45007344506274954,0,15647800
677,1,18,8,134796.87,2,1,1,114858.9,0,False,True,Young,226683.99,0.0662192171327298,0,15813451
797,0,46,8,0.0,1,0,0,162668.33,0,False,False,Senior,130134.66399999999,0.642423321903092,1,15765375
692,0,43,10,118588.83,1,1,1,161241.65,1,True,False,Middle,279830.48000000004,0.6391606279394138,1,15774586
735,1,28,5,160454.15,2,0,1,114957.22,0,True,False,Young,217932.76,0.2467282597242132,0,15603454
609,1,77,1,0.0,1,0,1,18708.76,0,False,False,Elder,1870.876,0.8484958838016248,1,15653037
700,0,42,8,0.0,2,1,1,105305.72,0,False,False,Middle,84244.576,0.32069605027237186,0,15782475
526,0,36,5,91132.18,1,0,0,58111.71,0,False,True,Middle,120188.03499999999,0.5846133462427973,1,15593496
693,0,57,9,0.0,2,1,1,135502.77,0,False,True,Senior,121952.493,0.6324230705726991,1,15808971
748,0,20,7,0.0,2,0,0,10792.42,0,False,False,Young,7554.694,0.17023150913863694,0,15791972
657,1,36,8,0.0,2,0,1,123866.43,0,False,True,Middle,99093.144,0.17234991720098922,0,15676869
739,0,25,5,113113.12,1,1,0,129181.27,0,True,False,Young,177703.755,0.5120479068599098,1,15683007
784,1,23,2,0.0,1,1,1,6847.73,0,False,True,Young,1369.546,0.07445107980206696,0,15659495
744,1,41,7,190409.34,2,1,1,138361.48,0,True,False,Middle,287262.37600000005,0.4803174481045461,0,15703923
645,1,44,10,0.0,2,0,1,166707.22,0,False,False,Middle,166707.22,0.26590915960413813,0,15674000
669,0,33,9,0.0,2,0,1,107221.03,0,False,False,Middle,96498.92700000001,0.198382622545374,0,15618171
615,1,34,1,83503.11,2,1,1,73124.53,1,False,False,Middle,90815.563,0.17888355709414636,0,15732202
724,0,53,1,139687.66,2,1,1,12913.92,0,True,False,Senior,140979.052,0.7971665037796223,1,15735078
850,0,47,9,137301.87,1,1,0,44351.77,0,False,False,Senior,177218.463,0.6968715968807673,1,15798615
625,0,39,10,129845.26,1,1,1,96444.88,0,True,False,Middle,226290.14,0.5640737607004465,1,15638494
635,1,46,8,0.0,2,1,1,60739.16,0,False,True,Senior,48591.32800000001,0.29405578098888874,0,15763874
724,1,37,6,125489.4,1,1,0,118570.53,0,True,False,Middle,196631.718,0.6117488453266546,1,15696355
550,1,47,2,0.0,2,1,1,97057.28,0,False,False,Senior,19411.456000000002,0.3253787854157094,0,15655952
645,1,45,6,155417.61,1,0,1,3449.22,0,False,False,Middle,157487.142,0.37719848710413134,0,15739850
714,1,29,4,0.0,2,1,1,37605.9,0,False,True,Young,15042.36,0.10332387222711907,0,15611338
520,0,46,10,85216.61,1,1,0,117369.52,1,False,False,Senior,202586.13,0.715501347802716,1,15707861
633,1,25,1,0.0,1,1,0,100598.98,0,False,False,Young,10059.898000000001,0.18792254389070798,0,15672237
537,1,37,6,0.0,1,1,1,17802.42,0,False,False,Middle,10681.452,0.18312297836753091,0,15657771
764,1,38,4,113607.47,1,1,0,91094.46,0,False,True,Middle,150045.25400000002,0.4562495001194655,0,15677783
795,0,33,9,104552.72,1,1,1,120853.83,1,True,False,Middle,213321.16700000002,0.41194749689239724,0,15681026
573,1,44,9,0.0,2,1,0,107124.17,0,False,True,Middle,96411.75300000001,0.4903769754564524,0,15566543
702,1,44,9,0.0,1,0,0,59207.41,1,False,True,Middle,53286.66900000001,0.48606603004796195,0,15594612
740,1,33,2,126524.11,1,1,0,136869.31,0,True,False,Middle,153897.972,0.5428986412507342,1,15814664
479,1,34,5,117593.48,2,0,0,113308.29,0,False,False,Middle,174247.625,0.3911388779029794,0,15642785
627,0,33,4,83199.05,1,0,0,159334.93,0,True,False,Middle,146933.022,0.6707592958705197,1,15690164
479,1,35,4,125920.98,1,1,1,20393.44,0,False,True,Middle,134078.356,0.25133475221663687,0,15590213
623,1,48,5,118469.38,1,1,1,158590.25,0,False,False,Senior,197764.505,0.4231186408883207,0,15603794
512,0,40,8,153537.57,2,0,0,23101.13,0,True,False,Middle,172018.47400000002,0.7863184355521053,1,15733491
609,1,41,6,0.0,1,0,1,112585.19,0,False,False,Middle,67551.114,0.23975001278617908,0,15806360
518,1,42,7,151027.05,2,1,0,119377.36,0,False,False,Middle,234591.202,0.5458889138219863,1,15587133
833,0,34,3,144751.81,1,0,0,166472.81,0,False,False,Middle,194693.653,0.5092349423473171,1,15721377
758,1,26,4,155739.76,1,1,0,171552.02,0,False,False,Young,224360.56800000003,0.25312841370433187,0,15747927
611,1,27,7,0.0,2,1,1,157474.1,0,False,False,Young,110231.87,0.08757857126877276,0,15806455
583,1,33,7,122531.86,1,1,0,13549.24,0,False,False,Middle,132016.328,0.35035516309064696,0,15695474
610,1,50,1,113957.01,2,1,0,196526.55,1,True,False,Senior,133609.66499999998,0.8064335936578406,1,15666295
637,0,33,7,103377.81,1,1,0,84419.78,0,False,False,Middle,162471.656,0.47300140305236343,0,15656062
683,0,32,9,0.0,2,1,1,24991.92,0,False,False,Middle,22492.728,0.16641488561186069,0,15579969
774,1,40,9,93017.47,2,1,0,191608.97,0,False,False,Middle,265465.543,0.43689064286830337,0,15703563
677,0,58,1,90022.85,1,0,1,2988.28,0,False,False,Senior,90321.678,0.7336831412860035,1,15692664
741,1,35,6,74371.49,1,0,0,99595.67,0,False,True,Middle,134128.892,0.3803618310851056,0,15719276
498,1,42,3,152039.7,1,1,1,53445.17,1,True,False,Middle,168073.25100000002,0.54866639258671,1,15672754
655,0,46,7,137145.12,1,1,0,115146.4,1,True,False,Senior,217747.59999999998,0.8542943306390167,1,15768163
613,1,40,4,0.0,1,0,0,151325.24,0,False,False,Middle,60530.096,0.4278071273895364,0,15656710
602,1,35,7,90602.42,2,1,1,51695.41,0,True,False,Middle,126789.207,0.31555295150682056,0,15696175
659,1,36,6,123841.49,2,1,0,96833.0,0,False,False,Middle,181941.29,0.3876859387667706,0,15586914
673,1,47,1,183579.54,2,0,1,34047.54,0,True,False,Senior,186984.294,0.631546993695486,1,15581736
606,1,30,8,180307.73,2,1,1,1914.41,0,False,True,Young,181839.258,0.16141807168480132,0,15588839
775,1,30,4,0.0,2,1,0,49337.84,0,False,False,Young,19735.136,0.21075420948395343,0,15589329
841,1,28,4,0.0,2,1,1,179436.6,0,False,True,Young,71774.64,0.09002096049864322,0,15605622
714,1,33,3,35016.6,1,1,0,53667.08,0,True,False,Middle,51116.724,0.4851161502139892,0,15798964
597,0,53,4,88381.21,1,1,0,69384.71,1,False,False,Senior,116135.09400000001,0.8131253899644665,1,15769959
726,1,36,2,0.0,1,1,0,195192.4,0,False,True,Middle,39038.48,0.35151998604574713,0,15657105
644,1,28,7,155060.41,1,1,0,29179.52,0,False,False,Young,175486.07400000002,0.2795237391721233,0,15569266
800,0,29,2,0.0,2,0,0,167773.55,0,False,False,Young,33554.71,0.3068380759411657,0,15719294
771,1,39,5,0.0,2,1,0,96270.64,0,False,False,Middle,48135.32000000001,0.3469733464566364,0,15606229
516,1,35,10,57369.61,1,1,1,101699.77,0,False,False,Middle,159069.38,0.18437205120501776,0,15569892
709,0,36,7,0.0,1,0,1,42085.58,1,False,False,Middle,29459.906000000003,0.24546418892182925,0,15584532
772,1,42,3,75075.31,2,1,0,92888.52,1,True,False,Middle,102941.866,0.647020816950281,1,15682355
792,0,28,4,130142.79,1,1,0,38190.78,0,False,False,Young,145419.10199999998,0.3804542026775731,0,15628319
